,SID,Address_Exclude,Total_Population,Total_Housing_Units,Median_Household_Income_InflationAdjusted,Tenure_Total,Total_Owner_occupied,Total_Percent_Owner_occupied,Total_Renter_occupied,Total_Percent_Renter_occupied,Race_Total,Race_White,Race_Percent_White,Race_Black,Race_Percent_Black,Race_AmericanIndian_Alaskan,Race_Percent_AmericanIndian_Alaskan,Race_Asian,Race_Percent_Asian,Race_NativeHawaiian_PI,Race_Percent_NativeHawaiian_PI,Race_Other,Race_Percent_Other,Race_Twoormore,Race_Percent_Twoormore,Ethnicity_Total,Ethnicity_NotHispanicorLatino,Ethnicity_Percent_NotHispanicorLatino,Ethnicity_HispanicorLatino,Ethnicity_Percent_HispanicorLatino,PovertyStatus_Total,Total_Below_Poverty_Status,Total_Percent_Below_Poverty_Status,Below_Poverty_Status_FamilyHousehold,Below_Poverty_Status_Percent_FamilyHousehold,Below_Poverty_Status_NonFamilyHousehold,Below_Poverty_Status_Percent_NonFamilyHousehold,Total_Above_Poverty_Level,Total_Percent_Above_Poverty_Level,Above_Poverty_Level_FamilyHousehold,Above_Poverty_Level_Percent_FamilyHousehold,Above_Poverty_Level_NonFamilyHousehold,Above_Poverty_Level_Percent_NonFamilyHousehold,Occupancy_Total,Occupancy_Occupied,Occupancy_Percent_Occupied,Occupancy_Vacant,Occupancy_Percent_Vacant,Transportationtowork_Total,Transportationtowork_IndependentVehicle,Transportationtowork_Percent_IndependentVehicle,Transportationtowork_PublicTransportexcludingtaxi,Transportationtowork_Percent_PublicTransportexcludingtaxi,Transportationtowork_Walked,Transportationtowork_Percent_Walked,HouseholdType_Total,HouseholdType_MarriedCoupleFamily,HouseholdType_Percent_MarriedCoupleFamily,HouseholdType_OtherFamily,HouseholdType_Percent_OtherFamily,HouseholdType_NonFamily,HouseholdType_Percent_NonFamily,GeographicMobility_Total,GeographicMobility_Sameresidence1yr,GeographicMobility_Percent_Sameresidence1yr,GeographicMobility_Differentresidencethan1yrago,GeographicMobility_Percent_Differentresidencethan1yrago,EducationalAttainment_Total,EducationalAttainment_LessthanHS,EducationalAttainment_Percent_LessthanHS,EducationalAttainment_HSorGED,EducationalAttainment_Percent_HSorGED,EducationalAttainment_SomeCollege,EducationalAttainment_Percent_SomeCollege,EducationalAttainment_Associates,EducationalAttainment_Percent_Associates,EducationalAttainment_Bachelors,EducationalAttainment_Percent_Bachelors,EducationalAttainment_GreaterthanBachelors,EducationalAttainment_Percent_GreaterthanBachelors,Families_Total,Families_receivingpublicassisstanceincomeorSNAP,Families_percentreceivingpublicassisstanceincomeorSNAP,Families_NotreceivingpublicassisstanceincomeorSNAP,Families_PercentNotreceivingpublicassisstanceincomeorSNAP,FamilyStructure_Total,FamilyStructure_Totalpersonsinhouseholds,FamilyStructure_Totalinfamilyhouseholds,FamilyStructure_Totalnumberofhouseholdersinfamilyhouseholds,FamilyStructure_Malehouseholdersinfamilyhouseholds,FamilyStructure_PercentofMalehouseholdersinfamilyhouseholds,FamilyStructure_Femalehouseholdersinfamilyhouseholds,FamilyStructure_PercentFemalehouseholdersinfamilyhouseholds,FamilyStructure_TotalnumberofhouseholdersinNONfamilyhouseholds,FamilyStructure_MalehouseholdersinNONfamilyhouseholds,FamilyStructure_PercentMalehouseholdersinNONfamilyhouseholds,FamilyStructure_FemalehouseholdersinNONfamilyhouseholds,FamilyStructure_PercentFemalehouseholdersinNONfamilyhouseholds,Families_Total_A,Families_MarriedCoupleFamily,Families_MarriedCoupleFamilieswchildrenunder18,Families_PercentMarriedCoupleFamilieswchildrenunder18,Families_MaleHouseholder_nowife,Families_MaleHouseholder_wchildrenunder18,Families_PercentMaleHouseholder_wchildrenunder19,Families_FemaleHouseholder_nohusband,Families_FemaleHouseholder_wchildrenunder18,Families_PercentFemaleHouseholder_wchildrenunder18
0,2308.0,0.0,2125.0,785.0,52303.0,617.0,492.0,79.74068071312804,125.0,20.25931928687196,2125.0,2101.0,98.87058823529412,24.0,1.1294117647058823,0.0,0.0,0.0,0.0,0.0,0.0,0.0,0.0,0.0,0.0,2125.0,2125.0,100.0,0.0,0.0,2104.0,42.0,1.9961977186311788,18.0,42.857142857142854,24.0,57.14285714285714,2062.0,98.00380228136882,1947.0,94.42289039767216,115.0,5.5771096023278375,785.0,617.0,78.59872611464968,168.0,21.40127388535032,708.0,641.0,90.5367231638418,0.0,0.0,44.0,6.214689265536723,617.0,391.0,63.37115072933549,108.0,17.504051863857377,118.0,19.124797406807133,2125.0,1990.0,93.64705882352942,135.0,6.352941176470588,1380.0,209.0,15.144927536231883,681.0,49.34782608695652,210.0,15.217391304347828,124.0,8.985507246376812,129.0,9.347826086956522,27.0,1.956521739130435,499.0,33.0,6.613226452905812,466.0,93.3867735470942,2125.0,2104.0,1965.0,499.0,336.0,67.33466933867736,163.0,32.66533066132264,139.0,118.0,84.89208633093526,64.0,46.043165467625904,499.0,391.0,172.0,43.98976982097187,44.0,20.0,0.45454,64.0,14.0,21.875
1,2311.0,0.0,2125.0,785.0,52303.0,617.0,492.0,79.74068071312804,125.0,20.25931928687196,2125.0,2101.0,98.87058823529412,24.0,1.1294117647058823,0.0,0.0,0.0,0.0,0.0,0.0,0.0,0.0,0.0,0.0,2125.0,2125.0,100.0,0.0,0.0,2104.0,42.0,1.9961977186311788,18.0,42.857142857142854,24.0,57.14285714285714,2062.0,98.00380228136882,1947.0,94.42289039767216,115.0,5.5771096023278375,785.0,617.0,78.59872611464968,168.0,21.40127388535032,708.0,641.0,90.5367231638418,0.0,0.0,44.0,6.214689265536723,617.0,391.0,63.37115072933549,108.0,17.504051863857377,118.0,19.124797406807133,2125.0,1990.0,93.64705882352942,135.0,6.352941176470588,1380.0,209.0,15.144927536231883,681.0,49.34782608695652,210.0,15.217391304347828,124.0,8.985507246376812,129.0,9.347826086956522,27.0,1.956521739130435,499.0,33.0,6.613226452905812,466.0,93.3867735470942,2125.0,2104.0,1965.0,499.0,336.0,67.33466933867736,163.0,32.66533066132264,139.0,118.0,84.89208633093526,64.0,46.043165467625904,499.0,391.0,172.0,43.98976982097187,44.0,20.0,0.45454,64.0,14.0,21.875
2,2313.0,0.0,2125.0,785.0,52303.0,617.0,492.0,79.74068071312804,125.0,20.25931928687196,2125.0,2101.0,98.87058823529412,24.0,1.1294117647058823,0.0,0.0,0.0,0.0,0.0,0.0,0.0,0.0,0.0,0.0,2125.0,2125.0,100.0,0.0,0.0,2104.0,42.0,1.9961977186311788,18.0,42.857142857142854,24.0,57.14285714285714,2062.0,98.00380228136882,1947.0,94.42289039767216,115.0,5.5771096023278375,785.0,617.0,78.59872611464968,168.0,21.40127388535032,708.0,641.0,90.5367231638418,0.0,0.0,44.0,6.214689265536723,617.0,391.0,63.37115072933549,108.0,17.504051863857377,118.0,19.124797406807133,2125.0,1990.0,93.64705882352942,135.0,6.352941176470588,1380.0,209.0,15.144927536231883,681.0,49.34782608695652,210.0,15.217391304347828,124.0,8.985507246376812,129.0,9.347826086956522,27.0,1.956521739130435,499.0,33.0,6.613226452905812,466.0,93.3867735470942,2125.0,2104.0,1965.0,499.0,336.0,67.33466933867736,163.0,32.66533066132264,139.0,118.0,84.89208633093526,64.0,46.043165467625904,499.0,391.0,172.0,43.98976982097187,44.0,20.0,0.45454,64.0,14.0,21.875
3,2315.0,0.0,2125.0,785.0,52303.0,617.0,492.0,79.74068071312804,125.0,20.25931928687196,2125.0,2101.0,98.87058823529412,24.0,1.1294117647058823,0.0,0.0,0.0,0.0,0.0,0.0,0.0,0.0,0.0,0.0,2125.0,2125.0,100.0,0.0,0.0,2104.0,42.0,1.9961977186311788,18.0,42.857142857142854,24.0,57.14285714285714,2062.0,98.00380228136882,1947.0,94.42289039767216,115.0,5.5771096023278375,785.0,617.0,78.59872611464968,168.0,21.40127388535032,708.0,641.0,90.5367231638418,0.0,0.0,44.0,6.214689265536723,617.0,391.0,63.37115072933549,108.0,17.504051863857377,118.0,19.124797406807133,2125.0,1990.0,93.64705882352942,135.0,6.352941176470588,1380.0,209.0,15.144927536231883,681.0,49.34782608695652,210.0,15.217391304347828,124.0,8.985507246376812,129.0,9.347826086956522,27.0,1.956521739130435,499.0,33.0,6.613226452905812,466.0,93.3867735470942,2125.0,2104.0,1965.0,499.0,336.0,67.33466933867736,163.0,32.6653306613226,139.0,118.0,84.89208633093526,64.0,46.043165467625904,499.0,391.0,172.0,43.98976982097187,44.0,20.0,0.45454,64.0,14.0,21.875
4,2316.0,0.0,2125.0,785.0,52303.0,617.0,492.0,79.74068071312804,125.0,20.25931928687196,2125.0,2101.0,98.87058823529412,24.0,1.1294117647058823,0.0,0.0,0.0,0.0,0.0,0.0,0.0,0.0,0.0,0.0,2125.0,2125.0,100.0,0.0,0.0,2104.0,42.0,1.9961977186311788,18.0,42.857142857142854,24.0,57.14285714285714,2062.0,98.00380228136882,1947.0,94.42289039767216,115.0,5.5771096023278375,785.0,617.0,78.59872611464968,168.0,21.40127388535032,708.0,641.0,90.5367231638418,0.0,0.0,44.0,6.214689265536723,617.0,391.0,63.37115072933549,108.0,17.504051863857377,118.0,19.124797406807133,2125.0,1990.0,93.64705882352942,135.0,6.352941176470588,1380.0,209.0,15.144927536231883,681.0,49.34782608695652,210.0,15.217391304347828,124.0,8.985507246376812,129.0,9.347826086956522,27.0,1.956521739130435,499.0,33.0,6.613226452905812,466.0,93.3867735470942,2125.0,2104.0,1965.0,499.0,336.0,67.33466933867736,163.0,32.66533066132264,139.0,118.0,84.89208633093526,64.0,46.043165467625904,499.0,391.0,172.0,43.98976982097187,44.0,20.0,0.45454,64.0,14.0,21.875
5,2318.0,0.0,2125.0,785.0,52303.0,617.0,492.0,79.74068071312804,125.0,20.25931928687196,2125.0,2101.0,98.87058823529412,24.0,1.1294117647058823,0.0,0.0,0.0,0.0,0.0,0.0,0.0,0.0,0.0,0.0,2125.0,2125.0,100.0,0.0,0.0,2104.0,42.0,1.9961977186311788,18.0,42.857142857142854,24.0,57.14285714285714,2062.0,98.00380228136882,1947.0,94.42289039767216,115.0,5.5771096023278375,785.0,617.0,78.59872611464968,168.0,21.40127388535032,708.0,641.0,90.5367231638418,0.0,0.0,44.0,6.214689265536723,617.0,391.0,63.37115072933549,108.0,17.504051863857377,118.0,19.124797406807133,2125.0,1990.0,93.64705882352942,135.0,6.352941176470588,1380.0,209.0,15.144927536231883,681.0,49.34782608695652,210.0,15.217391304347828,124.0,8.985507246376812,129.0,9.347826086956522,27.0,1.956521739130435,499.0,33.0,6.613226452905812,466.0,93.3867735470942,2125.0,2104.0,1965.0,499.0,336.0,67.33466933867736,163.0,32.66533066132264,139.0,118.0,84.89208633093526,64.0,46.043165467625904,499.0,391.0,172.0,43.98976982097187,44.0,20.0,0.45454,64.0,14.0,21.875
6,2319.0,0.0,2125.0,785.0,52303.0,617.0,492.0,79.74068071312804,125.0,20.25931928687196,2125.0,2101.0,98.87058823529412,24.0,1.1294117647058823,0.0,0.0,0.0,0.0,0.0,0.0,0.0,0.0,0.0,0.0,2125.0,2125.0,100.0,0.0,0.0,2104.0,42.0,1.9961977186311788,18.0,42.857142857142854,24.0,57.14285714285714,2062.0,98.00380228136882,1947.0,94.42289039767216,115.0,5.5771096023278375,785.0,617.0,78.59872611464968,168.0,21.40127388535032,708.0,641.0,90.5367231638418,0.0,0.0,44.0,6.214689265536723,617.0,391.0,63.37115072933549,108.0,17.504051863857377,118.0,19.124797406807133,2125.0,1990.0,93.64705882352942,135.0,6.352941176470588,1380.0,209.0,15.144927536231883,681.0,49.34782608695652,210.0,15.217391304347828,124.0,8.985507246376812,129.0,9.347826086956522,27.0,1.956521739130435,499.0,33.0,6.613226452905812,466.0,93.3867735470942,2125.0,2104.0,1965.0,499.0,336.0,67.33466933867736,163.0,32.66533066132264,139.0,118.0,84.89208633093526,64.0,46.043165467625904,499.0,391.0,172.0,43.98976982097187,44.0,20.0,0.45454,64.0,14.0,21.875
7,2302.0,0.0,2455.0,1057.0,44296.0,830.0,711.0,85.66265060240964,119.0,14.337349397590362,2455.0,2176.0,88.63543788187373,260.0,10.590631364562118,0.0,0.0,0.0,0.0,0.0,0.0,0.0,0.0,19.0,0.7739307535641547,2455.0,2403.0,97.88187372708758,52.0,2.1181262729124235,2455.0,423.0,17.230142566191446,343.0,81.08747044917257,80.0,18.912529550827422,2032.0,82.76985743380855,1824.0,89.76377952755905,208.0,10.236220472440944,1057.0,830.0,78.52412488174078,227.0,21.475875118259225,866.0,843.0,97.34411085450347,0.0,0.0,0.0,0.0,830.0,443.0,53.37349397590362,136.0,16.3855421686747,251.0,30.240963855421686,2447.0,2218.0,90.64160196158562,229.0,9.358398038414386,1869.0,323.0,17.281968967362225,868.0,46.441947565543074,353.0,18.887105403959335,73.0,3.9058319957196366,171.0,9.149277688603531,81.0,4.333868378812198,579.0,77.0,13.298791018998275,502.0,86.70120898100173,2455.0,2455.0,2167.0,579.0,424.0,73.22970639032815,155.0,26.770293609671846,288.0,251.0,87.15277777777779,130.0,45.13888888888889,579.0,443.0,165.0,37.24604966139955,40.0,3.0,0.075,96.0,22.0,22.916666666666664
8,2303.0,0.0,2455.0,1057.0,44296.0,830.0,711.0,85.66265060240964,119.0,14.337349397590362,2455.0,2176.0,88.63543788187373,260.0,10.590631364562118,0.0,0.0,0.0,0.0,0.0,0.0,0.0,0.0,19.0,0.7739307535641547,2455.0,2403.0,97.88187372708758,52.0,2.1181262729124235,2455.0,423.0,17.230142566191446,343.0,81.08747044917257,80.0,18.912529550827422,2032.0,82.76985743380855,1824.0,89.76377952755905,208.0,10.236220472440944,1057.0,830.0,78.52412488174078,227.0,21.475875118259225,866.0,843.0,97.34411085450347,0.0,0.0,0.0,0.0,830.0,443.0,53.37349397590362,136.0,16.3855421686747,251.0,30.240963855421686,2447.0,2218.0,90.64160196158562,229.0,9.358398038414386,1869.0,323.0,17.281968967362225,868.0,46.441947565543074,353.0,18.887105403959335,73.0,3.9058319957196366,171.0,9.149277688603531,81.0,4.333868378812198,579.0,77.0,13.298791018998275,502.0,86.70120898100173,2455.0,2455.0,2167.0,579.0,424.0,73.22970639032815,155.0,26.770293609671846,288.0,251.0,87.15277777777779,130.0,45.13888888888889,579.0,443.0,165.0,37.24604966139955,40.0,3.0,0.075,96.0,22.0,22.916666666666664
9,2306.0,0.0,2455.0,1057.0,44296.0,830.0,711.0,85.66265060240964,119.0,14.337349397590362,2455.0,2176.0,88.63543788187373,260.0,10.590631364562118,0.0,0.0,0.0,0.0,0.0,0.0,0.0,0.0,19.0,0.7739307535641547,2455.0,2403.0,97.88187372708758,52.0,2.1181262729124235,2455.0,423.0,17.230142566191446,343.0,81.08747044917257,80.0,18.912529550827422,2032.0,82.76985743380855,1824.0,89.76377952755905,208.0,10.236220472440944,1057.0,830.0,78.52412488174078,227.0,21.475875118259225,866.0,843.0,97.34411085450347,0.0,0.0,0.0,0.0,830.0,443.0,53.37349397590362,136.0,16.3855421686747,251.0,30.240963855421686,2447.0,2218.0,90.64160196158562,229.0,9.358398038414386,1869.0,323.0,17.281968967362225,868.0,46.441947565543074,353.0,18.887105403959335,73.0,3.9058319957196366,171.0,9.149277688603531,81.0,4.333868378812198,579.0,77.0,13.298791018998275,502.0,86.70120898100173,2455.0,2455.0,2167.0,579.0,424.0,73.22970639032815,155.0,26.770293609671846,288.0,251.0,87.15277777777779,130.0,45.13888888888889,579.0,443.0,165.0,37.24604966139955,40.0,3.0,0.075,96.0,22.0,22.916666666666664
10,2307.0,0.0,2455.0,1057.0,44296.0,830.0,711.0,85.66265060240964,119.0,14.337349397590362,2455.0,2176.0,88.63543788187373,260.0,10.590631364562118,0.0,0.0,0.0,0.0,0.0,0.0,0.0,0.0,19.0,0.7739307535641547,2455.0,2403.0,97.88187372708758,52.0,2.1181262729124235,2455.0,423.0,17.230142566191446,343.0,81.08747044917257,80.0,18.912529550827422,2032.0,82.76985743380855,1824.0,89.76377952755905,208.0,10.236220472440944,1057.0,830.0,78.52412488174078,227.0,21.475875118259225,866.0,843.0,97.34411085450347,0.0,0.0,0.0,0.0,830.0,443.0,53.37349397590362,136.0,16.3855421686747,251.0,30.240963855421686,2447.0,2218.0,90.64160196158562,229.0,9.358398038414386,1869.0,323.0,17.281968967362225,868.0,46.441947565543074,353.0,18.887105403959335,73.0,3.9058319957196366,171.0,9.149277688603531,81.0,4.333868378812198,579.0,77.0,13.298791018998275,502.0,86.70120898100173,2455.0,2455.0,2167.0,579.0,424.0,73.22970639032815,155.0,26.770293609671846,288.0,251.0,87.15277777777779,130.0,45.13888888888889,579.0,443.0,165.0,37.24604966139955,40.0,3.0,0.075,96.0,22.0,22.916666666666664
11,2314.0,0.0,2455.0,1057.0,44296.0,830.0,711.0,85.66265060240964,119.0,14.337349397590362,2455.0,2176.0,88.63543788187373,260.0,10.590631364562118,0.0,0.0,0.0,0.0,0.0,0.0,0.0,0.0,19.0,0.7739307535641547,2455.0,2403.0,97.88187372708758,52.0,2.1181262729124235,2455.0,423.0,17.230142566191446,343.0,81.08747044917257,80.0,18.912529550827422,2032.0,82.76985743380855,1824.0,89.76377952755905,208.0,10.236220472440944,1057.0,830.0,78.52412488174078,227.0,21.475875118259225,866.0,843.0,97.34411085450347,0.0,0.0,0.0,0.0,830.0,443.0,53.37349397590362,136.0,16.3855421686747,251.0,30.240963855421686,2447.0,2218.0,90.64160196158562,229.0,9.358398038414386,1869.0,323.0,17.281968967362225,868.0,46.441947565543074,353.0,18.887105403959335,73.0,3.9058319957196366,171.0,9.149277688603531,81.0,4.333868378812198,579.0,77.0,13.298791018998275,502.0,86.70120898100173,2455.0,2455.0,2167.0,579.0,424.0,73.22970639032815,155.0,26.770293609671846,288.0,251.0,87.15277777777779,130.0,45.13888888888889,579.0,443.0,165.0,37.24604966139955,40.0,3.0,0.075,96.0,22.0,22.916666666666664
12,2304.0,0.0,1073.0,651.0,41310.0,444.0,280.0,63.06306306306306,164.0,36.93693693693694,1073.0,1045.0,97.39049394221809,28.0,2.60950605778192,0.0,0.0,0.0,0.0,0.0,0.0,0.0,0.0,0.0,0.0,1073.0,1055.0,98.3224603914259,18.0,1.6775396085740912,1073.0,223.0,20.782851817334578,108.0,48.4304932735426,115.0,51.569506726457405,850.0,79.21714818266543,738.0,86.82352941176471,112.0,13.176470588235295,651.0,444.0,68.20276497695853,207.0,31.797235023041477,376.0,340.0,90.42553191489363,0.0,0.0,0.0,0.0,444.0,238.0,53.6036036036036,48.0,10.81081081081081,158.0,35.585585585585584,1047.0,872.0,83.28557784145177,175.0,16.714422158548235,754.0,205.0,27.18832891246684,363.0,48.143236074270554,116.0,15.384615384615385,19.0,2.519893899204244,37.0,4.907161803713528,14.0,1.8567639257294428,286.0,48.0,16.783216783216783,238.0,83.21678321678321,1073.0,1073.0,846.0,286.0,211.0,73.77622377622379,75.0,26.223776223776223,227.0,158.0,69.60352422907489,67.0,29.515418502202646,286.0,238.0,61.0,25.630252100840334,32.0,32.0,1.0,16.0,4.0,25.0
13,2309.0,0.0,1073.0,651.0,41310.0,444.0,280.0,63.06306306306306,164.0,36.93693693693694,1073.0,1045.0,97.39049394221809,28.0,2.60950605778192,0.0,0.0,0.0,0.0,0.0,0.0,0.0,0.0,0.0,0.0,1073.0,1055.0,98.3224603914259,18.0,1.6775396085740912,1073.0,223.0,20.782851817334578,108.0,48.4304932735426,115.0,51.569506726457405,850.0,79.21714818266543,738.0,86.82352941176471,112.0,13.176470588235295,651.0,444.0,68.20276497695853,207.0,31.797235023041477,376.0,340.0,90.42553191489363,0.0,0.0,0.0,0.0,444.0,238.0,53.6036036036036,48.0,10.81081081081081,158.0,35.585585585585584,1047.0,872.0,83.28557784145177,175.0,16.714422158548235,754.0,205.0,27.18832891246684,363.0,48.143236074270554,116.0,15.384615384615385,19.0,2.519893899204244,37.0,4.907161803713528,14.0,1.8567639257294428,286.0,48.0,16.783216783216783,238.0,83.21678321678321,1073.0,1073.0,846.0,286.0,211.0,73.77622377622379,75.0,26.223776223776223,227.0,158.0,69.60352422907489,67.0,29.515418502202646,286.0,238.0,61.0,25.630252100840334,32.0,32.0,1.0,16.0,4.0,25.0
14,2321.0,0.0,1073.0,651.0,41310.0,444.0,280.0,63.06306306306306,164.0,36.93693693693694,1073.0,1045.0,97.39049394221809,28.0,2.60950605778192,0.0,0.0,0.0,0.0,0.0,0.0,0.0,0.0,0.0,0.0,1073.0,1055.0,98.3224603914259,18.0,1.6775396085740912,1073.0,223.0,20.782851817334578,108.0,48.4304932735426,115.0,51.569506726457405,850.0,79.21714818266543,738.0,86.82352941176471,112.0,13.176470588235295,651.0,444.0,68.20276497695853,207.0,31.797235023041477,376.0,340.0,90.42553191489363,0.0,0.0,0.0,0.0,444.0,238.0,53.6036036036036,48.0,10.81081081081081,158.0,35.585585585585584,1047.0,872.0,83.28557784145177,175.0,16.714422158548235,754.0,205.0,27.18832891246684,363.0,48.143236074270554,116.0,15.384615384615385,19.0,2.519893899204244,37.0,4.907161803713528,14.0,1.8567639257294428,286.0,48.0,16.783216783216783,238.0,83.21678321678321,1073.0,1073.0,846.0,286.0,211.0,73.77622377622379,75.0,26.223776223776223,227.0,158.0,69.60352422907489,67.0,29.515418502202646,286.0,238.0,61.0,25.630252100840334,32.0,32.0,1.0,16.0,4.0,25.0
15,2305.0,0.0,2513.0,829.0,67404.0,712.0,448.0,62.92134831460674,264.0,37.07865168539326,2513.0,2435.0,96.89614007162753,45.0,1.7906884202148827,0.0,0.0,0.0,0.0,0.0,0.0,0.0,0.0,33.0,1.3131715081575805,2513.0,2344.0,93.27497015519299,169.0,6.725029844807004,2490.0,551.0,22.128514056224898,480.0,87.11433756805808,71.0,12.885662431941924,1939.0,77.8714859437751,1811.0,93.39865910263022,128.0,6.601340897369779,829.0,712.0,85.88661037394452,117.0,14.11338962605549,1174.0,1162.0,98.9778534923339,0.0,0.0,0.0,0.0,712.0,405.0,56.88202247191011,118.0,16.573033707865168,189.0,26.54494382022472,2485.0,2159.0,86.88128772635815,326.0,13.118712273641849,1569.0,65.0,4.1427660930529,953.0,60.739324410452525,326.0,20.777565328234544,96.0,6.118546845124283,109.0,6.9471000637348626,20.0,1.2746972594008923,523.0,33.0,6.309751434034416,490.0,93.69024856596559,2513.0,2490.0,2291.0,523.0,357.0,68.26003824091778,166.0,31.73996175908222,227.0,158.0,69.60352422907489,67.0,29.515418502202646,523.0,405.0,200.0,49.382716049382715,20.0,0.0,0.0,98.0,40.0,40.816326530612244
16,2317.0,0.0,2513.0,829.0,67404.0,712.0,448.0,62.92134831460674,264.0,37.07865168539326,2513.0,2435.0,96.89614007162753,45.0,1.7906884202148827,0.0,0.0,0.0,0.0,0.0,0.0,0.0,0.0,33.0,1.3131715081575805,2513.0,2344.0,93.27497015519299,169.0,6.725029844807004,2490.0,551.0,22.128514056224898,480.0,87.11433756805808,71.0,12.885662431941924,1939.0,77.8714859437751,1811.0,93.39865910263022,128.0,6.601340897369779,829.0,712.0,85.88661037394452,117.0,14.11338962605549,1174.0,1162.0,98.9778534923339,0.0,0.0,0.0,0.0,712.0,405.0,56.88202247191011,118.0,16.573033707865168,189.0,26.54494382022472,2485.0,2159.0,86.88128772635815,326.0,13.118712273641849,1569.0,65.0,4.1427660930529,953.0,60.739324410452525,326.0,20.777565328234544,96.0,6.118546845124283,109.0,6.9471000637348626,20.0,1.2746972594008923,523.0,33.0,6.309751434034416,490.0,93.69024856596559,2513.0,2490.0,2291.0,523.0,357.0,68.26003824091778,166.0,31.73996175908222,227.0,158.0,69.60352422907489,67.0,29.515418502202646,523.0,405.0,200.0,49.382716049382715,20.0,0.0,0.0,98.0,40.0,40.816326530612244
17,2323.0,0.0,2513.0,829.0,67404.0,712.0,448.0,62.92134831460674,264.0,37.07865168539326,2513.0,2435.0,96.89614007162753,45.0,1.7906884202148827,0.0,0.0,0.0,0.0,0.0,0.0,0.0,0.0,33.0,1.3131715081575805,2513.0,2344.0,93.27497015519299,169.0,6.725029844807004,2490.0,551.0,22.128514056224898,480.0,87.11433756805808,71.0,12.885662431941924,1939.0,77.8714859437751,1811.0,93.39865910263022,128.0,6.601340897369779,829.0,712.0,85.88661037394452,117.0,14.11338962605549,1174.0,1162.0,98.9778534923339,0.0,0.0,0.0,0.0,712.0,405.0,56.88202247191011,118.0,16.573033707865168,189.0,26.54494382022472,2485.0,2159.0,86.88128772635815,326.0,13.118712273641849,1569.0,65.0,4.1427660930529,953.0,60.739324410452525,326.0,20.777565328234544,96.0,6.118546845124283,109.0,6.9471000637348626,20.0,1.2746972594008923,523.0,33.0,6.309751434034416,490.0,93.69024856596559,2513.0,2490.0,2291.0,523.0,357.0,68.26003824091778,166.0,31.73996175908222,227.0,158.0,69.60352422907489,67.0,29.515418502202646,523.0,405.0,200.0,49.382716049382715,20.0,0.0,0.0,98.0,40.0,40.816326530612244
18,2301.0,0.0,1967.0,893.0,53750.0,660.0,601.0,91.06060606060606,59.0,8.93939393939394,1967.0,1702.0,86.52770716827656,257.0,13.065582104728012,0.0,0.0,0.0,0.0,0.0,0.0,0.0,0.0,8.0,0.4067107269954245,1967.0,1967.0,100.0,0.0,0.0,1967.0,200.0,10.167768174885612,181.0,90.5,19.0,9.5,1767.0,89.83223182511438,1636.0,92.58630447085456,131.0,7.4136955291454445,893.0,660.0,73.90817469204927,233.0,26.091825307950728,813.0,785.0,96.5559655596556,13.0,1.5990159901599015,0.0,0.0,660.0,433.0,65.6060606060606,77.0,11.666666666666666,150.0,22.727272727272727,1962.0,1898.0,96.73802242609581,64.0,3.2619775739041796,1392.0,27.0,1.9396551724137931,699.0,50.21551724137932,399.0,28.663793103448278,73.0,5.244252873563219,86.0,6.17816091954023,108.0,7.758620689655173,510.0,61.0,11.96078431372549,449.0,88.0392156862745,1967.0,1967.0,1817.0,510.0,282.0,55.294117647058826,228.0,44.70588235294118,84.0,72.0,85.71428571428571,49.0,58.333333333333336,510.0,433.0,215.0,49.65357967667436,0.0,0.0,999.0,77.0,25.0,32.467532467532465
19,2312.0,0.0,1967.0,893.0,53750.0,660.0,601.0,91.06060606060606,59.0,8.93939393939394,1967.0,1702.0,86.52770716827656,257.0,13.065582104728012,0.0,0.0,0.0,0.0,0.0,0.0,0.0,0.0,8.0,0.4067107269954245,1967.0,1967.0,100.0,0.0,0.0,1967.0,200.0,10.167768174885612,181.0,90.5,19.0,9.5,1767.0,89.83223182511438,1636.0,92.58630447085456,131.0,7.4136955291454445,893.0,660.0,73.90817469204927,233.0,26.091825307950728,813.0,785.0,96.5559655596556,13.0,1.5990159901599015,0.0,0.0,660.0,433.0,65.6060606060606,77.0,11.666666666666666,150.0,22.727272727272727,1962.0,1898.0,96.73802242609581,64.0,3.2619775739041796,1392.0,27.0,1.9396551724137931,699.0,50.21551724137932,399.0,28.663793103448278,73.0,5.244252873563219,86.0,6.17816091954023,108.0,7.758620689655173,510.0,61.0,11.96078431372549,449.0,88.0392156862745,1967.0,1967.0,1817.0,510.0,282.0,55.294117647058826,228.0,44.70588235294118,84.0,72.0,85.71428571428571,49.0,58.333333333333336,510.0,433.0,215.0,49.65357967667436,0.0,0.0,999.0,77.0,25.0,32.467532467532465
20,1808.0,0.0,1484.0,898.0,67546.0,542.0,504.0,92.98892988929889,38.0,7.011070110701106,1484.0,1340.0,90.29649595687331,144.0,9.703504043126685,0.0,0.0,0.0,0.0,0.0,0.0,0.0,0.0,0.0,0.0,1484.0,1484.0,100.0,0.0,0.0,1484.0,177.0,11.92722371967655,177.0,100.0,0.0,0.0,1307.0,88.07277628032345,1238.0,94.72073450650345,69.0,5.279265493496557,898.0,542.0,60.35634743875279,356.0,39.643652561247215,693.0,660.0,95.23809523809523,0.0,0.0,0.0,0.0,542.0,358.0,66.05166051660517,115.0,21.217712177121772,69.0,12.730627306273062,1484.0,1357.0,91.44204851752022,99.0,6.671159029649595,1124.0,71.0,6.316725978647687,498.0,44.30604982206406,259.0,23.04270462633452,144.0,12.811387900355871,91.0,8.09608540925267,61.0,5.427046263345195,473.0,49.0,10.359408033826638,424.0,89.64059196617336,1484.0,1484.0,1415.0,473.0,323.0,68.28752642706131,150.0,31.712473572938688,69.0,69.0,100.0,55.0,79.71014492753623,473.0,358.0,20.0,5.58659217877095,16.0,0.0,0.0,99.0,0.0,0.0
21,2310.0,0.0,807.0,386.0,22037.0,359.0,291.0,81.05849582172702,68.0,18.94150417827298,807.0,425.0,52.66418835192069,337.0,41.759603469640645,0.0,0.0,0.0,0.0,0.0,0.0,0.0,0.0,45.0,5.5762081784386615,807.0,807.0,100.0,0.0,0.0,807.0,31.0,3.841387856257745,0.0,0.0,31.0,100.0,776.0,96.15861214374225,665.0,85.69587628865979,111.0,14.304123711340205,386.0,359.0,93.00518134715026,27.0,6.994818652849741,281.0,281.0,100.0,0.0,0.0,0.0,0.0,359.0,101.0,28.133704735376046,116.0,32.31197771587744,142.0,39.55431754874652,807.0,776.0,96.15861214374225,31.0,3.841387856257745,462.0,119.0,25.757575757575758,142.0,30.735930735930733,151.0,32.683982683982684,27.0,5.844155844155844,0.0,0.0,23.0,4.978354978354979,217.0,116.0,53.45622119815668,101.0,46.54377880184332,807.0,807.0,665.0,217.0,52.0,23.963133640552993,165.0,76.036866359447,142.0,142.0,100.0,98.0,69.01408450704226,217.0,101.0,23.0,22.772277227722775,16.0,0.0,0.0,100.0,0.0,0.0
22,1414.0,0.0,754.0,304.0,31635.0,264.0,64.0,24.242424242424242,200.0,75.75757575757575,754.0,79.0,10.477453580901857,575.0,76.25994694960212,0.0,0.0,0.0,0.0,0.0,0.0,92.0,12.20159151193634,8.0,1.0610079575596816,754.0,654.0,86.73740053050398,100.0,13.262599469496022,641.0,127.0,19.81279251170047,58.0,45.66929133858268,69.0,54.330708661417326,514.0,80.18720748829952,430.0,83.65758754863813,84.0,16.342412451361866,304.0,264.0,86.8421052631579,40.0,13.157894736842104,349.0,322.0,92.26361031518626,0.0,0.0,12.0,3.4383954154727796,264.0,87.0,32.95454545454545,75.0,28.40909090909091,102.0,38.63636363636363,683.0,414.0,60.61493411420204,269.0,39.38506588579795,477.0,54.0,11.320754716981133,158.0,33.123689727463315,172.0,36.058700209643604,86.0,18.029350104821802,0.0,0.0,7.0,1.4675052410901468,162.0,25.0,15.432098765432098,137.0,84.5679012345679,754.0,703.0,488.0,162.0,71.0,43.82716049382716,91.0,56.17283950617284,109.0,109.0,100.0,0.0,0.0,162.0,87.0,38.0,43.67816091954023,20.0,0.0,0.0,55.0,20.0,36.36363636363637
23,2110.0,0.0,400.0,296.0,41574.0,192.0,65.0,33.85416666666667,127.0,66.14583333333334,400.0,87.0,21.75,306.0,76.5,0.0,0.0,0.0,0.0,0.0,0.0,0.0,0.0,7.0,1.7500000000000002,400.0,393.0,98.25,7.0,1.7500000000000002,400.0,23.0,5.75,23.0,100.0,0.0,0.0,377.0,94.25,304.0,80.63660477453581,73.0,19.363395225464192,296.0,192.0,64.86486486486487,104.0,35.13513513513514,235.0,235.0,100.0,0.0,0.0,0.0,0.0,192.0,53.0,27.604166666666668,66.0,34.375,73.0,38.02083333333333,400.0,361.0,90.25,39.0,9.75,360.0,89.0,24.72222222222222,157.0,43.611111111111114,62.0,17.22222222222222,52.0,14.444444444444443,0.0,0.0,0.0,0.0,119.0,25.0,21.008403361344538,94.0,78.99159663865547,400.0,400.0,327.0,119.0,26.0,21.84873949579832,93.0,78.15126050420169,109.0,109.0,100.0,0.0,0.0,119.0,53.0,9.0,16.9811320754717,0.0,0.0,999.0,66.0,18.0,27.27272727272727
24,2016.0,0.0,654.0,569.0,25125.0,407.0,248.0,60.93366093366094,159.0,39.06633906633907,654.0,21.0,3.211009174311927,633.0,96.78899082568807,0.0,0.0,0.0,0.0,0.0,0.0,0.0,0.0,0.0,0.0,654.0,654.0,100.0,0.0,0.0,654.0,82.0,12.538226299694188,0.0,0.0,82.0,100.0,572.0,87.46177370030581,393.0,68.7062937062937,179.0,31.293706293706293,569.0,407.0,71.52899824253075,162.0,28.471001757469246,260.0,227.0,87.3076923076923,33.0,12.692307692307692,0.0,0.0,407.0,33.0,8.108108108108109,129.0,31.695331695331696,245.0,60.1965601965602,654.0,523.0,79.96941896024465,122.0,18.654434250764528,635.0,106.0,16.69291338582677,162.0,25.511811023622048,170.0,26.77165354330709,157.0,24.7244094488189,27.0,4.251968503937007,13.0,2.047244094488189,162.0,37.0,22.839506172839506,125.0,77.1604938271605,654.0,654.0,393.0,162.0,38.0,23.456790123456788,124.0,76.5432098765432,154.0,136.0,88.31168831168831,65.0,42.2077922077922,162.0,33.0,0.0,0.0,16.0,8.0,0.5,113.0,9.0,7.964601769911504
25,1514.0,0.0,494.0,422.0,,271.0,196.0,72.32472324723247,75.0,27.67527675276753,494.0,0.0,0.0,494.0,100.0,0.0,0.0,0.0,0.0,0.0,0.0,0.0,0.0,0.0,0.0,494.0,494.0,100.0,0.0,0.0,494.0,119.0,24.089068825910932,71.0,59.66386554621849,48.0,40.33613445378151,375.0,75.91093117408907,272.0,72.53333333333333,103.0,27.46666666666667,422.0,271.0,64.21800947867298,151.0,35.78199052132701,208.0,164.0,78.84615384615384,0.0,0.0,19.0,9.134615384615383,271.0,31.0,11.439114391143912,89.0,32.84132841328413,151.0,55.71955719557196,494.0,480.0,97.16599190283401,0.0,0.0,482.0,101.0,20.95435684647303,181.0,37.551867219917014,109.0,22.61410788381743,25.0,5.186721991701245,48.0,9.95850622406639,18.0,3.7344398340248963,120.0,38.0,31.666666666666664,82.0,68.33333333333333,494.0,494.0,343.0,120.0,54.0,45.0,66.0,55.00000000000001,154.0,136.0,88.31168831168831,65.0,42.2077922077922,120.0,31.0,0.0,0.0,54.0,0.0,0.0,35.0,0.0,0.0
26,1513.0,0.0,388.0,297.0,18191.0,205.0,43.0,20.975609756097562,162.0,79.02439024390245,388.0,0.0,0.0,388.0,100.0,0.0,0.0,0.0,0.0,0.0,0.0,0.0,0.0,0.0,0.0,388.0,388.0,100.0,0.0,0.0,388.0,146.0,37.628865979381445,69.0,47.26027397260274,77.0,52.73972602739726,242.0,62.371134020618555,178.0,73.55371900826447,64.0,26.446280991735538,297.0,205.0,69.02356902356902,92.0,30.976430976430976,94.0,52.0,55.319148936170215,31.0,32.97872340425532,0.0,0.0,205.0,18.0,8.780487804878048,79.0,38.53658536585366,108.0,52.6829268292683,388.0,368.0,94.84536082474226,20.0,5.154639175257731,337.0,42.0,12.462908011869436,218.0,64.68842729970326,77.0,22.8486646884273,0.0,0.0,0.0,0.0,0.0,0.0,97.0,30.0,30.927835051546392,67.0,69.0721649484536,388.0,388.0,247.0,97.0,57.0,58.76288659793815,40.0,41.23711340206185,154.0,136.0,88.31168831168831,65.0,42.2077922077922,97.0,18.0,0.0,0.0,47.0,9.0,0.19148,32.0,13.0,40.625
27,1502.0,0.0,646.0,445.0,21477.0,386.0,193.0,50.0,193.0,50.0,646.0,0.0,0.0,646.0,100.0,0.0,0.0,0.0,0.0,0.0,0.0,0.0,0.0,0.0,0.0,646.0,646.0,100.0,0.0,0.0,646.0,118.0,18.26625386996904,63.0,53.38983050847458,55.0,46.61016949152542,528.0,81.73374613003097,288.0,54.54545454545454,240.0,45.45454545454545,445.0,386.0,86.74157303370787,59.0,13.258426966292136,303.0,281.0,92.73927392739274,0.0,0.0,0.0,0.0,386.0,38.0,9.844559585492227,82.0,21.243523316062177,266.0,68.9119170984456,646.0,570.0,88.23529411764706,76.0,11.76470588235294,565.0,92.0,16.283185840707965,176.0,31.150442477876105,248.0,43.89380530973451,35.0,6.1946902654867255,14.0,2.47787610619469,0.0,0.0,120.0,26.0,21.666666666666668,94.0,78.33333333333333,646.0,646.0,351.0,120.0,31.0,25.833333333333336,89.0,74.16666666666667,154.0,136.0,88.31168831168831,65.0,42.2077922077922,120.0,38.0,0.0,0.0,0.0,0.0,999.0,82.0,46.0,56.09756097560976
28,1511.0,0.0,646.0,445.0,21477.0,386.0,193.0,50.0,193.0,50.0,646.0,0.0,0.0,646.0,100.0,0.0,0.0,0.0,0.0,0.0,0.0,0.0,0.0,0.0,0.0,646.0,646.0,100.0,0.0,0.0,646.0,118.0,18.26625386996904,63.0,53.38983050847458,55.0,46.61016949152542,528.0,81.73374613003097,288.0,54.54545454545454,240.0,45.45454545454545,445.0,386.0,86.74157303370787,59.0,13.258426966292136,303.0,281.0,92.73927392739274,0.0,0.0,0.0,0.0,386.0,38.0,9.844559585492227,82.0,21.243523316062177,266.0,68.9119170984456,646.0,570.0,88.23529411764706,76.0,11.76470588235294,565.0,92.0,16.283185840707965,176.0,31.150442477876105,248.0,43.89380530973451,35.0,6.1946902654867255,14.0,2.47787610619469,0.0,0.0,120.0,26.0,21.666666666666668,94.0,78.33333333333333,646.0,646.0,351.0,120.0,31.0,25.833333333333336,89.0,74.16666666666667,154.0,136.0,88.31168831168831,65.0,42.2077922077922,120.0,38.0,0.0,0.0,0.0,0.0,999.0,82.0,46.0,56.09756097560976
29,1512.0,0.0,467.0,423.0,26042.0,278.0,135.0,48.561151079136685,143.0,51.438848920863315,467.0,0.0,0.0,463.0,99.14346895074947,4.0,0.8565310492505354,0.0,0.0,0.0,0.0,0.0,0.0,0.0,0.0,467.0,467.0,100.0,0.0,0.0,467.0,77.0,16.488222698072803,34.0,44.15584415584416,43.0,55.84415584415584,390.0,83.5117773019272,193.0,49.48717948717949,197.0,50.51282051282051,423.0,278.0,65.72104018912529,145.0,34.2789598108747,157.0,157.0,100.0,0.0,0.0,0.0,0.0,278.0,22.0,7.913669064748201,55.0,19.784172661870503,201.0,72.3021582733813,467.0,357.0,76.44539614561027,110.0,23.554603854389722,381.0,102.0,26.77165354330709,61.0,16.010498687664043,135.0,35.43307086614173,4.0,1.0498687664041995,48.0,12.598425196850393,31.0,8.136482939632545,77.0,25.0,32.467532467532465,52.0,67.53246753246754,467.0,467.0,227.0,77.0,23.0,29.87012987012987,54.0,70.12987012987013,154.0,136.0,88.31168831168831,65.0,42.2077922077922,77.0,22.0,0.0,0.0,11.0,0.0,0.0,44.0,7.0,15.909090909090908
30,1518.0,0.0,815.0,571.0,17589.0,370.0,90.0,24.324324324324326,280.0,75.67567567567568,815.0,67.0,8.220858895705522,703.0,86.25766871165645,0.0,0.0,0.0,0.0,0.0,0.0,0.0,0.0,45.0,5.521472392638037,815.0,781.0,95.8282208588957,34.0,4.171779141104294,815.0,540.0,66.25766871165644,467.0,86.48148148148148,73.0,13.518518518518519,275.0,33.74233128834356,208.0,75.63636363636364,67.0,24.363636363636363,571.0,370.0,64.79859894921191,201.0,35.20140105078809,229.0,195.0,85.1528384279476,0.0,0.0,20.0,8.73362445414847,370.0,87.0,23.513513513513516,143.0,38.648648648648646,140.0,37.83783783783784,802.0,719.0,89.6508728179551,83.0,10.349127182044887,563.0,164.0,29.129662522202487,212.0,37.65541740674956,117.0,20.781527531083483,34.0,6.039076376554174,36.0,6.394316163410302,0.0,0.0,230.0,95.0,41.30434782608695,135.0,58.69565217391305,815.0,815.0,675.0,230.0,15.0,6.521739130434782,215.0,93.47826086956522,154.0,136.0,88.31168831168831,65.0,42.2077922077922,230.0,87.0,0.0,0.0,0.0,0.0,999.0,143.0,46.0,32.16783216783217
31,1505.0,0.0,645.0,375.0,30750.0,340.0,96.0,28.235294117647058,244.0,71.76470588235294,645.0,0.0,0.0,645.0,100.0,0.0,0.0,0.0,0.0,0.0,0.0,0.0,0.0,0.0,0.0,645.0,645.0,100.0,0.0,0.0,645.0,153.0,23.72093023255814,65.0,42.48366013071895,88.0,57.51633986928104,492.0,76.27906976744187,368.0,74.79674796747967,124.0,25.203252032520325,375.0,340.0,90.66666666666666,35.0,9.333333333333334,298.0,211.0,70.80536912751678,30.0,10.06711409395973,57.0,19.12751677852349,340.0,33.0,9.705882352941178,120.0,35.294117647058826,187.0,55.00000000000001,645.0,597.0,92.55813953488372,48.0,7.441860465116279,548.0,44.0,8.02919708029197,181.0,33.02919708029197,215.0,39.23357664233576,23.0,4.197080291970803,85.0,15.51094890510949,0.0,0.0,153.0,101.0,66.01307189542483,52.0,33.98692810457516,645.0,645.0,433.0,153.0,0.0,0.0,153.0,100.0,154.0,136.0,88.31168831168831,65.0,42.2077922077922,153.0,33.0,33.0,100.0,0.0,0.0,999.0,120.0,11.0,9.166666666666666
32,1508.0,0.0,645.0,375.0,30750.0,340.0,96.0,28.235294117647058,244.0,71.76470588235294,645.0,0.0,0.0,645.0,100.0,0.0,0.0,0.0,0.0,0.0,0.0,0.0,0.0,0.0,0.0,645.0,645.0,100.0,0.0,0.0,645.0,153.0,23.72093023255814,65.0,42.48366013071895,88.0,57.51633986928104,492.0,76.27906976744187,368.0,74.79674796747967,124.0,25.203252032520325,375.0,340.0,90.66666666666666,35.0,9.333333333333334,298.0,211.0,70.80536912751678,30.0,10.06711409395973,57.0,19.12751677852349,340.0,33.0,9.705882352941178,120.0,35.294117647058826,187.0,55.00000000000001,645.0,597.0,92.55813953488372,48.0,7.441860465116279,548.0,44.0,8.02919708029197,181.0,33.02919708029197,215.0,39.23357664233576,23.0,4.197080291970803,85.0,15.51094890510949,0.0,0.0,153.0,101.0,66.01307189542483,52.0,33.98692810457516,645.0,645.0,433.0,153.0,0.0,0.0,153.0,100.0,154.0,136.0,88.31168831168831,65.0,42.2077922077922,153.0,33.0,33.0,100.0,0.0,0.0,999.0,120.0,11.0,9.166666666666666
33,1507.0,0.0,576.0,340.0,26029.0,256.0,128.0,50.0,128.0,50.0,576.0,10.0,1.7361111111111112,566.0,98.26388888888889,0.0,0.0,0.0,0.0,0.0,0.0,0.0,0.0,0.0,0.0,576.0,576.0,100.0,0.0,0.0,576.0,102.0,17.708333333333336,47.0,46.07843137254902,55.0,53.92156862745098,474.0,82.29166666666666,380.0,80.16877637130801,94.0,19.831223628691983,340.0,256.0,75.29411764705883,84.0,24.705882352941178,212.0,191.0,90.09433962264151,13.0,6.132075471698113,8.0,3.7735849056603774,256.0,42.0,16.40625,98.0,38.28125,116.0,45.3125,576.0,562.0,97.56944444444444,14.0,2.430555555555556,433.0,78.0,18.013856812933028,132.0,30.484988452655887,89.0,20.554272517321014,47.0,10.854503464203233,87.0,20.092378752886837,0.0,0.0,140.0,46.0,32.857142857142854,94.0,67.14285714285714,576.0,576.0,427.0,140.0,121.0,86.42857142857143,19.0,13.571428571428571,154.0,136.0,88.31168831168831,65.0,42.2077922077922,140.0,42.0,22.0,52.38095238095239,79.0,0.0,0.0,19.0,11.0,57.89473684210527
34,1501.0,0.0,881.0,247.0,40096.0,169.0,78.0,46.15384615384615,91.0,53.84615384615385,881.0,270.0,30.64699205448354,532.0,60.38592508513053,20.0,2.2701475595913734,5.0,0.5675368898978433,0.0,0.0,41.0,4.6538024971623155,13.0,1.4755959137343928,881.0,811.0,92.05448354143019,70.0,7.945516458569807,454.0,22.0,4.845814977973569,0.0,0.0,22.0,100.0,432.0,95.15418502202643,375.0,86.80555555555556,57.0,13.194444444444445,247.0,169.0,68.42105263157895,78.0,31.57894736842105,249.0,184.0,73.89558232931726,0.0,0.0,53.0,21.285140562248998,169.0,21.0,12.42603550295858,91.0,53.84615384615385,57.0,33.72781065088758,868.0,672.0,77.41935483870968,196.0,22.58064516129032,811.0,179.0,22.071516646115906,329.0,40.5672009864365,185.0,22.81134401972873,32.0,3.945745992601726,86.0,10.60419235511714,0.0,0.0,112.0,0.0,0.0,112.0,100.0,881.0,454.0,375.0,112.0,75.0,66.96428571428571,37.0,33.035714285714285,154.0,136.0,88.31168831168831,65.0,42.2077922077922,112.0,21.0,21.0,100.0,54.0,0.0,0.0,37.0,0.0,0.0
35,1519.0,0.0,679.0,467.0,45250.0,274.0,239.0,87.22627737226277,35.0,12.773722627737227,679.0,105.0,15.463917525773196,574.0,84.5360824742268,0.0,0.0,0.0,0.0,0.0,0.0,0.0,0.0,0.0,0.0,679.0,665.0,97.9381443298969,14.0,2.0618556701030926,679.0,216.0,31.81148748159057,140.0,64.81481481481481,76.0,35.18518518518518,463.0,68.18851251840942,354.0,76.45788336933045,109.0,23.542116630669547,467.0,274.0,58.67237687366167,193.0,41.32762312633833,309.0,309.0,100.0,0.0,0.0,0.0,0.0,274.0,79.0,28.832116788321166,104.0,37.95620437956204,91.0,33.21167883211679,679.0,679.0,100.0,0.0,0.0,553.0,76.0,13.743218806509946,78.0,14.10488245931284,148.0,26.763110307414106,160.0,28.933092224231466,40.0,7.233273056057866,51.0,9.22242314647378,183.0,71.0,38.79781420765027,112.0,61.20218579234973,679.0,597.0,494.0,183.0,65.0,35.51912568306011,118.0,64.48087431693989,154.0,136.0,88.31168831168831,65.0,42.2077922077922,183.0,79.0,0.0,0.0,11.0,0.0,0.0,93.0,61.0,65.59139784946237
36,2210.0,0.0,733.0,339.0,24868.0,294.0,88.0,29.931972789115648,206.0,70.06802721088435,733.0,47.0,6.412005457025921,529.0,72.16916780354707,0.0,0.0,0.0,0.0,0.0,0.0,126.0,17.189631650750343,31.0,4.229195088676671,733.0,560.0,76.39836289222373,173.0,23.601637107776263,733.0,268.0,36.56207366984993,223.0,83.2089552238806,45.0,16.791044776119403,465.0,63.43792633015006,354.0,76.12903225806451,111.0,23.870967741935484,339.0,294.0,86.72566371681415,45.0,13.274336283185843,304.0,283.0,93.0921052631579,6.0,1.9736842105263157,15.0,4.934210526315789,294.0,61.0,20.74829931972789,101.0,34.35374149659864,132.0,44.89795918367347,715.0,621.0,86.85314685314685,94.0,13.146853146853147,417.0,59.0,14.148681055155876,194.0,46.52278177458034,121.0,29.016786570743403,43.0,10.311750599520384,0.0,0.0,0.0,0.0,162.0,85.0,52.46913580246913,77.0,47.53086419753087,733.0,724.0,577.0,162.0,43.0,26.543209876543212,119.0,73.4567901234568,154.0,136.0,88.31168831168831,65.0,42.2077922077922,162.0,61.0,24.0,39.34426229508197,9.0,9.0,1.0,92.0,64.0,69.56521739130434
37,1408.0,0.0,1458.0,697.0,31500.0,516.0,355.0,68.7984496124031,161.0,31.2015503875969,1458.0,153.0,10.493827160493826,1222.0,83.81344307270233,24.0,1.646090534979424,38.0,2.606310013717421,0.0,0.0,0.0,0.0,21.0,1.440329218106996,1458.0,1454.0,99.72565157750343,4.0,0.2743484224965706,1382.0,381.0,27.568740955137482,284.0,74.54068241469817,97.0,25.45931758530184,1001.0,72.43125904486251,802.0,80.11988011988012,199.0,19.88011988011988,697.0,516.0,74.03156384505021,181.0,25.968436154949785,600.0,553.0,92.16666666666666,6.0,1.0,29.0,4.833333333333333,516.0,101.0,19.57364341085271,203.0,39.34108527131783,212.0,41.08527131782946,1444.0,1171.0,81.09418282548476,273.0,18.905817174515235,1050.0,249.0,23.714285714285715,458.0,43.61904761904762,150.0,14.285714285714285,67.0,6.380952380952381,110.0,10.476190476190476,16.0,1.5238095238095237,304.0,118.0,38.81578947368421,186.0,61.18421052631579,1458.0,1382.0,1086.0,304.0,84.0,27.631578947368425,220.0,72.36842105263158,213.0,160.0,75.11737089201877,86.0,40.375586854460096,304.0,101.0,14.0,13.861386138613863,21.0,0.0,0.0,182.0,56.0,30.76923076923077
38,2518.0,0.0,1149.0,695.0,79063.0,588.0,549.0,93.36734693877551,39.0,6.63265306122449,1149.0,1092.0,95.03916449086162,27.0,2.3498694516971277,10.0,0.8703220191470844,9.0,0.7832898172323759,0.0,0.0,0.0,0.0,11.0,0.9573542210617928,1149.0,1139.0,99.12967798085292,10.0,0.8703220191470844,1149.0,96.0,8.355091383812011,36.0,37.5,60.0,62.5,1053.0,91.64490861618799,723.0,68.66096866096866,330.0,31.339031339031337,695.0,588.0,84.60431654676259,107.0,15.39568345323741,755.0,708.0,93.7748344370861,0.0,0.0,0.0,0.0,588.0,233.0,39.625850340136054,45.0,7.653061224489796,310.0,52.721088435374156,1104.0,894.0,80.97826086956522,182.0,16.485507246376812,911.0,0.0,0.0,42.0,4.610318331503842,122.0,13.391877058177826,56.0,6.147091108671789,343.0,37.65093304061471,348.0,38.199780461031835,278.0,0.0,0.0,278.0,100.0,1149.0,1149.0,759.0,278.0,166.0,59.71223021582733,112.0,40.28776978417266,213.0,160.0,75.11737089201877,86.0,40.375586854460096,278.0,233.0,106.0,45.493562231759654,0.0,0.0,999.0,45.0,0.0,0.0
39,1401.0,0.0,739.0,399.0,85602.0,389.0,337.0,86.63239074550128,52.0,13.367609254498714,739.0,726.0,98.24086603518268,13.0,1.7591339648173208,0.0,0.0,0.0,0.0,0.0,0.0,0.0,0.0,0.0,0.0,739.0,739.0,100.0,0.0,0.0,739.0,35.0,4.7361299052774015,0.0,0.0,35.0,100.0,704.0,95.2638700947226,535.0,75.99431818181817,169.0,24.005681818181817,399.0,389.0,97.4937343358396,10.0,2.506265664160401,471.0,456.0,96.81528662420382,0.0,0.0,0.0,0.0,389.0,156.0,40.102827763496144,61.0,15.681233933161954,172.0,44.2159383033419,730.0,667.0,91.36986301369862,63.0,8.63013698630137,641.0,53.0,8.268330733229329,50.0,7.800312012480499,119.0,18.564742589703588,11.0,1.71606864274571,197.0,30.733229329173167,211.0,32.91731669266771,217.0,0.0,0.0,217.0,100.0,739.0,739.0,535.0,217.0,122.0,56.22119815668203,95.0,43.77880184331797,213.0,160.0,75.11737089201877,86.0,40.375586854460096,217.0,156.0,32.0,20.51282051282051,17.0,0.0,0.0,44.0,22.0,50.0
40,2505.0,0.0,739.0,399.0,85602.0,389.0,337.0,86.63239074550128,52.0,13.367609254498714,739.0,726.0,98.24086603518268,13.0,1.7591339648173208,0.0,0.0,0.0,0.0,0.0,0.0,0.0,0.0,0.0,0.0,739.0,739.0,100.0,0.0,0.0,739.0,35.0,4.7361299052774015,0.0,0.0,35.0,100.0,704.0,95.2638700947226,535.0,75.99431818181817,169.0,24.005681818181817,399.0,389.0,97.4937343358396,10.0,2.506265664160401,471.0,456.0,96.81528662420382,0.0,0.0,0.0,0.0,389.0,156.0,40.102827763496144,61.0,15.681233933161954,172.0,44.2159383033419,730.0,667.0,91.36986301369862,63.0,8.63013698630137,641.0,53.0,8.268330733229329,50.0,7.800312012480499,119.0,18.564742589703588,11.0,1.71606864274571,197.0,30.733229329173167,211.0,32.91731669266771,217.0,0.0,0.0,217.0,100.0,739.0,739.0,535.0,217.0,122.0,56.22119815668203,95.0,43.77880184331797,213.0,160.0,75.11737089201877,86.0,40.375586854460096,217.0,156.0,32.0,20.51282051282051,17.0,0.0,0.0,44.0,22.0,50.0
41,2513.0,0.0,1140.0,654.0,79167.0,620.0,480.0,77.41935483870968,140.0,22.58064516129032,1140.0,793.0,69.56140350877193,243.0,21.31578947368421,0.0,0.0,18.0,1.5789473684210527,0.0,0.0,40.0,3.508771929824561,46.0,4.035087719298246,1140.0,1100.0,96.49122807017544,40.0,3.508771929824561,1127.0,139.0,12.33362910381544,112.0,80.57553956834532,27.0,19.424460431654676,988.0,87.66637089618456,590.0,59.716599190283404,398.0,40.2834008097166,654.0,620.0,94.80122324159022,34.0,5.198776758409786,664.0,625.0,94.12650602409639,0.0,0.0,0.0,0.0,620.0,239.0,38.54838709677419,45.0,7.258064516129033,336.0,54.19354838709678,1117.0,907.0,81.19964189794091,210.0,18.800358102059086,1005.0,0.0,0.0,176.0,17.512437810945276,231.0,22.98507462686567,52.0,5.17412935323383,299.0,29.751243781094526,247.0,24.577114427860696,284.0,28.0,9.859154929577464,256.0,90.14084507042254,1140.0,1125.0,702.0,284.0,147.0,51.76056338028169,137.0,48.23943661971831,213.0,160.0,75.11737089201877,86.0,40.375586854460096,284.0,239.0,29.0,12.133891213389122,17.0,0.0,0.0,28.0,0.0,0.0
42,1207.0,1.0,2551.0,1380.0,53424.0,1133.0,315.0,27.802294792586054,818.0,72.19770520741395,2551.0,1457.0,57.11485691885535,911.0,35.711485691885535,0.0,0.0,95.0,3.724029792238338,0.0,0.0,16.0,0.6272050176401411,72.0,2.822422579380635,2551.0,2509.0,98.35358682869463,42.0,1.6464131713053702,1733.0,563.0,32.4870167339873,25.0,4.440497335701599,538.0,95.5595026642984,1170.0,67.5129832660127,432.0,36.92307692307693,738.0,63.07692307692307,1380.0,1133.0,82.10144927536231,247.0,17.898550724637683,973.0,744.0,76.46454265159302,5.0,0.513874614594039,147.0,15.107913669064748,1133.0,177.0,15.62224183583407,19.0,1.6769638128861428,937.0,82.70079435127978,2539.0,1301.0,51.24064592359196,1238.0,48.75935407640804,2054.0,382.0,18.597857838364167,498.0,24.24537487828627,288.0,14.021421616358326,64.0,3.11587147030185,406.0,19.76630963972736,416.0,20.253164556962027,196.0,0.0,0.0,196.0,100.0,2551.0,1522.0,457.0,196.0,82.0,41.83673469387755,114.0,58.16326530612245,204.0,172.0,84.31372549019608,68.0,33.33333333333333,196.0,177.0,45.0,25.423728813559322,19.0,19.0,1.0,0.0,0.0,
43,2516.0,1.0,2551.0,1380.0,53424.0,1133.0,315.0,27.802294792586054,818.0,72.19770520741395,2551.0,1457.0,57.11485691885535,911.0,35.711485691885535,0.0,0.0,95.0,3.724029792238338,0.0,0.0,16.0,0.6272050176401411,72.0,2.822422579380635,2551.0,2509.0,98.35358682869463,42.0,1.6464131713053702,1733.0,563.0,32.4870167339873,25.0,4.440497335701599,538.0,95.5595026642984,1170.0,67.5129832660127,432.0,36.92307692307693,738.0,63.07692307692307,1380.0,1133.0,82.10144927536231,247.0,17.898550724637683,973.0,744.0,76.46454265159302,5.0,0.513874614594039,147.0,15.107913669064748,1133.0,177.0,15.62224183583407,19.0,1.6769638128861428,937.0,82.70079435127978,2539.0,1301.0,51.24064592359196,1238.0,48.75935407640804,2054.0,382.0,18.597857838364167,498.0,24.24537487828627,288.0,14.021421616358326,64.0,3.11587147030185,406.0,19.76630963972736,416.0,20.253164556962027,196.0,0.0,0.0,196.0,100.0,2551.0,1522.0,457.0,196.0,82.0,41.83673469387755,114.0,58.16326530612245,204.0,172.0,84.31372549019608,68.0,33.33333333333333,196.0,177.0,45.0,25.423728813559322,19.0,19.0,1.0,0.0,0.0,
44,2519.0,0.0,2551.0,1380.0,53424.0,1133.0,315.0,27.802294792586054,818.0,72.19770520741395,2551.0,1457.0,57.11485691885535,911.0,35.711485691885535,0.0,0.0,95.0,3.724029792238338,0.0,0.0,16.0,0.6272050176401411,72.0,2.822422579380635,2551.0,2509.0,98.35358682869463,42.0,1.6464131713053702,1733.0,563.0,32.4870167339873,25.0,4.440497335701599,538.0,95.5595026642984,1170.0,67.5129832660127,432.0,36.92307692307693,738.0,63.07692307692307,1380.0,1133.0,82.10144927536231,247.0,17.898550724637683,973.0,744.0,76.46454265159302,5.0,0.513874614594039,147.0,15.107913669064748,1133.0,177.0,15.62224183583407,19.0,1.6769638128861428,937.0,82.70079435127978,2539.0,1301.0,51.24064592359196,1238.0,48.75935407640804,2054.0,382.0,18.597857838364167,498.0,24.24537487828627,288.0,14.021421616358326,64.0,3.11587147030185,406.0,19.76630963972736,416.0,20.253164556962027,196.0,0.0,0.0,196.0,100.0,2551.0,1522.0,457.0,196.0,82.0,41.83673469387755,114.0,58.16326530612245,204.0,172.0,84.31372549019608,68.0,33.33333333333333,196.0,177.0,45.0,25.423728813559322,19.0,19.0,1.0,0.0,0.0,
45,1515.0,0.0,914.0,577.0,14270.0,510.0,6.0,1.1764705882352942,504.0,98.82352941176471,914.0,0.0,0.0,914.0,100.0,0.0,0.0,0.0,0.0,0.0,0.0,0.0,0.0,0.0,0.0,914.0,914.0,100.0,0.0,0.0,914.0,406.0,44.42013129102845,199.0,49.01477832512315,207.0,50.98522167487685,508.0,55.57986870897156,387.0,76.18110236220473,121.0,23.818897637795274,577.0,510.0,88.38821490467937,67.0,11.611785095320624,282.0,143.0,50.70921985815603,131.0,46.45390070921986,8.0,2.8368794326241136,510.0,127.0,24.901960784313726,70.0,13.725490196078432,313.0,61.372549019607845,914.0,873.0,95.51422319474835,41.0,4.485776805251642,747.0,284.0,38.01874163319947,358.0,47.92503346720214,82.0,10.977242302543507,23.0,3.0789825970548863,0.0,0.0,0.0,0.0,197.0,165.0,83.75634517766497,32.0,16.243654822335024,914.0,914.0,586.0,197.0,24.0,12.18274111675127,173.0,87.81725888324873,204.0,172.0,84.31372549019608,68.0,33.33333333333333,197.0,127.0,0.0,0.0,0.0,0.0,999.0,70.0,56.0,80.0
46,1516.0,0.0,905.0,691.0,,465.0,46.0,9.89247311827957,419.0,90.10752688172043,905.0,0.0,0.0,892.0,98.5635359116022,0.0,0.0,0.0,0.0,0.0,0.0,0.0,0.0,13.0,1.4364640883977902,905.0,905.0,100.0,0.0,0.0,905.0,307.0,33.92265193370166,45.0,14.65798045602606,262.0,85.34201954397395,598.0,66.07734806629834,529.0,88.46153846153845,69.0,11.538461538461538,691.0,465.0,67.29377713458756,226.0,32.70622286541244,407.0,324.0,79.60687960687962,83.0,20.39312039312039,0.0,0.0,465.0,99.0,21.29032258064516,85.0,18.27956989247312,281.0,60.43010752688171,905.0,877.0,96.9060773480663,28.0,3.0939226519337018,620.0,147.0,23.70967741935484,314.0,50.645161290322584,113.0,18.225806451612904,38.0,6.129032258064516,0.0,0.0,8.0,1.2903225806451613,184.0,12.0,6.521739130434782,172.0,93.47826086956522,905.0,905.0,574.0,184.0,58.0,31.521739130434785,126.0,68.47826086956522,204.0,172.0,84.31372549019608,68.0,33.33333333333333,184.0,99.0,50.0,50.505050505050505,27.0,0.0,0.0,58.0,48.0,82.75862068965517
47,1911.0,0.0,1612.0,847.0,15615.0,646.0,98.0,15.170278637770899,548.0,84.82972136222911,1612.0,17.0,1.054590570719603,1501.0,93.11414392059554,0.0,0.0,0.0,0.0,0.0,0.0,87.0,5.397022332506204,7.0,0.4342431761786601,1612.0,1525.0,94.60297766749379,87.0,5.397022332506204,1612.0,,61.9727047146402,788.0,78.87887887887888,211.0,21.12112112112112,613.0,38.027295285359806,439.0,71.61500815660685,174.0,28.38499184339315,847.0,646.0,76.26918536009445,201.0,23.73081463990555,408.0,342.0,83.82352941176471,34.0,8.333333333333332,17.0,4.166666666666666,646.0,64.0,9.907120743034056,312.0,48.297213622291025,270.0,41.795665634674926,1566.0,1468.0,93.74201787994892,87.0,5.555555555555555,985.0,282.0,28.62944162436548,392.0,39.796954314720814,184.0,18.68020304568528,78.0,7.918781725888325,15.0,1.5228426395939088,34.0,3.451776649746193,376.0,234.0,62.23404255319149,142.0,37.765957446808514,1612.0,1596.0,1227.0,376.0,49.0,13.031914893617023,327.0,86.96808510638297,204.0,172.0,84.31372549019608,68.0,33.33333333333333,376.0,64.0,24.0,37.5,25.0,15.0,0.6,287.0,111.0,38.67595818815331
48,1906.0,0.0,533.0,324.0,25938.0,253.0,130.0,51.38339920948617,123.0,48.616600790513836,533.0,0.0,0.0,533.0,100.0,0.0,0.0,0.0,0.0,0.0,0.0,0.0,0.0,0.0,0.0,533.0,533.0,100.0,0.0,0.0,533.0,112.0,21.013133208255162,48.0,42.857142857142854,64.0,57.14285714285714,421.0,78.98686679174483,381.0,90.49881235154395,40.0,9.501187648456057,324.0,253.0,78.08641975308642,71.0,21.91358024691358,174.0,174.0,100.0,0.0,0.0,0.0,0.0,253.0,67.0,26.48221343873518,103.0,40.71146245059288,83.0,32.80632411067194,533.0,447.0,83.86491557223265,86.0,16.135084427767353,482.0,58.0,12.033195020746888,216.0,44.81327800829876,148.0,30.70539419087137,29.0,6.016597510373444,11.0,2.2821576763485476,20.0,4.149377593360995,170.0,38.0,22.35294117647059,132.0,77.64705882352942,533.0,533.0,429.0,170.0,33.0,19.411764705882355,137.0,80.58823529411765,204.0,172.0,84.31372549019608,68.0,33.33333333333333,170.0,67.0,0.0,0.0,8.0,0.0,0.0,95.0,22.0,23.157894736842106
49,2005.0,0.0,677.0,352.0,20037.0,267.0,29.0,10.861423220973784,238.0,89.13857677902621,677.0,87.0,12.850812407680944,583.0,86.11521418020679,0.0,0.0,0.0,0.0,0.0,0.0,0.0,0.0,7.0,1.03397341211226,677.0,677.0,100.0,0.0,0.0,677.0,401.0,59.23190546528804,356.0,88.7780548628429,45.0,11.221945137157107,276.0,40.76809453471196,197.0,71.37681159420289,79.0,28.6231884057971,352.0,267.0,75.85227272727273,85.0,24.147727272727273,164.0,150.0,91.46341463414635,0.0,0.0,7.0,4.2682926829268295,267.0,17.0,6.367041198501873,160.0,59.925093632958806,90.0,33.70786516853933,653.0,523.0,80.09188361408881,130.0,19.90811638591118,311.0,37.0,11.89710610932476,106.0,34.08360128617363,129.0,41.47909967845659,30.0,9.646302250803858,4.0,1.2861736334405145,5.0,1.607717041800643,177.0,110.0,62.14689265536724,67.0,37.85310734463277,677.0,656.0,553.0,177.0,17.0,9.6045197740113,160.0,90.3954802259887,204.0,172.0,84.31372549019608,68.0,33.33333333333333,177.0,17.0,17.0,100.0,17.0,0.0,0.0,143.0,117.0,81.81818181818183
50,2007.0,0.0,572.0,299.0,,229.0,112.0,48.90829694323144,117.0,51.09170305676856,572.0,0.0,0.0,572.0,100.0,0.0,0.0,0.0,0.0,0.0,0.0,0.0,0.0,0.0,0.0,572.0,572.0,100.0,0.0,0.0,572.0,168.0,29.37062937062937,81.0,48.214285714285715,87.0,51.78571428571429,404.0,70.62937062937063,325.0,80.44554455445545,79.0,19.554455445544555,299.0,229.0,76.58862876254182,70.0,23.411371237458194,263.0,175.0,66.53992395437263,38.0,14.44866920152091,34.0,12.927756653992395,229.0,6.0,2.6200873362445414,84.0,36.681222707423586,139.0,60.698689956331876,572.0,453.0,79.1958041958042,114.0,19.93006993006993,431.0,57.0,13.225058004640372,126.0,29.23433874709977,128.0,29.698375870069604,84.0,19.489559164733176,36.0,8.352668213457076,0.0,0.0,90.0,49.0,54.44444444444444,41.0,45.55555555555556,572.0,572.0,406.0,90.0,46.0,51.11111111111111,44.0,48.888888888888886,204.0,172.0,84.31372549019608,68.0,33.33333333333333,90.0,6.0,0.0,0.0,40.0,0.0,0.0,44.0,30.0,68.18181818181817
51,2014.0,0.0,397.0,249.0,26477.0,201.0,87.0,43.28358208955223,114.0,56.71641791044776,397.0,0.0,0.0,397.0,100.0,0.0,0.0,0.0,0.0,0.0,0.0,0.0,0.0,0.0,0.0,397.0,397.0,100.0,0.0,0.0,397.0,136.0,34.25692695214106,98.0,72.05882352941177,38.0,27.941176470588236,261.0,65.74307304785894,175.0,67.04980842911877,86.0,32.95019157088122,249.0,201.0,80.72289156626506,48.0,19.27710843373494,128.0,118.0,92.1875,0.0,0.0,0.0,0.0,201.0,21.0,10.44776119402985,75.0,37.3134328358209,105.0,52.23880597014925,397.0,363.0,91.43576826196474,34.0,8.564231738035264,316.0,41.0,12.974683544303797,79.0,25.0,146.0,46.20253164556962,41.0,12.974683544303797,0.0,0.0,9.0,2.848101265822785,96.0,53.0,55.208333333333336,43.0,44.79166666666667,397.0,397.0,273.0,96.0,15.0,15.625,81.0,84.375,204.0,172.0,84.31372549019608,68.0,33.33333333333333,96.0,21.0,6.0,28.57142857142857,0.0,0.0,999.0,75.0,38.0,50.66666666666667
52,2015.0,0.0,397.0,249.0,26477.0,201.0,87.0,43.28358208955223,114.0,56.71641791044776,397.0,0.0,0.0,397.0,100.0,0.0,0.0,0.0,0.0,0.0,0.0,0.0,0.0,0.0,0.0,397.0,397.0,100.0,0.0,0.0,397.0,136.0,34.25692695214106,98.0,72.05882352941177,38.0,27.941176470588236,261.0,65.74307304785894,175.0,67.04980842911877,86.0,32.95019157088122,249.0,201.0,80.72289156626506,48.0,19.27710843373494,128.0,118.0,92.1875,0.0,0.0,0.0,0.0,201.0,21.0,10.44776119402985,75.0,37.3134328358209,105.0,52.23880597014925,397.0,363.0,91.43576826196474,34.0,8.564231738035264,316.0,41.0,12.974683544303797,79.0,25.0,146.0,46.20253164556962,41.0,12.974683544303797,0.0,0.0,9.0,2.848101265822785,96.0,53.0,55.208333333333336,43.0,44.79166666666667,397.0,397.0,273.0,96.0,15.0,15.625,81.0,84.375,204.0,172.0,84.31372549019608,68.0,33.33333333333333,96.0,21.0,6.0,28.57142857142857,0.0,0.0,999.0,75.0,38.0,50.66666666666667
53,2004.0,0.0,277.0,156.0,16552.0,132.0,77.0,58.333333333333336,55.0,41.66666666666667,277.0,14.0,5.054151624548736,259.0,93.50180505415162,0.0,0.0,0.0,0.0,0.0,0.0,0.0,0.0,4.0,1.444043321299639,277.0,272.0,98.19494584837545,5.0,1.8050541516245486,277.0,169.0,61.01083032490975,159.0,94.0828402366864,10.0,5.9171597633136095,108.0,38.98916967509025,63.0,58.333333333333336,45.0,41.66666666666667,156.0,132.0,84.61538461538461,24.0,15.384615384615385,85.0,79.0,92.94117647058823,6.0,7.0588235294117645,0.0,0.0,132.0,10.0,7.575757575757576,72.0,54.54545454545454,50.0,37.878787878787875,239.0,197.0,82.42677824267783,42.0,17.573221757322173,185.0,20.0,10.81081081081081,24.0,12.972972972972974,103.0,55.67567567567567,23.0,12.432432432432433,4.0,2.1621621621621623,11.0,5.9459459459459465,82.0,24.0,29.268292682926827,58.0,70.73170731707317,277.0,272.0,222.0,82.0,26.0,31.70731707317073,56.0,68.29268292682927,204.0,172.0,84.31372549019608,68.0,33.33333333333333,82.0,10.0,0.0,0.0,16.0,0.0,0.0,56.0,36.0,64.28571428571429
54,2006.0,0.0,277.0,156.0,16552.0,132.0,77.0,58.333333333333336,55.0,41.66666666666667,277.0,14.0,5.054151624548736,259.0,93.50180505415162,0.0,0.0,0.0,0.0,0.0,0.0,0.0,0.0,4.0,1.444043321299639,277.0,272.0,98.19494584837545,5.0,1.8050541516245486,277.0,169.0,61.01083032490975,159.0,94.0828402366864,10.0,5.9171597633136095,108.0,38.98916967509025,63.0,58.333333333333336,45.0,41.66666666666667,156.0,132.0,84.61538461538461,24.0,15.384615384615385,85.0,79.0,92.94117647058823,6.0,7.0588235294117645,0.0,0.0,132.0,10.0,7.575757575757576,72.0,54.54545454545454,50.0,37.878787878787875,239.0,197.0,82.42677824267783,42.0,17.573221757322173,185.0,20.0,10.81081081081081,24.0,12.972972972972974,103.0,55.67567567567567,23.0,12.432432432432433,4.0,2.1621621621621623,11.0,5.9459459459459465,82.0,24.0,29.268292682926827,58.0,70.73170731707317,277.0,272.0,222.0,82.0,26.0,31.70731707317073,56.0,68.29268292682927,204.0,172.0,84.31372549019608,68.0,33.33333333333333,82.0,10.0,0.0,0.0,16.0,0.0,0.0,56.0,36.0,64.28571428571429
55,2010.0,0.0,653.0,369.0,28750.0,254.0,136.0,53.54330708661418,118.0,46.45669291338583,653.0,17.0,2.6033690658499236,636.0,97.39663093415007,0.0,0.0,0.0,0.0,0.0,0.0,0.0,0.0,0.0,0.0,653.0,646.0,98.92802450229709,7.0,1.0719754977029097,653.0,253.0,38.74425727411945,219.0,86.56126482213439,34.0,13.438735177865613,400.0,61.255742725880545,304.0,76.0,96.0,24.0,369.0,254.0,68.83468834688347,115.0,31.16531165311653,239.0,207.0,86.61087866108787,22.0,9.205020920502092,0.0,0.0,254.0,56.0,22.04724409448819,86.0,33.85826771653544,112.0,44.09448818897638,653.0,458.0,70.13782542113323,195.0,29.862174578866767,432.0,113.0,26.15740740740741,121.0,28.009259259259263,153.0,35.41666666666667,34.0,7.87037037037037,11.0,2.5462962962962963,0.0,0.0,142.0,65.0,45.774647887323944,77.0,54.22535211267606,653.0,650.0,523.0,142.0,13.0,9.15492957746479,129.0,90.84507042253522,204.0,172.0,84.31372549019608,68.0,33.33333333333333,142.0,56.0,0.0,0.0,5.0,0.0,0.0,81.0,39.0,48.148148148148145
56,2011.0,0.0,653.0,369.0,28750.0,254.0,136.0,53.54330708661418,118.0,46.45669291338583,653.0,17.0,2.6033690658499236,636.0,97.39663093415007,0.0,0.0,0.0,0.0,0.0,0.0,0.0,0.0,0.0,0.0,653.0,646.0,98.92802450229709,7.0,1.0719754977029097,653.0,253.0,38.74425727411945,219.0,86.56126482213439,34.0,13.438735177865613,400.0,61.255742725880545,304.0,76.0,96.0,24.0,369.0,254.0,68.83468834688347,115.0,31.16531165311653,239.0,207.0,86.61087866108787,22.0,9.205020920502092,0.0,0.0,254.0,56.0,22.04724409448819,86.0,33.85826771653544,112.0,44.09448818897638,653.0,458.0,70.13782542113323,195.0,29.862174578866767,432.0,113.0,26.15740740740741,121.0,28.009259259259263,153.0,35.41666666666667,34.0,7.87037037037037,11.0,2.5462962962962963,0.0,0.0,142.0,65.0,45.774647887323944,77.0,54.22535211267606,653.0,650.0,523.0,142.0,13.0,9.15492957746479,129.0,90.84507042253522,204.0,172.0,84.31372549019608,68.0,33.33333333333333,142.0,56.0,0.0,0.0,5.0,0.0,0.0,81.0,39.0,48.148148148148145
57,2013.0,0.0,597.0,297.0,23355.0,219.0,55.0,25.11415525114155,164.0,74.88584474885845,597.0,90.0,15.07537688442211,488.0,81.74204355108877,0.0,0.0,0.0,0.0,0.0,0.0,19.0,3.1825795644891124,0.0,0.0,597.0,578.0,96.8174204355109,19.0,3.1825795644891124,597.0,250.0,41.87604690117253,225.0,90.0,25.0,10.0,347.0,58.12395309882747,313.0,90.20172910662824,34.0,9.798270893371757,297.0,219.0,73.73737373737373,78.0,26.262626262626267,269.0,230.0,85.50185873605948,0.0,0.0,9.0,3.3457249070631967,219.0,27.0,12.32876712328767,144.0,65.75342465753424,48.0,21.91780821917808,561.0,394.0,70.23172905525847,167.0,29.76827094474153,369.0,38.0,10.29810298102981,141.0,38.21138211382114,132.0,35.77235772357724,39.0,10.569105691056912,19.0,5.149051490514905,0.0,0.0,171.0,61.0,35.67251461988304,110.0,64.32748538011695,597.0,597.0,538.0,171.0,33.0,19.298245614035086,138.0,80.7017543859649,204.0,172.0,84.31372549019608,68.0,33.33333333333333,171.0,27.0,0.0,0.0,33.0,9.0,0.27272,111.0,68.0,61.261261261261254
58,2002.0,0.0,585.0,329.0,30357.0,242.0,164.0,67.76859504132231,78.0,32.231404958677686,585.0,16.0,2.735042735042735,569.0,97.26495726495726,0.0,0.0,0.0,0.0,0.0,0.0,0.0,0.0,0.0,0.0,585.0,585.0,100.0,0.0,0.0,578.0,169.0,29.238754325259514,124.0,73.37278106508876,45.0,26.627218934911244,409.0,70.76124567474048,341.0,83.37408312958435,68.0,16.625916870415647,329.0,242.0,73.55623100303951,87.0,26.443768996960486,214.0,214.0,100.0,0.0,0.0,0.0,0.0,242.0,75.0,30.991735537190085,62.0,25.6198347107438,105.0,43.388429752066116,578.0,532.0,92.04152249134948,46.0,7.958477508650519,456.0,47.0,10.307017543859649,152.0,33.33333333333333,146.0,32.01754385964912,65.0,14.25438596491228,32.0,7.017543859649122,14.0,3.070175438596491,137.0,58.0,42.33576642335766,79.0,57.66423357664233,585.0,585.0,465.0,137.0,75.0,54.74452554744526,62.0,45.25547445255474,204.0,172.0,84.31372549019608,68.0,33.33333333333333,137.0,75.0,7.0,9.333333333333334,21.0,15.0,0.71428,41.0,7.0,17.073170731707318
59,2017.0,0.0,585.0,329.0,30357.0,242.0,164.0,67.76859504132231,78.0,32.231404958677686,585.0,16.0,2.735042735042735,569.0,97.26495726495726,0.0,0.0,0.0,0.0,0.0,0.0,0.0,0.0,0.0,0.0,585.0,585.0,100.0,0.0,0.0,578.0,169.0,29.238754325259514,124.0,73.37278106508876,45.0,26.627218934911244,409.0,70.76124567474048,341.0,83.37408312958435,68.0,16.625916870415647,329.0,242.0,73.55623100303951,87.0,26.443768996960486,214.0,214.0,100.0,0.0,0.0,0.0,0.0,242.0,75.0,30.991735537190085,62.0,25.6198347107438,105.0,43.388429752066116,578.0,532.0,92.04152249134948,46.0,7.958477508650519,456.0,47.0,10.307017543859649,152.0,33.33333333333333,146.0,32.01754385964912,65.0,14.25438596491228,32.0,7.017543859649122,14.0,3.070175438596491,137.0,58.0,42.33576642335766,79.0,57.66423357664233,585.0,585.0,465.0,137.0,75.0,54.74452554744526,62.0,45.25547445255474,204.0,172.0,84.31372549019608,68.0,33.33333333333333,137.0,75.0,7.0,9.333333333333334,21.0,15.0,0.71428,41.0,7.0,17.073170731707318
60,2003.0,0.0,340.0,271.0,30855.0,200.0,83.0,41.5,117.0,58.5,340.0,0.0,0.0,340.0,100.0,0.0,0.0,0.0,0.0,0.0,0.0,0.0,0.0,0.0,0.0,340.0,340.0,100.0,0.0,0.0,340.0,82.0,24.11764705882353,51.0,62.19512195121951,31.0,37.80487804878049,258.0,75.88235294117646,110.0,42.63565891472868,148.0,57.36434108527132,271.0,200.0,73.80073800738008,71.0,26.199261992619927,121.0,121.0,100.0,0.0,0.0,0.0,0.0,200.0,17.0,8.5,24.0,12.0,159.0,79.5,340.0,257.0,75.58823529411765,83.0,24.41176470588235,266.0,20.0,7.518796992481203,69.0,25.93984962406015,61.0,22.932330827067666,17.0,6.390977443609022,89.0,33.45864661654135,10.0,3.7593984962406015,41.0,10.0,24.390243902439025,31.0,75.60975609756098,340.0,340.0,161.0,41.0,10.0,24.390243902439025,31.0,75.60975609756098,204.0,172.0,84.31372549019608,68.0,33.33333333333333,41.0,17.0,7.0,41.17647058823529,0.0,0.0,999.0,24.0,17.0,70.83333333333334
61,1405.0,1.0,1281.0,525.0,28291.0,491.0,198.0,40.32586558044807,293.0,59.67413441955194,1281.0,46.0,3.590944574551132,1216.0,94.92583918813428,0.0,0.0,0.0,0.0,0.0,0.0,0.0,0.0,19.0,1.483216237314598,1281.0,1281.0,100.0,0.0,0.0,1281.0,569.0,44.4184231069477,551.0,96.8365553602812,18.0,3.163444639718805,712.0,55.5815768930523,508.0,71.34831460674157,204.0,28.651685393258425,525.0,491.0,93.52380952380952,34.0,6.476190476190475,531.0,459.0,86.4406779661017,40.0,7.532956685499058,0.0,0.0,491.0,76.0,15.478615071283095,242.0,49.287169042769854,173.0,35.234215885947044,1281.0,1175.0,91.72521467603435,106.0,8.274785323965652,854.0,102.0,11.943793911007026,264.0,30.913348946135834,375.0,43.91100702576112,49.0,5.737704918032787,24.0,2.810304449648712,40.0,4.683840749414521,318.0,113.0,35.53459119496855,205.0,64.46540880503144,1281.0,1281.0,1059.0,318.0,85.0,26.729559748427672,233.0,73.27044025157232,204.0,172.0,84.31372549019608,68.0,33.33333333333333,318.0,76.0,30.0,39.473684210526315,60.0,36.0,0.6,182.0,74.0,40.65934065934066
62,1402.0,0.0,1156.0,511.0,31118.0,469.0,301.0,64.17910447761194,168.0,35.82089552238806,1156.0,13.0,1.124567474048443,1143.0,98.87543252595155,0.0,0.0,0.0,0.0,0.0,0.0,0.0,0.0,0.0,0.0,1156.0,1156.0,100.0,0.0,0.0,1156.0,193.0,16.695501730103807,154.0,79.79274611398964,39.0,20.207253886010363,963.0,83.3044982698962,821.0,85.25441329179647,142.0,14.74558670820353,511.0,469.0,91.78082191780823,42.0,8.21917808219178,537.0,537.0,100.0,0.0,0.0,0.0,0.0,469.0,105.0,22.388059701492537,183.0,39.01918976545842,181.0,38.59275053304904,1156.0,941.0,81.40138408304497,215.0,18.598615916955016,755.0,27.0,3.576158940397351,221.0,29.271523178807946,285.0,37.74834437086093,116.0,15.364238410596027,87.0,11.52317880794702,19.0,2.5165562913907285,288.0,52.0,18.055555555555554,236.0,81.94444444444444,1156.0,1156.0,975.0,288.0,146.0,50.69444444444444,142.0,49.30555555555556,204.0,172.0,84.31372549019608,68.0,33.33333333333333,288.0,105.0,0.0,0.0,41.0,41.0,1.0,142.0,54.0,38.028169014084504
63,1411.0,0.0,1156.0,511.0,31118.0,469.0,301.0,64.17910447761194,168.0,35.82089552238806,1156.0,13.0,1.124567474048443,1143.0,98.87543252595155,0.0,0.0,0.0,0.0,0.0,0.0,0.0,0.0,0.0,0.0,1156.0,1156.0,100.0,0.0,0.0,1156.0,193.0,16.695501730103807,154.0,79.79274611398964,39.0,20.207253886010363,963.0,83.3044982698962,821.0,85.25441329179647,142.0,14.74558670820353,511.0,469.0,91.78082191780823,42.0,8.21917808219178,537.0,537.0,100.0,0.0,0.0,0.0,0.0,469.0,105.0,22.388059701492537,183.0,39.01918976545842,181.0,38.59275053304904,1156.0,941.0,81.40138408304497,215.0,18.598615916955016,755.0,27.0,3.576158940397351,221.0,29.271523178807946,285.0,37.74834437086093,116.0,15.364238410596027,87.0,11.52317880794702,19.0,2.5165562913907285,288.0,52.0,18.055555555555554,236.0,81.94444444444444,1156.0,1156.0,975.0,288.0,146.0,50.69444444444444,142.0,49.30555555555556,204.0,172.0,84.31372549019608,68.0,33.33333333333333,288.0,105.0,0.0,0.0,41.0,41.0,1.0,142.0,54.0,38.028169014084504
64,1907.0,0.0,1387.0,746.0,53317.0,536.0,289.0,53.917910447761194,247.0,46.082089552238806,1387.0,8.0,0.5767844268204758,1371.0,98.84643114635905,0.0,0.0,0.0,0.0,0.0,0.0,0.0,0.0,8.0,0.5767844268204758,1387.0,1387.0,100.0,0.0,0.0,1387.0,138.0,9.949531362653207,86.0,62.31884057971014,52.0,37.68115942028986,1249.0,90.0504686373468,1013.0,81.1048839071257,236.0,18.8951160928743,746.0,536.0,71.84986595174263,210.0,28.150134048257375,698.0,611.0,87.53581661891118,87.0,12.464183381088825,0.0,0.0,536.0,196.0,36.56716417910448,136.0,25.37313432835821,204.0,38.059701492537314,1345.0,941.0,69.96282527881041,404.0,30.03717472118959,1047.0,126.0,12.034383954154727,567.0,54.15472779369628,184.0,17.574021012416427,36.0,3.4383954154727796,134.0,12.79847182425979,0.0,0.0,332.0,21.0,6.325301204819277,311.0,93.67469879518072,1387.0,1387.0,1099.0,332.0,234.0,70.48192771084338,98.0,29.518072289156628,204.0,172.0,84.31372549019608,68.0,33.33333333333333,332.0,196.0,88.0,44.89795918367347,53.0,0.0,0.0,83.0,38.0,45.78313253012048
65,1416.0,0.0,1000.0,621.0,39750.0,348.0,175.0,50.287356321839084,173.0,49.712643678160916,1000.0,58.0,5.800000000000001,942.0,94.19999999999999,0.0,0.0,0.0,0.0,0.0,0.0,0.0,0.0,0.0,0.0,1000.0,1000.0,100.0,0.0,0.0,975.0,208.0,21.333333333333336,178.0,85.57692307692307,30.0,14.423076923076922,767.0,78.66666666666666,670.0,87.35332464146023,97.0,12.646675358539767,621.0,348.0,56.038647342995176,273.0,43.96135265700483,428.0,326.0,76.16822429906543,59.0,13.785046728971961,0.0,0.0,348.0,65.0,18.67816091954023,175.0,50.287356321839084,108.0,31.03448275862069,955.0,688.0,72.04188481675394,230.0,24.083769633507853,687.0,199.0,28.966521106259098,124.0,18.049490538573508,279.0,40.61135371179039,21.0,3.056768558951965,32.0,4.657933042212519,32.0,4.657933042212519,240.0,88.0,36.666666666666664,152.0,63.33333333333333,1000.0,978.0,848.0,240.0,51.0,21.25,189.0,78.75,204.0,172.0,84.31372549019608,68.0,33.33333333333333,240.0,65.0,5.0,7.6923076923076925,0.0,0.0,999.0,175.0,98.0,56.00000000000001
66,1901.0,0.0,605.0,611.0,16319.0,365.0,60.0,16.43835616438356,305.0,83.56164383561644,605.0,21.0,3.4710743801652892,567.0,93.71900826446281,17.0,2.809917355371901,0.0,0.0,0.0,0.0,0.0,0.0,0.0,0.0,605.0,605.0,100.0,0.0,0.0,605.0,310.0,51.2396694214876,99.0,31.93548387096774,211.0,68.06451612903226,295.0,48.760330578512395,131.0,44.40677966101695,164.0,55.59322033898305,611.0,365.0,59.738134206219314,246.0,40.261865793780686,201.0,143.0,71.14427860696517,23.0,11.442786069651742,0.0,0.0,365.0,19.0,5.205479452054795,63.0,17.26027397260274,283.0,77.53424657534246,600.0,553.0,92.16666666666666,47.0,7.833333333333334,488.0,96.0,19.672131147540984,154.0,31.557377049180328,191.0,39.13934426229508,29.0,5.942622950819672,18.0,3.6885245901639343,0.0,0.0,82.0,52.0,63.41463414634146,30.0,36.58536585365854,605.0,563.0,230.0,82.0,0.0,0.0,82.0,100.0,204.0,172.0,84.31372549019608,68.0,33.33333333333333,82.0,19.0,0.0,0.0,0.0,0.0,999.0,63.0,34.0,53.96825396825397
67,1903.0,0.0,580.0,591.0,19924.0,342.0,101.0,29.53216374269006,241.0,70.46783625730994,580.0,28.0,4.827586206896552,552.0,95.17241379310344,0.0,0.0,0.0,0.0,0.0,0.0,0.0,0.0,0.0,0.0,580.0,580.0,100.0,0.0,0.0,580.0,217.0,37.41379310344828,93.0,42.857142857142854,124.0,57.14285714285714,363.0,62.58620689655172,258.0,71.07438016528926,105.0,28.92561983471074,591.0,342.0,57.868020304568525,249.0,42.13197969543147,205.0,182.0,88.78048780487805,23.0,11.219512195121952,0.0,0.0,342.0,41.0,11.988304093567251,104.0,30.409356725146196,197.0,57.60233918128655,580.0,541.0,93.27586206896552,39.0,6.724137931034482,464.0,90.0,19.396551724137932,134.0,28.879310344827587,117.0,25.21551724137931,55.0,11.85344827586207,55.0,11.85344827586207,13.0,2.8017241379310347,145.0,0.0,0.0,145.0,100.0,580.0,580.0,351.0,145.0,53.0,36.55172413793103,92.0,63.44827586206897,204.0,172.0,84.31372549019608,68.0,33.33333333333333,145.0,41.0,0.0,0.0,25.0,25.0,1.0,79.0,52.0,65.82278481012658
68,1904.0,0.0,580.0,591.0,19924.0,342.0,101.0,29.53216374269006,241.0,70.46783625730994,580.0,28.0,4.827586206896552,552.0,95.17241379310344,0.0,0.0,0.0,0.0,0.0,0.0,0.0,0.0,0.0,0.0,580.0,580.0,100.0,0.0,0.0,580.0,217.0,37.41379310344828,93.0,42.857142857142854,124.0,57.14285714285714,363.0,62.58620689655172,258.0,71.07438016528926,105.0,28.92561983471074,591.0,342.0,57.868020304568525,249.0,42.13197969543147,205.0,182.0,88.78048780487805,23.0,11.219512195121952,0.0,0.0,342.0,41.0,11.988304093567251,104.0,30.409356725146196,197.0,57.60233918128655,580.0,541.0,93.27586206896552,39.0,6.724137931034482,464.0,90.0,19.396551724137932,134.0,28.879310344827587,117.0,25.21551724137931,55.0,11.85344827586207,55.0,11.85344827586207,13.0,2.8017241379310347,145.0,0.0,0.0,145.0,100.0,580.0,580.0,351.0,145.0,53.0,36.55172413793103,92.0,63.44827586206897,204.0,172.0,84.31372549019608,68.0,33.33333333333333,145.0,41.0,0.0,0.0,25.0,25.0,1.0,79.0,52.0,65.82278481012658
69,1910.0,0.0,580.0,591.0,19924.0,342.0,101.0,29.53216374269006,241.0,70.46783625730994,580.0,28.0,4.827586206896552,552.0,95.17241379310344,0.0,0.0,0.0,0.0,0.0,0.0,0.0,0.0,0.0,0.0,580.0,580.0,100.0,0.0,0.0,580.0,217.0,37.41379310344828,93.0,42.857142857142854,124.0,57.14285714285714,363.0,62.58620689655172,258.0,71.07438016528926,105.0,28.92561983471074,591.0,342.0,57.868020304568525,249.0,42.13197969543147,205.0,182.0,88.78048780487805,23.0,11.219512195121952,0.0,0.0,342.0,41.0,11.988304093567251,104.0,30.409356725146196,197.0,57.60233918128655,580.0,541.0,93.27586206896552,39.0,6.724137931034482,464.0,90.0,19.396551724137932,134.0,28.879310344827587,117.0,25.21551724137931,55.0,11.85344827586207,55.0,11.85344827586207,13.0,2.8017241379310347,145.0,0.0,0.0,145.0,100.0,580.0,580.0,351.0,145.0,53.0,36.55172413793103,92.0,63.44827586206897,204.0,172.0,84.31372549019608,68.0,33.33333333333333,145.0,41.0,0.0,0.0,25.0,25.0,1.0,79.0,52.0,65.82278481012658
70,1912.0,0.0,580.0,591.0,19924.0,342.0,101.0,29.53216374269006,241.0,70.46783625730994,580.0,28.0,4.827586206896552,552.0,95.17241379310344,0.0,0.0,0.0,0.0,0.0,0.0,0.0,0.0,0.0,0.0,580.0,580.0,100.0,0.0,0.0,580.0,217.0,37.41379310344828,93.0,42.857142857142854,124.0,57.14285714285714,363.0,62.58620689655172,258.0,71.07438016528926,105.0,28.92561983471074,591.0,342.0,57.868020304568525,249.0,42.13197969543147,205.0,182.0,88.78048780487805,23.0,11.219512195121952,0.0,0.0,342.0,41.0,11.988304093567251,104.0,30.409356725146196,197.0,57.60233918128655,580.0,541.0,93.27586206896552,39.0,6.724137931034482,464.0,90.0,19.396551724137932,134.0,28.879310344827587,117.0,25.21551724137931,55.0,11.85344827586207,55.0,11.85344827586207,13.0,2.8017241379310347,145.0,0.0,0.0,145.0,100.0,580.0,580.0,351.0,145.0,53.0,36.55172413793103,92.0,63.44827586206897,204.0,172.0,84.31372549019608,68.0,33.33333333333333,145.0,41.0,0.0,0.0,25.0,25.0,1.0,79.0,52.0,65.82278481012658
71,2012.0,0.0,580.0,591.0,19924.0,342.0,101.0,29.53216374269006,241.0,70.46783625730994,580.0,28.0,4.827586206896552,552.0,95.17241379310344,0.0,0.0,0.0,0.0,0.0,0.0,0.0,0.0,0.0,0.0,580.0,580.0,100.0,0.0,0.0,580.0,217.0,37.41379310344828,93.0,42.857142857142854,124.0,57.14285714285714,363.0,62.58620689655172,258.0,71.07438016528926,105.0,28.92561983471074,591.0,342.0,57.868020304568525,249.0,42.13197969543147,205.0,182.0,88.78048780487805,23.0,11.219512195121952,0.0,0.0,342.0,41.0,11.988304093567251,104.0,30.409356725146196,197.0,57.60233918128655,580.0,541.0,93.27586206896552,39.0,6.724137931034482,464.0,90.0,19.396551724137932,134.0,28.879310344827587,117.0,25.21551724137931,55.0,11.85344827586207,55.0,11.85344827586207,13.0,2.8017241379310347,145.0,0.0,0.0,145.0,100.0,580.0,580.0,351.0,145.0,53.0,36.55172413793103,92.0,63.44827586206897,204.0,172.0,84.31372549019608,68.0,33.33333333333333,145.0,41.0,0.0,0.0,25.0,25.0,1.0,79.0,52.0,65.82278481012658
72,1908.0,0.0,605.0,475.0,23036.0,361.0,136.0,37.67313019390582,225.0,62.32686980609419,605.0,49.0,8.099173553719009,551.0,91.07438016528926,0.0,0.0,0.0,0.0,0.0,0.0,0.0,0.0,5.0,0.8264462809917356,605.0,598.0,98.84297520661157,7.0,1.1570247933884297,583.0,147.0,25.21440823327616,18.0,12.244897959183673,129.0,87.75510204081633,436.0,74.78559176672384,259.0,59.403669724770644,177.0,40.596330275229356,475.0,361.0,76.0,114.0,24.0,234.0,199.0,85.04273504273505,16.0,6.837606837606838,19.0,8.11965811965812,361.0,65.0,18.005540166204987,41.0,11.357340720221606,255.0,70.6371191135734,605.0,512.0,84.62809917355372,84.0,13.884297520661157,464.0,123.0,26.50862068965517,111.0,23.92241379310345,155.0,33.4051724137931,31.0,6.68103448275862,32.0,6.896551724137931,12.0,2.586206896551724,106.0,8.0,7.547169811320755,98.0,92.45283018867924,605.0,575.0,277.0,106.0,40.0,37.735849056603776,66.0,62.264150943396224,204.0,172.0,84.31372549019608,68.0,33.33333333333333,106.0,65.0,25.0,38.46153846153847,0.0,0.0,999.0,41.0,0.0,0.0
73,1913.0,0.0,687.0,288.0,27604.0,223.0,68.0,30.493273542600896,155.0,69.50672645739911,687.0,28.0,4.075691411935954,636.0,92.57641921397381,4.0,0.5822416302765648,0.0,0.0,0.0,0.0,9.0,1.3100436681222707,10.0,1.455604075691412,687.0,674.0,98.10771470160117,13.0,1.8922852983988356,508.0,209.0,41.14173228346456,129.0,61.72248803827751,80.0,38.27751196172249,299.0,58.85826771653543,226.0,75.58528428093646,73.0,24.414715719063544,288.0,223.0,77.43055555555556,65.0,22.569444444444446,193.0,155.0,80.31088082901555,9.0,4.66321243523316,0.0,0.0,223.0,48.0,21.524663677130047,51.0,22.869955156950674,124.0,55.60538116591929,687.0,488.0,71.03347889374089,199.0,28.966521106259098,528.0,123.0,23.295454545454543,124.0,23.484848484848484,110.0,20.833333333333336,64.0,12.121212121212121,56.0,10.606060606060606,51.0,9.659090909090908,99.0,21.0,21.21212121212121,78.0,78.78787878787878,687.0,508.0,355.0,99.0,29.0,29.292929292929294,70.0,70.70707070707071,204.0,172.0,84.31372549019608,68.0,33.33333333333333,99.0,48.0,42.0,87.5,29.0,0.0,0.0,22.0,0.0,0.0
74,1409.0,1.0,3851.0,1265.0,20000.0,774.0,99.0,12.790697674418606,675.0,87.20930232558139,3851.0,2090.0,54.27161776162036,1115.0,28.95351856660608,41.0,1.0646585302518825,278.0,7.218904180732277,0.0,0.0,106.0,2.7525318099195015,221.0,5.738769150869904,3851.0,3649.0,94.75460919241755,202.0,5.245390807582446,1327.0,716.0,53.956292388847025,104.0,14.52513966480447,612.0,85.47486033519553,611.0,46.04370761115298,172.0,28.150572831423897,439.0,71.84942716857611,1265.0,774.0,61.18577075098814,491.0,38.81422924901186,1585.0,773.0,48.769716088328074,0.0,0.0,654.0,41.261829652996845,774.0,65.0,8.397932816537468,35.0,4.521963824289406,674.0,87.08010335917312,3851.0,1899.0,49.311867047520124,1748.0,45.39080758244612,831.0,55.0,6.618531889290012,141.0,16.967509025270758,139.0,16.726835138387486,33.0,3.9711191335740073,252.0,30.324909747292416,211.0,25.391095066185322,100.0,0.0,0.0,100.0,100.0,3851.0,1276.0,276.0,100.0,53.0,53.0,47.0,47.0,204.0,172.0,84.31372549019608,68.0,33.33333333333333,100.0,65.0,26.0,40.0,7.0,0.0,0.0,28.0,0.0,0.0
75,1422.0,0.0,646.0,443.0,44395.0,322.0,94.0,29.19254658385093,228.0,70.80745341614907,646.0,385.0,59.59752321981424,196.0,30.340557275541798,0.0,0.0,41.0,6.3467492260061915,0.0,0.0,24.0,3.7151702786377707,0.0,0.0,646.0,622.0,96.28482972136223,24.0,3.7151702786377707,633.0,251.0,39.652448657187996,194.0,77.29083665338645,57.0,22.709163346613543,382.0,60.34755134281201,207.0,54.18848167539267,175.0,45.811518324607334,443.0,322.0,72.686230248307,121.0,27.313769751693002,307.0,276.0,89.90228013029315,0.0,0.0,0.0,0.0,322.0,104.0,32.298136645962735,48.0,14.906832298136646,170.0,52.79503105590062,598.0,267.0,44.64882943143812,314.0,52.508361204013376,453.0,21.0,4.635761589403973,134.0,29.58057395143488,2.0,0.44150110375275936,13.0,2.869757174392936,74.0,16.335540838852097,209.0,46.13686534216336,152.0,0.0,0.0,152.0,100.0,646.0,633.0,401.0,152.0,40.0,26.31578947368421,112.0,73.68421052631578,204.0,172.0,84.31372549019608,68.0,33.33333333333333,152.0,104.0,0.0,0.0,0.0,0.0,999.0,48.0,48.0,100.0
76,2510.0,0.0,688.0,338.0,100833.0,330.0,266.0,80.60606060606061,64.0,19.393939393939394,688.0,669.0,97.23837209302324,0.0,0.0,0.0,0.0,0.0,0.0,0.0,0.0,19.0,2.761627906976744,0.0,0.0,688.0,669.0,97.23837209302324,19.0,2.761627906976744,688.0,73.0,10.61046511627907,54.0,73.97260273972603,19.0,26.027397260273972,615.0,89.38953488372093,471.0,76.58536585365854,144.0,23.414634146341466,338.0,330.0,97.63313609467455,8.0,2.366863905325444,386.0,354.0,91.70984455958549,0.0,0.0,0.0,0.0,330.0,161.0,48.78787878787879,31.0,9.393939393939393,138.0,41.81818181818181,688.0,662.0,96.22093023255815,26.0,3.77906976744186,549.0,18.0,3.278688524590164,41.0,7.468123861566485,65.0,11.839708561020036,22.0,4.007285974499089,299.0,54.462659380692166,104.0,18.94353369763206,192.0,0.0,0.0,192.0,100.0,688.0,688.0,525.0,192.0,88.0,45.83333333333333,104.0,54.166666666666664,204.0,172.0,84.31372549019608,68.0,33.33333333333333,192.0,161.0,67.0,41.61490683229814,0.0,0.0,999.0,31.0,0.0,0.0
77,2501.0,0.0,1746.0,906.0,125536.0,791.0,627.0,79.26675094816687,164.0,20.733249051833123,1746.0,1641.0,93.98625429553265,85.0,4.868270332187858,11.0,0.6300114547537228,0.0,0.0,0.0,0.0,0.0,0.0,9.0,0.5154639175257731,1746.0,1746.0,100.0,0.0,0.0,1746.0,92.0,5.2691867124856815,36.0,39.130434782608695,56.0,60.86956521739131,1654.0,94.73081328751431,1383.0,83.61547762998791,271.0,16.384522370012093,906.0,791.0,87.30684326710816,115.0,12.693156732891833,870.0,794.0,91.26436781609195,0.0,0.0,24.0,2.7586206896551726,791.0,478.0,60.42983565107459,40.0,5.056890012642225,273.0,34.51327433628318,1701.0,1465.0,86.12580834803057,236.0,13.874191651969431,1352.0,0.0,0.0,50.0,3.698224852071006,91.0,6.730769230769231,23.0,1.7011834319526626,556.0,41.124260355029584,632.0,46.74556213017752,518.0,0.0,0.0,518.0,100.0,1746.0,1746.0,1419.0,518.0,281.0,54.24710424710425,237.0,45.75289575289575,204.0,172.0,84.31372549019608,68.0,33.33333333333333,518.0,478.0,151.0,31.589958158995817,21.0,21.0,1.0,19.0,9.0,47.368421052631575
78,1406.0,0.0,844.0,560.0,32426.0,365.0,173.0,47.397260273972606,192.0,52.602739726027394,844.0,567.0,67.18009478672985,123.0,14.57345971563981,0.0,0.0,13.0,1.5402843601895735,0.0,0.0,126.0,14.928909952606634,15.0,1.7772511848341233,844.0,629.0,74.52606635071089,215.0,25.473933649289098,840.0,214.0,25.476190476190474,165.0,77.10280373831776,49.0,22.897196261682243,626.0,74.52380952380952,392.0,62.61980830670927,234.0,37.38019169329074,560.0,365.0,65.17857142857143,195.0,34.82142857142857,350.0,333.0,95.14285714285714,0.0,0.0,0.0,0.0,365.0,81.0,22.19178082191781,76.0,20.82191780821918,208.0,56.986301369863014,844.0,776.0,91.9431279620853,47.0,5.568720379146919,532.0,109.0,20.48872180451128,48.0,9.022556390977442,151.0,28.383458646616543,70.0,13.157894736842104,121.0,22.74436090225564,33.0,6.203007518796992,157.0,18.0,11.464968152866243,139.0,88.53503184713377,844.0,837.0,561.0,157.0,93.0,59.23566878980891,64.0,40.76433121019109,204.0,172.0,84.31372549019608,68.0,33.33333333333333,157.0,81.0,49.0,60.49382716049383,43.0,39.0,0.90697,33.0,0.0,0.0
79,1905.0,0.0,623.0,449.0,28229.0,233.0,91.0,39.05579399141631,142.0,60.94420600858369,623.0,45.0,7.223113964686998,578.0,92.776886035313,0.0,0.0,0.0,0.0,0.0,0.0,0.0,0.0,0.0,0.0,623.0,587.0,94.22150882825039,36.0,5.778491171749598,623.0,298.0,47.8330658105939,187.0,62.751677852349,111.0,37.24832214765101,325.0,52.1669341894061,254.0,78.15384615384615,71.0,21.846153846153847,449.0,233.0,51.89309576837417,216.0,48.10690423162583,205.0,174.0,84.8780487804878,0.0,0.0,31.0,15.121951219512194,233.0,86.0,36.9098712446352,50.0,21.45922746781116,97.0,41.63090128755365,607.0,421.0,69.35749588138385,186.0,30.64250411861614,493.0,88.0,17.849898580121703,224.0,45.436105476673426,135.0,27.38336713995943,22.0,4.462474645030426,7.0,1.4198782961460445,17.0,3.4482758620689653,136.0,49.0,36.029411764705884,87.0,63.970588235294116,623.0,605.0,441.0,136.0,65.0,47.794117647058826,71.0,52.20588235294118,204.0,172.0,84.31372549019608,68.0,33.33333333333333,136.0,86.0,5.0,5.813953488372093,0.0,0.0,999.0,50.0,26.0,52.0
80,1504.0,0.0,674.0,307.0,41125.0,265.0,230.0,86.79245283018868,35.0,13.20754716981132,674.0,92.0,13.649851632047477,582.0,86.35014836795251,0.0,0.0,0.0,0.0,0.0,0.0,0.0,0.0,0.0,0.0,674.0,649.0,96.29080118694363,25.0,3.7091988130563793,674.0,83.0,12.314540059347182,49.0,59.036144578313255,34.0,40.963855421686745,591.0,87.68545994065282,555.0,93.90862944162437,36.0,6.091370558375635,307.0,265.0,86.31921824104235,42.0,13.680781758957655,211.0,211.0,100.0,0.0,0.0,0.0,0.0,265.0,94.0,35.471698113207545,101.0,38.113207547169814,70.0,26.41509433962264,674.0,617.0,91.54302670623146,57.0,8.456973293768547,538.0,131.0,24.349442379182157,113.0,21.00371747211896,128.0,23.79182156133829,32.0,5.947955390334572,59.0,10.966542750929369,75.0,13.940520446096654,195.0,78.0,40.0,117.0,60.0,674.0,674.0,604.0,195.0,29.0,14.871794871794872,166.0,85.12820512820512,204.0,172.0,84.31372549019608,68.0,33.33333333333333,195.0,94.0,13.0,13.829787234042554,9.0,0.0,0.0,92.0,14.0,15.217391304347828
81,1410.0,0.0,1353.0,1173.0,30179.0,803.0,0.0,0.0,803.0,100.0,1353.0,177.0,13.082039911308204,1112.0,82.18773096821877,0.0,0.0,19.0,1.4042867701404287,0.0,0.0,34.0,2.5129342202512936,11.0,0.8130081300813009,1353.0,1262.0,93.27420546932743,91.0,6.72579453067258,1353.0,371.0,27.420546932742056,148.0,39.892183288409704,223.0,60.1078167115903,982.0,72.57945306725794,474.0,48.26883910386965,508.0,51.73116089613035,1173.0,803.0,68.45694799658995,370.0,31.54305200341006,920.0,883.0,95.97826086956522,0.0,0.0,0.0,0.0,803.0,100.0,12.453300124533001,135.0,16.811955168119553,568.0,70.73474470734745,1353.0,725.0,53.584626755358464,628.0,46.415373244641536,853.0,39.0,4.572098475967175,288.0,33.76318874560375,191.0,22.3915592028136,161.0,18.874560375146544,91.0,10.668229777256741,83.0,9.730363423212191,235.0,66.0,28.085106382978726,169.0,71.91489361702128,1353.0,1353.0,622.0,235.0,64.0,27.23404255319149,171.0,72.76595744680851,204.0,172.0,84.31372549019608,68.0,33.33333333333333,235.0,100.0,37.0,37.0,23.0,0.0,0.0,112.0,97.0,86.60714285714286
82,1909.0,0.0,1232.0,719.0,27401.0,537.0,363.0,67.59776536312849,174.0,32.402234636871505,1232.0,126.0,10.227272727272728,1106.0,89.77272727272727,0.0,0.0,0.0,0.0,0.0,0.0,0.0,0.0,0.0,0.0,1232.0,1232.0,100.0,0.0,0.0,1224.0,161.0,13.153594771241831,71.0,44.099378881987576,90.0,55.90062111801242,1063.0,86.84640522875817,858.0,80.71495766698024,205.0,19.285042333019756,719.0,537.0,74.68706536856745,182.0,25.312934631432544,380.0,371.0,97.63157894736842,9.0,2.368421052631579,0.0,0.0,537.0,132.0,24.581005586592177,143.0,26.629422718808193,262.0,48.78957169459962,1232.0,1017.0,82.5487012987013,215.0,17.4512987012987,825.0,104.0,12.606060606060607,383.0,46.42424242424242,130.0,15.757575757575756,82.0,9.93939393939394,98.0,11.878787878787879,28.0,3.3939393939393945,275.0,107.0,38.90909090909091,168.0,61.09090909090909,1232.0,1232.0,937.0,275.0,123.0,44.72727272727273,152.0,55.27272727272727,204.0,172.0,84.31372549019608,68.0,33.33333333333333,275.0,132.0,7.0,5.303030303030303,54.0,30.0,0.55555,89.0,29.0,32.58426966292135
83,2512.0,0.0,915.0,543.0,87500.0,458.0,403.0,87.99126637554585,55.0,12.008733624454148,915.0,915.0,100.0,0.0,0.0,0.0,0.0,0.0,0.0,0.0,0.0,0.0,0.0,0.0,0.0,915.0,915.0,100.0,0.0,0.0,915.0,14.0,1.530054644808743,0.0,0.0,14.0,100.0,901.0,98.46994535519126,559.0,62.04217536071032,342.0,37.957824639289676,543.0,458.0,84.34622467771639,85.0,15.65377532228361,565.0,551.0,97.52212389380531,0.0,0.0,0.0,0.0,458.0,168.0,36.681222707423586,35.0,7.641921397379912,255.0,55.67685589519651,857.0,793.0,92.53208868144691,64.0,7.467911318553091,748.0,0.0,0.0,98.0,13.101604278074866,74.0,9.893048128342247,28.0,3.7433155080213902,302.0,40.37433155080214,246.0,32.887700534759354,203.0,0.0,0.0,203.0,100.0,915.0,915.0,559.0,203.0,81.0,39.90147783251231,122.0,60.09852216748769,204.0,172.0,84.31372549019608,68.0,33.33333333333333,203.0,168.0,53.0,31.547619047619047,16.0,16.0,1.0,19.0,0.0,0.0
84,1517.0,0.0,750.0,438.0,,348.0,133.0,38.2183908045977,215.0,61.7816091954023,750.0,0.0,0.0,750.0,100.0,0.0,0.0,0.0,0.0,0.0,0.0,0.0,0.0,0.0,0.0,750.0,750.0,100.0,0.0,0.0,750.0,276.0,36.8,187.0,67.7536231884058,89.0,32.2463768115942,474.0,63.2,394.0,83.12236286919831,80.0,16.877637130801688,438.0,348.0,79.45205479452055,90.0,20.54794520547945,162.0,98.0,60.49382716049383,48.0,29.629629629629626,0.0,0.0,348.0,16.0,4.597701149425287,163.0,46.839080459770116,169.0,48.56321839080459,750.0,470.0,62.66666666666667,280.0,37.333333333333336,555.0,79.0,14.234234234234233,349.0,62.88288288288288,37.0,6.666666666666667,39.0,7.027027027027027,16.0,2.8828828828828827,35.0,6.306306306306306,179.0,56.0,31.28491620111732,123.0,68.71508379888269,750.0,750.0,581.0,179.0,16.0,8.938547486033519,163.0,91.06145251396647,204.0,172.0,84.31372549019608,68.0,33.33333333333333,179.0,16.0,0.0,0.0,0.0,0.0,999.0,163.0,99.0,60.73619631901841
85,1510.0,0.0,800.0,537.0,24258.0,377.0,202.0,53.58090185676393,175.0,46.41909814323608,800.0,10.0,1.25,790.0,98.75,0.0,0.0,0.0,0.0,0.0,0.0,0.0,0.0,0.0,0.0,800.0,800.0,100.0,0.0,0.0,800.0,198.0,24.75,119.0,60.1010101010101,79.0,39.8989898989899,602.0,75.25,538.0,89.3687707641196,64.0,10.631229235880399,537.0,377.0,70.2048417132216,160.0,29.7951582867784,251.0,251.0,100.0,0.0,0.0,0.0,0.0,377.0,95.0,25.198938992042443,149.0,39.52254641909814,133.0,35.278514588859416,800.0,727.0,90.875,73.0,9.125,618.0,159.0,25.728155339805824,204.0,33.00970873786408,130.0,21.035598705501616,56.0,9.06148867313916,69.0,11.165048543689322,0.0,0.0,244.0,49.0,20.081967213114755,195.0,79.91803278688525,800.0,800.0,657.0,244.0,84.0,34.42622950819672,160.0,65.57377049180327,144.0,120.0,83.33333333333334,63.0,43.75,244.0,95.0,19.0,20.0,26.0,0.0,0.0,123.0,65.0,52.84552845528455
86,1418.0,0.0,963.0,613.0,28828.0,415.0,0.0,0.0,415.0,100.0,963.0,128.0,13.291796469366563,686.0,71.23572170301142,0.0,0.0,0.0,0.0,0.0,0.0,149.0,15.472481827622014,0.0,0.0,963.0,814.0,84.52751817237798,149.0,15.472481827622014,926.0,400.0,43.196544276457885,0.0,0.0,400.0,100.0,526.0,56.803455723542115,158.0,30.038022813688215,368.0,69.96197718631178,613.0,415.0,67.69983686786297,198.0,32.30016313213703,651.0,625.0,96.00614439324117,0.0,0.0,0.0,0.0,415.0,20.0,4.819277108433735,23.0,5.542168674698795,372.0,89.63855421686748,963.0,529.0,54.932502596054,434.0,45.067497403946,262.0,79.0,30.15267175572519,115.0,43.89312977099237,29.0,11.068702290076336,39.0,14.885496183206106,0.0,0.0,0.0,0.0,43.0,23.0,53.48837209302325,20.0,46.51162790697674,963.0,952.0,195.0,43.0,0.0,0.0,43.0,100.0,757.0,372.0,49.14134742404227,160.0,21.136063408190225,43.0,20.0,20.0,100.0,0.0,0.0,999.0,23.0,23.0,100.0
87,1407.0,0.0,1572.0,1207.0,35035.0,908.0,0.0,0.0,908.0,100.0,1572.0,225.0,14.31297709923664,1307.0,83.14249363867684,0.0,0.0,14.0,0.8905852417302799,0.0,0.0,26.0,1.653944020356234,0.0,0.0,1572.0,1521.0,96.7557251908397,51.0,3.2442748091603053,1572.0,426.0,27.099236641221374,311.0,73.00469483568075,115.0,26.995305164319248,1146.0,72.90076335877863,615.0,53.66492146596858,531.0,46.33507853403142,1207.0,908.0,75.22783761391881,299.0,24.77216238608119,947.0,902.0,95.2481520591341,0.0,0.0,0.0,0.0,908.0,49.0,5.39647577092511,349.0,38.43612334801762,510.0,56.167400881057276,1572.0,896.0,56.99745547073791,676.0,43.00254452926209,913.0,69.0,7.5575027382256295,173.0,18.948521358159912,222.0,24.31544359255203,136.0,14.895947426067908,283.0,30.996714129244253,30.0,3.285870755750274,398.0,155.0,38.94472361809046,243.0,61.05527638190955,1572.0,1572.0,926.0,398.0,70.0,17.587939698492463,328.0,82.41206030150754,646.0,510.0,78.94736842105263,282.0,43.653250773993804,398.0,49.0,15.0,30.612244897959183,36.0,0.0,0.0,313.0,222.0,70.92651757188499
88,1605.0,0.0,1776.0,1050.0,32115.0,742.0,319.0,42.99191374663073,423.0,57.00808625336927,1776.0,395.0,22.24099099099099,1381.0,77.759009009009,0.0,0.0,0.0,0.0,0.0,0.0,0.0,0.0,0.0,0.0,1776.0,1776.0,100.0,0.0,0.0,1776.0,490.0,27.59009009009009,412.0,84.08163265306122,78.0,15.918367346938775,1286.0,72.40990990990991,1043.0,81.10419906687403,243.0,18.895800933125972,1050.0,742.0,70.66666666666667,308.0,29.333333333333332,746.0,697.0,93.43163538873995,0.0,0.0,0.0,0.0,742.0,229.0,30.862533692722373,221.0,29.784366576819405,292.0,39.35309973045822,1750.0,1535.0,87.71428571428571,215.0,12.285714285714286,1082.0,173.0,15.98890942698706,323.0,29.852125693160815,338.0,31.23844731977819,198.0,18.299445471349355,28.0,2.5878003696857674,22.0,2.033271719038817,450.0,231.0,51.33333333333333,219.0,48.66666666666667,1776.0,1776.0,1455.0,450.0,192.0,42.66666666666667,258.0,57.333333333333336,106.0,81.0,76.41509433962264,67.0,63.20754716981132,450.0,229.0,117.0,51.09170305676856,15.0,6.0,0.4,206.0,131.0,63.59223300970874
89,1419.0,0.0,2648.0,1113.0,52143.0,978.0,752.0,76.89161554192229,226.0,23.108384458077712,2648.0,241.0,9.101208459214503,2375.0,89.69033232628398,12.0,0.4531722054380665,0.0,0.0,0.0,0.0,0.0,0.0,20.0,0.7552870090634441,2648.0,2644.0,99.8489425981873,4.0,0.1510574018126888,2627.0,595.0,22.649409973353634,537.0,90.25210084033614,58.0,9.747899159663866,2032.0,77.35059002664636,1784.0,87.79527559055119,248.0,12.204724409448819,1113.0,978.0,87.87061994609164,135.0,12.129380053908356,1113.0,1109.0,99.64061096136568,0.0,0.0,0.0,0.0,978.0,348.0,35.58282208588957,349.0,35.68507157464212,281.0,28.732106339468306,2618.0,2217.0,84.6829640947288,393.0,15.01145912910619,1704.0,111.0,6.514084507042253,487.0,28.579812206572768,421.0,24.706572769953052,175.0,10.269953051643192,319.0,18.720657276995308,191.0,11.208920187793426,697.0,139.0,19.94261119081779,558.0,80.0573888091822,2648.0,2648.0,2337.0,697.0,265.0,38.02008608321377,432.0,61.979913916786224,311.0,281.0,90.35369774919614,92.0,29.581993569131832,697.0,348.0,94.0,27.011494252873565,57.0,24.0,0.42105,292.0,112.0,38.35616438356164
90,1619.0,0.0,1553.0,689.0,58526.0,614.0,382.0,62.21498371335505,232.0,37.785016286644954,1553.0,88.0,5.666452028332261,1428.0,91.95106245975532,0.0,0.0,0.0,0.0,11.0,0.7083065035415326,0.0,0.0,26.0,1.674179008370895,1553.0,1553.0,100.0,0.0,0.0,1514.0,157.0,10.369881109643329,131.0,83.43949044585987,26.0,16.560509554140125,1357.0,89.63011889035667,1160.0,85.48268238761975,197.0,14.517317612380252,689.0,614.0,89.11465892597968,75.0,10.88534107402032,920.0,890.0,96.73913043478261,0.0,0.0,0.0,0.0,614.0,266.0,43.32247557003257,136.0,22.149837133550488,212.0,34.527687296416936,1514.0,1438.0,94.98018494055482,76.0,5.019815059445178,1081.0,17.0,1.572617946345976,324.0,29.972247918593897,214.0,19.79648473635523,133.0,12.303422756706754,218.0,20.166512488436634,175.0,16.188714153561516,402.0,100.0,24.875621890547265,302.0,75.12437810945273,1553.0,1553.0,1330.0,402.0,235.0,58.457711442786064,167.0,41.54228855721393,223.0,212.0,95.06726457399103,161.0,72.19730941704036,402.0,266.0,47.0,17.669172932330827,67.0,67.0,1.0,69.0,42.0,60.86956521739131
91,2102.0,0.0,1686.0,727.0,45788.0,675.0,273.0,40.44444444444444,402.0,59.55555555555555,1686.0,1116.0,66.19217081850533,507.0,30.071174377224196,0.0,0.0,0.0,0.0,0.0,0.0,0.0,0.0,63.0,3.7366548042704624,1686.0,1686.0,100.0,0.0,0.0,1634.0,14.0,0.8567931456548347,0.0,0.0,14.0,100.0,1620.0,99.14320685434517,1421.0,87.71604938271605,199.0,12.283950617283951,727.0,675.0,92.84731774415405,52.0,7.152682255845942,837.0,837.0,100.0,0.0,0.0,0.0,0.0,675.0,303.0,44.888888888888886,173.0,25.62962962962963,199.0,29.48148148148148,1662.0,1272.0,76.53429602888086,390.0,23.465703971119133,1031.0,76.0,7.371483996120272,479.0,46.45974781765276,224.0,21.72647914645975,166.0,16.100872938894277,50.0,4.849660523763336,36.0,3.4917555771096023,476.0,84.0,17.647058823529413,392.0,82.35294117647058,1686.0,1657.0,1444.0,476.0,174.0,36.554621848739494,302.0,63.4453781512605,255.0,229.0,89.80392156862746,83.0,32.549019607843135,476.0,303.0,113.0,37.29372937293729,0.0,0.0,999.0,173.0,104.0,60.115606936416185
92,2120.0,0.0,2047.0,823.0,53083.0,734.0,561.0,76.43051771117166,173.0,23.56948228882834,2047.0,1350.0,65.95017098192477,697.0,34.049829018075236,0.0,0.0,0.0,0.0,0.0,0.0,0.0,0.0,0.0,0.0,2047.0,2037.0,99.5114802149487,10.0,0.48851978505129456,2047.0,215.0,10.503175378602833,203.0,94.41860465116278,12.0,5.5813953488372094,1832.0,89.49682462139717,1648.0,89.95633187772926,184.0,10.043668122270741,823.0,734.0,89.18590522478736,89.0,10.814094775212636,952.0,867.0,91.07142857142857,0.0,0.0,0.0,0.0,734.0,350.0,47.68392370572207,207.0,28.201634877384198,177.0,24.114441416893733,2019.0,1752.0,86.77563150074295,267.0,13.224368499257059,1372.0,97.0,7.069970845481049,404.0,29.44606413994169,395.0,28.79008746355685,149.0,10.860058309037901,205.0,14.941690962099125,122.0,8.892128279883382,557.0,81.0,14.542190305206462,476.0,85.45780969479354,2047.0,2047.0,1851.0,557.0,281.0,50.44883303411131,276.0,49.55116696588869,118.0,86.0,72.88135593220339,25.0,21.1864406779661,557.0,350.0,178.0,50.857142857142854,65.0,65.0,1.0,142.0,47.0,33.098591549295776
93,1205.0,0.0,353.0,200.0,19219.0,141.0,107.0,75.88652482269504,34.0,24.113475177304963,353.0,165.0,46.742209631728045,188.0,53.25779036827195,0.0,0.0,0.0,0.0,0.0,0.0,0.0,0.0,0.0,0.0,353.0,353.0,100.0,0.0,0.0,353.0,153.0,43.342776203966004,126.0,82.35294117647058,27.0,17.647058823529413,200.0,56.657223796033996,152.0,76.0,48.0,24.0,200.0,141.0,70.5,59.0,29.5,147.0,134.0,91.15646258503402,0.0,0.0,0.0,0.0,141.0,36.0,25.53191489361702,36.0,25.53191489361702,69.0,48.93617021276596,353.0,348.0,98.58356940509914,5.0,1.41643059490085,245.0,66.0,26.93877551020408,106.0,43.26530612244898,50.0,20.408163265306122,23.0,9.387755102040817,0.0,0.0,0.0,0.0,72.0,53.0,73.61111111111111,19.0,26.38888888888889,353.0,353.0,278.0,72.0,20.0,27.77777777777778,52.0,72.22222222222221,76.0,76.0,100.0,18.0,23.684210526315788,72.0,36.0,3.0,8.333333333333332,4.0,0.0,0.0,32.0,28.0,87.5
94,1213.0,0.0,353.0,200.0,19219.0,141.0,107.0,75.88652482269504,34.0,24.113475177304963,353.0,165.0,46.742209631728045,188.0,53.25779036827195,0.0,0.0,0.0,0.0,0.0,0.0,0.0,0.0,0.0,0.0,353.0,353.0,100.0,0.0,0.0,353.0,153.0,43.342776203966004,126.0,82.35294117647058,27.0,17.647058823529413,200.0,56.657223796033996,152.0,76.0,48.0,24.0,200.0,141.0,70.5,59.0,29.5,147.0,134.0,91.15646258503402,0.0,0.0,0.0,0.0,141.0,36.0,25.53191489361702,36.0,25.53191489361702,69.0,48.93617021276596,353.0,348.0,98.58356940509914,5.0,1.41643059490085,245.0,66.0,26.93877551020408,106.0,43.26530612244898,50.0,20.408163265306122,23.0,9.387755102040817,0.0,0.0,0.0,0.0,72.0,53.0,73.61111111111111,19.0,26.38888888888889,353.0,353.0,278.0,72.0,20.0,27.77777777777778,52.0,72.22222222222221,76.0,76.0,100.0,18.0,23.684210526315788,72.0,36.0,3.0,8.333333333333332,4.0,0.0,0.0,32.0,28.0,87.5
95,1217.0,0.0,787.0,274.0,30208.0,264.0,184.0,69.6969696969697,80.0,30.303030303030305,787.0,219.0,27.82719186785261,523.0,66.4548919949174,0.0,0.0,0.0,0.0,0.0,0.0,44.0,5.5908513341804325,1.0,0.12706480304955528,787.0,743.0,94.40914866581956,44.0,5.5908513341804325,771.0,126.0,16.342412451361866,92.0,73.01587301587301,34.0,26.984126984126984,645.0,83.65758754863813,592.0,91.7829457364341,53.0,8.217054263565892,274.0,264.0,96.35036496350365,10.0,3.64963503649635,275.0,269.0,97.81818181818181,0.0,0.0,1.0,0.36363636363636365,264.0,111.0,42.04545454545455,89.0,33.71212121212121,64.0,24.242424242424242,767.0,683.0,89.04823989569752,84.0,10.951760104302476,462.0,110.0,23.809523809523807,186.0,40.25974025974026,91.0,19.696969696969695,26.0,5.627705627705628,36.0,7.792207792207792,13.0,2.813852813852814,200.0,87.0,43.5,113.0,56.49999999999999,787.0,780.0,700.0,200.0,80.0,40.0,120.0,60.0,76.0,76.0,100.0,18.0,23.684210526315788,200.0,111.0,57.0,51.35135135135135,16.0,0.0,0.0,73.0,16.0,21.91780821917808
96,2123.0,0.0,787.0,274.0,30208.0,264.0,184.0,69.6969696969697,80.0,30.303030303030305,787.0,219.0,27.82719186785261,523.0,66.4548919949174,0.0,0.0,0.0,0.0,0.0,0.0,44.0,5.5908513341804325,1.0,0.12706480304955528,787.0,743.0,94.40914866581956,44.0,5.5908513341804325,771.0,126.0,16.342412451361866,92.0,73.01587301587301,34.0,26.984126984126984,645.0,83.65758754863813,592.0,91.7829457364341,53.0,8.217054263565892,274.0,264.0,96.35036496350365,10.0,3.64963503649635,275.0,269.0,97.81818181818181,0.0,0.0,1.0,0.36363636363636365,264.0,111.0,42.04545454545455,89.0,33.71212121212121,64.0,24.242424242424242,767.0,683.0,89.04823989569752,84.0,10.951760104302476,462.0,110.0,23.809523809523807,186.0,40.25974025974026,91.0,19.696969696969695,26.0,5.627705627705628,36.0,7.792207792207792,13.0,2.813852813852814,200.0,87.0,43.5,113.0,56.49999999999999,787.0,780.0,700.0,200.0,80.0,40.0,120.0,60.0,76.0,76.0,100.0,18.0,23.684210526315788,200.0,111.0,57.0,51.35135135135135,16.0,0.0,0.0,73.0,16.0,21.91780821917808
97,1503.0,0.0,1568.0,706.0,22925.0,618.0,280.0,45.307443365695796,338.0,54.69255663430421,1568.0,27.0,1.7219387755102038,1516.0,96.68367346938776,0.0,0.0,0.0,0.0,0.0,0.0,0.0,0.0,25.0,1.594387755102041,1568.0,1568.0,100.0,0.0,0.0,1568.0,908.0,57.90816326530612,848.0,93.3920704845815,60.0,6.607929515418502,660.0,42.09183673469388,514.0,77.87878787878788,146.0,22.12121212121212,706.0,618.0,87.53541076487252,88.0,12.464589235127479,213.0,200.0,93.89671361502347,0.0,0.0,13.0,6.103286384976526,618.0,69.0,11.165048543689322,343.0,55.50161812297735,206.0,33.33333333333333,1568.0,1017.0,64.85969387755102,551.0,35.140306122448976,889.0,140.0,15.748031496062993,273.0,30.708661417322837,185.0,20.80989876265467,224.0,25.196850393700785,67.0,7.536557930258718,0.0,0.0,412.0,162.0,39.32038834951456,250.0,60.679611650485434,1568.0,1568.0,1362.0,412.0,7.0,1.6990291262135921,405.0,98.30097087378641,76.0,76.0,100.0,18.0,23.684210526315788,412.0,69.0,61.0,88.40579710144928,7.0,7.0,1.0,336.0,182.0,54.166666666666664
98,2520.0,0.0,1822.0,925.0,109813.0,870.0,572.0,65.74712643678161,298.0,34.25287356321839,1822.0,1752.0,96.15806805708014,8.0,0.43907793633369924,0.0,0.0,48.0,2.634467618002195,0.0,0.0,0.0,0.0,14.0,0.7683863885839737,1822.0,1793.0,98.40834248079034,29.0,1.5916575192096598,1803.0,137.0,7.598447032723239,40.0,29.1970802919708,97.0,70.8029197080292,1666.0,92.40155296727676,1270.0,76.23049219687876,396.0,23.769507803121247,925.0,870.0,94.05405405405406,55.0,5.9459459459459465,1139.0,1050.0,92.18612818261633,29.0,2.546093064091308,34.0,2.9850746268656714,870.0,440.0,50.57471264367817,40.0,4.597701149425287,390.0,44.827586206896555,1794.0,1344.0,74.91638795986621,450.0,25.08361204013378,1420.0,29.0,2.0422535211267605,119.0,8.380281690140844,209.0,14.71830985915493,59.0,4.154929577464789,497.0,35.0,507.0,35.70422535211268,480.0,0.0,0.0,480.0,100.0,1822.0,1803.0,1310.0,480.0,225.0,46.875,255.0,53.125,76.0,76.0,100.0,18.0,23.684210526315788,480.0,440.0,201.0,45.68181818181819,0.0,0.0,999.0,40.0,0.0,0.0
99,2508.0,0.0,2228.0,924.0,126250.0,864.0,409.0,47.33796296296296,455.0,52.66203703703704,2228.0,2106.0,94.52423698384202,54.0,2.423698384201077,0.0,0.0,32.0,1.436265709156194,0.0,0.0,0.0,0.0,36.0,1.615798922800718,2228.0,2196.0,98.56373429084381,32.0,1.436265709156194,2165.0,368.0,16.997690531177827,309.0,83.96739130434783,59.0,16.032608695652172,1797.0,83.00230946882216,1509.0,83.97328881469114,288.0,16.026711185308848,924.0,864.0,93.5064935064935,60.0,6.493506493506493,1014.0,918.0,90.53254437869822,0.0,0.0,0.0,0.0,864.0,382.0,44.21296296296296,215.0,24.88425925925926,267.0,30.90277777777778,2189.0,1697.0,77.52398355413432,492.0,22.476016445865692,1348.0,3.0,0.22255192878338279,26.0,1.9287833827893175,128.0,9.495548961424333,84.0,6.231454005934718,610.0,45.25222551928783,497.0,36.86943620178042,597.0,0.0,0.0,597.0,100.0,2228.0,2222.0,1881.0,597.0,309.0,51.75879396984925,288.0,48.24120603015075,76.0,76.0,100.0,18.0,23.684210526315788,597.0,382.0,196.0,51.30890052356021,48.0,48.0,1.0,167.0,112.0,67.06586826347305
100,2502.0,0.0,285.0,148.0,,134.0,134.0,100.0,0.0,0.0,285.0,285.0,100.0,0.0,0.0,0.0,0.0,0.0,0.0,0.0,0.0,0.0,0.0,0.0,0.0,285.0,261.0,91.57894736842105,24.0,8.421052631578947,285.0,13.0,4.56140350877193,0.0,0.0,13.0,100.0,272.0,95.43859649122807,233.0,85.66176470588235,39.0,14.338235294117647,148.0,134.0,90.54054054054053,14.0,9.45945945945946,95.0,95.0,100.0,0.0,0.0,0.0,0.0,134.0,67.0,50.0,15.0,11.194029850746269,52.0,38.80597014925373,285.0,285.0,100.0,0.0,0.0,199.0,13.0,6.532663316582915,0.0,0.0,0.0,0.0,0.0,0.0,146.0,73.36683417085426,40.0,20.100502512562816,82.0,0.0,0.0,82.0,100.0,285.0,285.0,233.0,82.0,37.0,45.1219512195122,45.0,54.87804878048781,76.0,76.0,100.0,18.0,23.684210526315788,82.0,67.0,30.0,44.776119402985074,0.0,0.0,999.0,15.0,15.0,100.0
101,2517.0,0.0,935.0,356.0,145833.0,338.0,338.0,100.0,0.0,0.0,935.0,935.0,100.0,0.0,0.0,0.0,0.0,0.0,0.0,0.0,0.0,0.0,0.0,0.0,0.0,935.0,935.0,100.0,0.0,0.0,935.0,44.0,4.705882352941177,44.0,100.0,0.0,0.0,891.0,95.29411764705881,857.0,96.18406285072952,34.0,3.8159371492704826,356.0,338.0,94.9438202247191,18.0,5.056179775280898,455.0,398.0,87.47252747252747,0.0,0.0,0.0,0.0,338.0,265.0,78.40236686390533,39.0,11.538461538461538,34.0,10.059171597633137,935.0,824.0,88.1283422459893,111.0,11.871657754010695,629.0,0.0,0.0,25.0,3.97456279809221,119.0,18.91891891891892,23.0,3.6565977742448332,186.0,29.570747217806044,276.0,43.87917329093799,304.0,0.0,0.0,304.0,100.0,935.0,935.0,901.0,304.0,155.0,50.98684210526315,149.0,49.01315789473684,76.0,76.0,100.0,18.0,23.684210526315788,304.0,265.0,123.0,46.41509433962264,0.0,0.0,999.0,39.0,0.0,0.0
102,2507.0,0.0,2968.0,1137.0,139063.0,1073.0,,93.10344827586206,74.0,6.896551724137931,2968.0,2880.0,97.03504043126685,21.0,0.7075471698113208,0.0,0.0,51.0,1.7183288409703505,0.0,0.0,0.0,0.0,16.0,0.5390835579514826,2968.0,2968.0,100.0,0.0,0.0,2968.0,72.0,2.4258760107816713,15.0,20.833333333333336,57.0,79.16666666666666,2896.0,97.57412398921834,2716.0,93.78453038674033,180.0,6.2154696132596685,1137.0,1073.0,94.37115215479331,64.0,5.628847845206685,1327.0,1190.0,89.67596081386586,0.0,0.0,7.0,0.5275056518462697,1073.0,820.0,76.42124883504195,33.0,3.075489282385834,220.0,20.503261882572225,2919.0,2587.0,88.62624186365193,332.0,11.373758136348064,1971.0,7.0,0.35514967021816335,86.0,4.363267376966007,250.0,12.683916793505833,101.0,5.124302384576357,817.0,41.45104008117706,710.0,36.022323693556565,853.0,3.0,0.3516998827667058,850.0,99.64830011723329,2968.0,2951.0,2731.0,853.0,472.0,55.33411488862837,381.0,44.66588511137163,76.0,76.0,100.0,18.0,23.684210526315788,853.0,820.0,374.0,45.609756097560975,18.0,10.0,0.55555,15.0,8.0,53.333333333333336
103,2202.0,0.0,788.0,202.0,43800.0,202.0,152.0,75.24752475247524,50.0,24.752475247524753,788.0,73.0,9.263959390862944,678.0,86.04060913705584,0.0,0.0,37.0,4.695431472081219,0.0,0.0,0.0,0.0,0.0,0.0,788.0,788.0,100.0,0.0,0.0,788.0,176.0,22.33502538071066,164.0,93.18181818181817,12.0,6.8181818181818175,612.0,77.66497461928934,585.0,95.58823529411765,27.0,4.411764705882353,202.0,202.0,100.0,0.0,0.0,267.0,267.0,100.0,0.0,0.0,0.0,0.0,202.0,110.0,54.45544554455446,53.0,26.237623762376238,39.0,19.306930693069308,788.0,527.0,66.87817258883248,261.0,33.121827411167516,443.0,79.0,17.83295711060948,187.0,42.21218961625282,59.0,13.31828442437923,58.0,13.092550790067719,60.0,13.544018058690746,0.0,0.0,163.0,60.0,36.809815950920246,103.0,63.190184049079754,788.0,788.0,749.0,163.0,53.0,32.515337423312886,110.0,67.48466257668711,76.0,76.0,100.0,18.0,23.684210526315788,163.0,110.0,7.0,6.363636363636363,0.0,0.0,999.0,53.0,6.0,11.320754716981133
104,2201.0,0.0,367.0,316.0,28241.0,216.0,143.0,66.20370370370371,73.0,33.7962962962963,367.0,131.0,35.694822888283376,236.0,64.30517711171662,0.0,0.0,0.0,0.0,0.0,0.0,0.0,0.0,0.0,0.0,367.0,367.0,100.0,0.0,0.0,367.0,42.0,11.444141689373296,0.0,0.0,42.0,100.0,325.0,88.5558583106267,196.0,60.30769230769231,129.0,39.69230769230769,316.0,216.0,68.35443037974683,100.0,31.645569620253166,161.0,161.0,100.0,0.0,0.0,0.0,0.0,216.0,36.0,16.666666666666664,46.0,21.296296296296298,134.0,62.03703703703704,367.0,294.0,80.10899182561307,73.0,19.891008174386922,262.0,0.0,0.0,96.0,36.6412213740458,113.0,43.12977099236641,44.0,16.793893129770993,9.0,3.435114503816794,0.0,0.0,82.0,37.0,45.1219512195122,45.0,54.87804878048781,367.0,367.0,196.0,82.0,27.0,32.926829268292686,55.0,67.07317073170732,76.0,76.0,100.0,18.0,23.684210526315788,82.0,36.0,0.0,0.0,0.0,0.0,999.0,46.0,46.0,100.0
105,2211.0,0.0,367.0,316.0,28241.0,216.0,143.0,66.20370370370371,73.0,33.7962962962963,367.0,131.0,35.694822888283376,236.0,64.30517711171662,0.0,0.0,0.0,0.0,0.0,0.0,0.0,0.0,0.0,0.0,367.0,367.0,100.0,0.0,0.0,367.0,42.0,11.444141689373296,0.0,0.0,42.0,100.0,325.0,88.5558583106267,196.0,60.30769230769231,129.0,39.69230769230769,316.0,216.0,68.35443037974683,100.0,31.645569620253166,161.0,161.0,100.0,0.0,0.0,0.0,0.0,216.0,36.0,16.666666666666664,46.0,21.296296296296298,134.0,62.03703703703704,367.0,294.0,80.10899182561307,73.0,19.891008174386922,262.0,0.0,0.0,96.0,36.6412213740458,113.0,43.12977099236641,44.0,16.793893129770993,9.0,3.435114503816794,0.0,0.0,82.0,37.0,45.1219512195122,45.0,54.87804878048781,367.0,367.0,196.0,82.0,27.0,32.926829268292686,55.0,67.07317073170732,76.0,76.0,100.0,18.0,23.684210526315788,82.0,36.0,0.0,0.0,0.0,0.0,999.0,46.0,46.0,100.0
106,2213.0,0.0,367.0,316.0,28241.0,216.0,143.0,66.20370370370371,73.0,33.7962962962963,367.0,131.0,35.694822888283376,236.0,64.30517711171662,0.0,0.0,0.0,0.0,0.0,0.0,0.0,0.0,0.0,0.0,367.0,367.0,100.0,0.0,0.0,367.0,42.0,11.444141689373296,0.0,0.0,42.0,100.0,325.0,88.5558583106267,196.0,60.30769230769231,129.0,39.69230769230769,316.0,216.0,68.35443037974683,100.0,31.645569620253166,161.0,161.0,100.0,0.0,0.0,0.0,0.0,216.0,36.0,16.666666666666664,46.0,21.296296296296298,134.0,62.03703703703704,367.0,294.0,80.10899182561307,73.0,19.891008174386922,262.0,0.0,0.0,96.0,36.6412213740458,113.0,43.12977099236641,44.0,16.793893129770993,9.0,3.435114503816794,0.0,0.0,82.0,37.0,45.1219512195122,45.0,54.87804878048781,367.0,367.0,196.0,82.0,27.0,32.926829268292686,55.0,67.07317073170732,76.0,76.0,100.0,18.0,23.684210526315788,82.0,36.0,0.0,0.0,0.0,0.0,999.0,46.0,46.0,100.0
107,2216.0,0.0,367.0,316.0,28241.0,216.0,143.0,66.20370370370371,73.0,33.7962962962963,367.0,131.0,35.694822888283376,236.0,64.30517711171662,0.0,0.0,0.0,0.0,0.0,0.0,0.0,0.0,0.0,0.0,367.0,367.0,100.0,0.0,0.0,367.0,42.0,11.444141689373296,0.0,0.0,42.0,100.0,325.0,88.5558583106267,196.0,60.30769230769231,129.0,39.69230769230769,316.0,216.0,68.35443037974683,100.0,31.645569620253166,161.0,161.0,100.0,0.0,0.0,0.0,0.0,216.0,36.0,16.666666666666664,46.0,21.296296296296298,134.0,62.03703703703704,367.0,294.0,80.10899182561307,73.0,19.891008174386922,262.0,0.0,0.0,96.0,36.6412213740458,113.0,43.12977099236641,44.0,16.793893129770993,9.0,3.435114503816794,0.0,0.0,82.0,37.0,45.1219512195122,45.0,54.87804878048781,367.0,367.0,196.0,82.0,27.0,32.926829268292686,55.0,67.07317073170732,76.0,76.0,100.0,18.0,23.684210526315788,82.0,36.0,0.0,0.0,0.0,0.0,999.0,46.0,46.0,100.0
108,2203.0,0.0,1245.0,422.0,40250.0,374.0,134.0,35.82887700534759,240.0,64.1711229946524,1245.0,433.0,34.77911646586345,364.0,29.23694779116466,80.0,6.425702811244979,8.0,0.642570281124498,0.0,0.0,360.0,28.915662650602407,0.0,0.0,1245.0,1014.0,81.44578313253012,231.0,18.55421686746988,1245.0,310.0,24.899598393574294,238.0,76.77419354838709,72.0,23.225806451612904,935.0,75.1004016064257,869.0,92.94117647058823,66.0,7.0588235294117645,422.0,374.0,88.62559241706161,48.0,11.374407582938389,608.0,568.0,93.42105263157895,0.0,0.0,0.0,0.0,374.0,73.0,19.518716577540108,177.0,47.32620320855615,124.0,33.155080213903744,1200.0,716.0,59.66666666666667,484.0,40.33333333333333,750.0,175.0,23.333333333333332,371.0,49.46666666666666,84.0,11.200000000000001,65.0,8.666666666666668,55.0,7.333333333333333,0.0,0.0,250.0,78.0,31.2,172.0,68.8,1245.0,1245.0,1107.0,250.0,65.0,26.0,185.0,74.0,76.0,76.0,100.0,18.0,23.684210526315788,250.0,73.0,36.0,49.31506849315068,17.0,17.0,1.0,160.0,53.0,33.125
109,2204.0,0.0,1245.0,422.0,40250.0,374.0,134.0,35.82887700534759,240.0,64.1711229946524,1245.0,433.0,34.77911646586345,364.0,29.23694779116466,80.0,6.425702811244979,8.0,0.642570281124498,0.0,0.0,360.0,28.915662650602407,0.0,0.0,1245.0,1014.0,81.44578313253012,231.0,18.55421686746988,1245.0,310.0,24.899598393574294,238.0,76.77419354838709,72.0,23.225806451612904,935.0,75.1004016064257,869.0,92.94117647058823,66.0,7.0588235294117645,422.0,374.0,88.62559241706161,48.0,11.374407582938389,608.0,568.0,93.42105263157895,0.0,0.0,0.0,0.0,374.0,73.0,19.518716577540108,177.0,47.32620320855615,124.0,33.155080213903744,1200.0,716.0,59.66666666666667,484.0,40.33333333333333,750.0,175.0,23.333333333333332,371.0,49.46666666666666,84.0,11.200000000000001,65.0,8.666666666666668,55.0,7.333333333333333,0.0,0.0,250.0,78.0,31.2,172.0,68.8,1245.0,1245.0,1107.0,250.0,65.0,26.0,185.0,74.0,76.0,76.0,100.0,18.0,23.684210526315788,250.0,73.0,36.0,49.31506849315068,17.0,17.0,1.0,160.0,53.0,33.125
110,2205.0,0.0,367.0,255.0,,172.0,72.0,41.86046511627907,100.0,58.139534883720934,367.0,185.0,50.40871934604905,182.0,49.59128065395095,0.0,0.0,0.0,0.0,0.0,0.0,0.0,0.0,0.0,0.0,367.0,367.0,100.0,0.0,0.0,367.0,108.0,29.427792915531338,34.0,31.48148148148148,74.0,68.51851851851852,259.0,70.57220708446866,230.0,88.8030888030888,29.0,11.196911196911197,255.0,172.0,67.45098039215686,83.0,32.549019607843135,129.0,129.0,100.0,0.0,0.0,0.0,0.0,172.0,10.0,5.813953488372093,59.0,34.30232558139535,103.0,59.883720930232556,367.0,292.0,79.56403269754769,75.0,20.435967302452315,304.0,34.0,11.18421052631579,256.0,84.21052631578947,7.0,2.302631578947368,7.0,2.302631578947368,0.0,0.0,0.0,0.0,69.0,16.0,23.18840579710145,53.0,76.81159420289855,367.0,367.0,264.0,69.0,45.0,65.21739130434783,24.0,34.78260869565217,76.0,76.0,100.0,18.0,23.684210526315788,69.0,10.0,0.0,0.0,35.0,0.0,0.0,24.0,6.0,25.0
111,2206.0,0.0,1045.0,398.0,39808.0,308.0,77.0,25.0,231.0,75.0,1045.0,231.0,22.105263157894736,699.0,66.88995215311004,0.0,0.0,0.0,0.0,0.0,0.0,75.0,7.177033492822966,40.0,3.827751196172249,1045.0,953.0,91.19617224880383,92.0,8.803827751196172,1045.0,315.0,30.14354066985646,212.0,67.3015873015873,103.0,32.698412698412696,730.0,69.85645933014354,508.0,69.58904109589041,222.0,30.41095890410959,398.0,308.0,77.38693467336684,90.0,22.613065326633166,457.0,393.0,85.99562363238512,0.0,0.0,9.0,1.9693654266958425,308.0,30.0,9.740259740259742,149.0,48.37662337662338,129.0,41.883116883116884,1010.0,761.0,75.34653465346534,249.0,24.653465346534652,730.0,62.0,8.493150684931507,146.0,20.0,353.0,48.35616438356165,0.0,0.0,115.0,15.753424657534246,54.0,7.397260273972603,179.0,94.0,52.513966480446925,85.0,47.486033519553075,1045.0,1045.0,720.0,179.0,22.0,12.290502793296088,157.0,87.70949720670392,76.0,76.0,100.0,18.0,23.684210526315788,179.0,30.0,0.0,0.0,0.0,0.0,999.0,149.0,74.0,49.664429530201346
112,2212.0,0.0,1045.0,398.0,39808.0,308.0,77.0,25.0,231.0,75.0,1045.0,231.0,22.105263157894736,699.0,66.88995215311004,0.0,0.0,0.0,0.0,0.0,0.0,75.0,7.177033492822966,40.0,3.827751196172249,1045.0,953.0,91.19617224880383,92.0,8.803827751196172,1045.0,315.0,30.14354066985646,212.0,67.3015873015873,103.0,32.698412698412696,730.0,69.85645933014354,508.0,69.58904109589041,222.0,30.41095890410959,398.0,308.0,77.38693467336684,90.0,22.613065326633166,457.0,393.0,85.99562363238512,0.0,0.0,9.0,1.9693654266958425,308.0,30.0,9.740259740259742,149.0,48.37662337662338,129.0,41.883116883116884,1010.0,761.0,75.34653465346534,249.0,24.653465346534652,730.0,62.0,8.493150684931507,146.0,20.0,353.0,48.35616438356165,0.0,0.0,115.0,15.753424657534246,54.0,7.397260273972603,179.0,94.0,52.513966480446925,85.0,47.486033519553075,1045.0,1045.0,720.0,179.0,22.0,12.290502793296088,157.0,87.70949720670392,76.0,76.0,100.0,18.0,23.684210526315788,179.0,30.0,0.0,0.0,0.0,0.0,999.0,149.0,74.0,49.664429530201346
113,2208.0,1.0,597.0,369.0,16804.0,296.0,85.0,28.716216216216218,211.0,71.28378378378379,597.0,113.0,18.927973199329983,442.0,74.03685092127303,0.0,0.0,0.0,0.0,42.0,7.035175879396985,0.0,0.0,0.0,0.0,597.0,556.0,93.1323283082077,41.0,6.867671691792294,597.0,294.0,49.246231155778894,228.0,77.55102040816327,66.0,22.448979591836736,303.0,50.753768844221106,140.0,46.2046204620462,163.0,53.79537953795379,369.0,296.0,80.21680216802169,73.0,19.78319783197832,150.0,127.0,84.66666666666667,22.0,14.666666666666666,0.0,0.0,296.0,51.0,17.22972972972973,47.0,15.878378378378377,198.0,66.8918918918919,597.0,508.0,85.09212730318258,70.0,11.725293132328309,429.0,178.0,41.49184149184149,100.0,23.310023310023308,113.0,26.340326340326342,23.0,5.361305361305361,15.0,3.4965034965034967,0.0,0.0,98.0,67.0,68.36734693877551,31.0,31.63265306122449,597.0,597.0,368.0,98.0,27.0,27.55102040816326,71.0,72.44897959183673,76.0,76.0,100.0,18.0,23.684210526315788,98.0,51.0,9.0,17.647058823529413,6.0,6.0,1.0,41.0,27.0,65.85365853658537
114,2108.0,0.0,1541.0,528.0,65357.0,528.0,401.0,75.9469696969697,127.0,24.053030303030305,1541.0,378.0,24.529526281635302,1074.0,69.69500324464633,0.0,0.0,0.0,0.0,0.0,0.0,0.0,0.0,89.0,5.775470473718364,1541.0,1418.0,92.01817001946789,123.0,7.9818299805321224,1541.0,276.0,17.91044776119403,276.0,100.0,0.0,0.0,1265.0,82.08955223880598,1114.0,88.06324110671937,151.0,11.936758893280633,528.0,528.0,100.0,0.0,0.0,780.0,764.0,97.94871794871794,0.0,0.0,0.0,0.0,528.0,273.0,51.70454545454546,123.0,23.295454545454543,132.0,25.0,1541.0,1422.0,92.27774172615185,119.0,7.722258273848151,945.0,26.0,2.751322751322751,193.0,20.423280423280424,402.0,42.53968253968254,130.0,13.756613756613756,131.0,13.862433862433862,63.0,6.666666666666667,396.0,74.0,18.68686868686869,322.0,81.31313131313132,1541.0,1541.0,1390.0,396.0,218.0,55.05050505050505,178.0,44.94949494949495,76.0,76.0,100.0,18.0,23.684210526315788,396.0,273.0,142.0,52.01465201465202,17.0,0.0,0.0,106.0,76.0,71.69811320754717
115,2113.0,0.0,1303.0,735.0,42254.0,674.0,611.0,90.65281899109793,63.0,9.347181008902076,1303.0,623.0,47.812739831158865,669.0,51.34305448963929,0.0,0.0,11.0,0.844205679201842,0.0,0.0,0.0,0.0,0.0,0.0,1303.0,1288.0,98.84881043745203,15.0,1.1511895625479662,1303.0,119.0,9.1327705295472,89.0,74.78991596638656,30.0,25.210084033613445,1184.0,90.8672294704528,861.0,72.7195945945946,323.0,27.280405405405407,735.0,674.0,91.70068027210885,61.0,8.299319727891156,646.0,628.0,97.21362229102168,0.0,0.0,0.0,0.0,674.0,164.0,24.33234421364985,175.0,25.96439169139466,335.0,49.70326409495549,1283.0,1076.0,83.86593920498831,191.0,14.886983632112235,936.0,71.0,7.585470085470085,72.0,7.6923076923076925,372.0,39.743589743589745,102.0,10.897435897435898,267.0,28.525641025641026,52.0,5.555555555555555,339.0,29.0,8.55457227138643,310.0,91.44542772861357,1303.0,1303.0,950.0,339.0,149.0,43.95280235988201,190.0,56.04719764011799,76.0,76.0,100.0,18.0,23.684210526315788,339.0,164.0,47.0,28.65853658536585,16.0,0.0,0.0,159.0,100.0,62.893081761006286
116,1623.0,0.0,697.0,274.0,,274.0,193.0,70.43795620437956,81.0,29.56204379562044,697.0,455.0,65.27977044476327,242.0,34.720229555236735,0.0,0.0,0.0,0.0,0.0,0.0,0.0,0.0,0.0,0.0,697.0,697.0,100.0,0.0,0.0,697.0,70.0,10.043041606886657,0.0,0.0,70.0,100.0,627.0,89.95695839311334,597.0,95.21531100478468,30.0,4.784688995215311,274.0,274.0,100.0,0.0,0.0,270.0,252.0,93.33333333333333,0.0,0.0,0.0,0.0,274.0,100.0,36.496350364963504,74.0,27.00729927007299,100.0,36.496350364963504,678.0,484.0,71.38643067846607,194.0,28.613569321533923,482.0,40.0,8.29875518672199,189.0,39.211618257261414,209.0,43.36099585062241,13.0,2.6970954356846475,31.0,6.431535269709543,0.0,0.0,174.0,17.0,9.770114942528735,157.0,90.22988505747126,697.0,697.0,597.0,174.0,55.0,31.60919540229885,119.0,68.39080459770115,76.0,76.0,100.0,18.0,23.684210526315788,174.0,100.0,40.0,40.0,0.0,0.0,999.0,74.0,0.0,0.0
117,1412.0,0.0,2020.0,1072.0,52132.0,963.0,781.0,81.10072689511942,182.0,18.89927310488058,2020.0,912.0,45.14851485148515,1031.0,51.03960396039604,22.0,1.089108910891089,18.0,0.891089108910891,22.0,1.089108910891089,15.0,0.7425742574257426,0.0,0.0,2020.0,1904.0,94.25742574257426,116.0,5.742574257425743,2020.0,200.0,9.900990099009901,167.0,83.5,33.0,16.5,1820.0,90.0990099009901,1474.0,80.98901098901099,346.0,19.01098901098901,1072.0,963.0,89.8320895522388,109.0,10.167910447761194,1082.0,908.0,83.91866913123845,0.0,0.0,0.0,0.0,963.0,449.0,46.625129802699895,152.0,15.784008307372794,362.0,37.59086188992731,2020.0,1903.0,94.20792079207921,117.0,5.792079207920793,1625.0,70.0,4.3076923076923075,359.0,22.092307692307692,453.0,27.876923076923077,134.0,8.246153846153845,414.0,25.476923076923075,195.0,12.0,601.0,90.0,14.975041597337771,511.0,85.02495840266224,2020.0,2020.0,1641.0,601.0,242.0,40.26622296173045,359.0,59.73377703826955,76.0,76.0,100.0,18.0,23.684210526315788,601.0,449.0,92.0,20.489977728285076,0.0,0.0,999.0,152.0,79.0,51.973684210526315
118,1314.0,0.0,1409.0,633.0,41466.0,518.0,253.0,48.84169884169884,265.0,51.15830115830116,1409.0,1389.0,98.5805535841022,20.0,1.4194464158977997,0.0,0.0,0.0,0.0,0.0,0.0,0.0,0.0,0.0,0.0,1409.0,1353.0,96.02555003548616,56.0,3.97444996451384,1409.0,203.0,14.40738112136267,85.0,41.87192118226601,118.0,58.128078817733986,1206.0,85.59261887863732,990.0,82.08955223880598,216.0,17.91044776119403,633.0,518.0,81.83254344391784,115.0,18.167456556082147,794.0,794.0,100.0,0.0,0.0,0.0,0.0,518.0,278.0,53.66795366795367,66.0,12.741312741312742,174.0,33.59073359073359,1409.0,972.0,68.98509581263306,437.0,31.014904187366927,843.0,108.0,12.811387900355871,471.0,55.871886120996436,216.0,25.622775800711743,22.0,2.6097271648873073,26.0,3.084223013048636,0.0,0.0,344.0,12.0,3.488372093023256,332.0,96.51162790697676,1409.0,1409.0,1075.0,344.0,267.0,77.61627906976744,77.0,22.38372093023256,669.0,506.0,75.63527653213752,248.0,37.07025411061286,344.0,278.0,82.0,29.496402877697843,55.0,35.0,0.63636,11.0,11.0,100.0
119,1303.0,0.0,849.0,428.0,74052.0,366.0,330.0,90.1639344262295,36.0,9.836065573770492,849.0,692.0,81.50765606595995,157.0,18.492343934040047,0.0,0.0,0.0,0.0,0.0,0.0,0.0,0.0,0.0,0.0,849.0,849.0,100.0,0.0,0.0,849.0,13.0,1.5312131919905771,0.0,0.0,13.0,100.0,836.0,98.46878680800943,706.0,84.44976076555024,130.0,15.550239234449762,428.0,366.0,85.51401869158879,62.0,14.485981308411214,478.0,458.0,95.81589958158996,0.0,0.0,0.0,0.0,366.0,221.0,60.38251366120219,15.0,4.098360655737705,130.0,35.51912568306011,826.0,782.0,94.67312348668281,44.0,5.326876513317192,629.0,23.0,3.6565977742448332,171.0,27.186009538950717,213.0,33.86327503974563,70.0,11.128775834658187,101.0,16.05723370429253,51.0,8.108108108108109,236.0,15.0,6.3559322033898304,221.0,93.64406779661016,849.0,849.0,706.0,236.0,123.0,52.118644067796616,113.0,47.88135593220339,669.0,506.0,75.63527653213752,248.0,37.07025411061286,236.0,221.0,76.0,34.38914027149321,0.0,0.0,999.0,15.0,0.0,0.0
120,1311.0,0.0,4815.0,1821.0,78666.0,1723.0,1455.0,84.44573418456181,268.0,15.554265815438189,4815.0,3066.0,63.676012461059194,1085.0,22.533748701973,20.0,0.4153686396677051,111.0,2.3052959501557635,0.0,0.0,87.0,1.8068535825545171,446.0,9.262720664589825,4815.0,4722.0,98.06853582554517,93.0,1.9314641744548289,4725.0,240.0,5.079365079365079,178.0,74.16666666666667,62.0,25.833333333333336,4485.0,94.92063492063491,3929.0,87.60312151616499,556.0,12.396878483835005,1821.0,1723.0,94.61834157056562,98.0,5.381658429434377,2272.0,2239.0,98.5475352112676,0.0,0.0,0.0,0.0,1723.0,877.0,50.89959373186302,358.0,20.77771329077191,488.0,28.32269297736506,4743.0,4151.0,87.51844823951086,566.0,11.93337550073793,3248.0,175.0,5.387931034482758,864.0,26.60098522167488,745.0,22.9371921182266,402.0,12.376847290640395,667.0,20.535714285714285,395.0,12.161330049261084,1235.0,158.0,12.793522267206479,1077.0,87.20647773279352,4815.0,4771.0,4107.0,1235.0,762.0,61.70040485829959,473.0,38.29959514170041,669.0,506.0,75.63527653213752,248.0,37.07025411061286,1235.0,877.0,310.0,35.34777651083238,152.0,65.0,0.42763,206.0,73.0,35.43689320388349
121,1321.0,0.0,1416.0,537.0,61279.0,445.0,350.0,78.65168539325843,95.0,21.34831460674157,1416.0,738.0,52.118644067796616,620.0,43.78531073446328,0.0,0.0,0.0,0.0,0.0,0.0,0.0,0.0,58.0,4.096045197740112,1416.0,1198.0,84.6045197740113,218.0,15.3954802259887,1329.0,255.0,19.187358916478555,245.0,96.07843137254902,10.0,3.9215686274509802,1074.0,80.81264108352144,1006.0,93.66852886405958,68.0,6.33147113594041,537.0,445.0,82.86778398510242,92.0,17.13221601489758,677.0,677.0,100.0,0.0,0.0,0.0,0.0,445.0,235.0,52.80898876404494,132.0,29.662921348314608,78.0,17.528089887640448,1416.0,1329.0,93.85593220338984,87.0,6.1440677966101696,841.0,129.0,15.338882282996433,459.0,54.577883472057074,222.0,26.397146254458974,0.0,0.0,31.0,3.686087990487515,0.0,0.0,367.0,0.0,0.0,367.0,100.0,1416.0,1416.0,1338.0,367.0,65.0,17.71117166212534,302.0,82.28882833787466,669.0,506.0,75.63527653213752,248.0,37.07025411061286,367.0,235.0,189.0,80.42553191489363,19.0,0.0,0.0,113.0,46.0,40.707964601769916
122,1316.0,0.0,2169.0,915.0,69208.0,819.0,740.0,90.35409035409036,79.0,9.645909645909647,2169.0,1511.0,69.66343937298294,577.0,26.602120792992164,0.0,0.0,0.0,0.0,0.0,0.0,52.0,2.39741816505302,29.0,1.3370216689718764,2169.0,2067.0,95.29737206085753,102.0,4.702627939142462,2169.0,110.0,5.0714615029967725,84.0,76.36363636363637,26.0,23.636363636363637,2059.0,94.92853849700322,1860.0,90.33511413307431,199.0,9.664885866925692,915.0,819.0,89.50819672131148,96.0,10.491803278688524,982.0,965.0,98.26883910386965,0.0,0.0,0.0,0.0,819.0,496.0,60.56166056166056,105.0,12.82051282051282,218.0,26.61782661782662,2153.0,1939.0,90.06038086391082,214.0,9.939619136089178,1569.0,104.0,6.62842574888464,555.0,35.37284894837477,424.0,27.023581899298915,174.0,11.089866156787762,243.0,15.487571701720842,69.0,4.397705544933078,601.0,44.0,7.321131447587355,557.0,92.67886855241264,2169.0,2169.0,1944.0,601.0,369.0,61.39767054908486,232.0,38.60232945091514,669.0,506.0,75.63527653213752,248.0,37.07025411061286,601.0,496.0,177.0,35.685483870967744,35.0,13.0,0.37142,70.0,39.0,55.714285714285715
123,1317.0,0.0,2169.0,915.0,69208.0,819.0,740.0,90.35409035409036,79.0,9.645909645909647,2169.0,1511.0,69.66343937298294,577.0,26.602120792992164,0.0,0.0,0.0,0.0,0.0,0.0,52.0,2.39741816505302,29.0,1.3370216689718764,2169.0,2067.0,95.29737206085753,102.0,4.702627939142462,2169.0,110.0,5.0714615029967725,84.0,76.36363636363637,26.0,23.636363636363637,2059.0,94.92853849700322,1860.0,90.33511413307431,199.0,9.664885866925692,915.0,819.0,89.50819672131148,96.0,10.491803278688524,982.0,965.0,98.26883910386965,0.0,0.0,0.0,0.0,819.0,496.0,60.56166056166056,105.0,12.82051282051282,218.0,26.61782661782662,2153.0,1939.0,90.06038086391082,214.0,9.939619136089178,1569.0,104.0,6.62842574888464,555.0,35.37284894837477,424.0,27.023581899298915,174.0,11.089866156787762,243.0,15.487571701720842,69.0,4.397705544933078,601.0,44.0,7.321131447587355,557.0,92.67886855241264,2169.0,2169.0,1944.0,601.0,369.0,61.39767054908486,232.0,38.60232945091514,669.0,506.0,75.63527653213752,248.0,37.07025411061286,601.0,496.0,177.0,35.685483870967744,35.0,13.0,0.37142,70.0,39.0,55.714285714285715
124,1307.0,0.0,1801.0,726.0,64607.0,726.0,658.0,90.633608815427,68.0,9.366391184573002,1801.0,1565.0,86.89616879511382,200.0,11.104941699056079,0.0,0.0,0.0,0.0,0.0,0.0,0.0,0.0,36.0,1.9988895058300944,1801.0,1755.0,97.44586340921711,46.0,2.5541365907828983,1801.0,149.0,8.27318156579678,74.0,49.664429530201346,75.0,50.33557046979866,1652.0,91.72681843420321,1547.0,93.64406779661016,105.0,6.3559322033898304,726.0,726.0,100.0,0.0,0.0,953.0,939.0,98.53095487932843,0.0,0.0,0.0,0.0,726.0,467.0,64.32506887052341,79.0,10.881542699724518,180.0,24.793388429752067,1783.0,1719.0,96.41054402692092,64.0,3.58945597307908,1353.0,73.0,5.395417590539542,432.0,31.9290465631929,482.0,35.624538063562454,171.0,12.638580931263856,151.0,11.160384331116038,44.0,3.2520325203252036,546.0,36.0,6.593406593406594,510.0,93.4065934065934,1801.0,1801.0,1621.0,546.0,342.0,62.637362637362635,204.0,37.362637362637365,669.0,506.0,75.63527653213752,248.0,37.07025411061286,546.0,467.0,183.0,39.186295503211994,37.0,0.0,0.0,42.0,2.0,4.761904761904762
125,1305.0,0.0,1587.0,707.0,83421.0,694.0,675.0,97.26224783861672,19.0,2.7377521613832854,1587.0,1297.0,81.72652804032766,290.0,18.27347195967234,0.0,0.0,0.0,0.0,0.0,0.0,0.0,0.0,0.0,0.0,1587.0,1587.0,100.0,0.0,0.0,1587.0,134.0,8.443604284814114,134.0,100.0,0.0,0.0,1453.0,91.55639571518589,1296.0,89.19476944253269,157.0,10.80523055746731,707.0,694.0,98.16124469589816,13.0,1.8387553041018387,975.0,956.0,98.05128205128206,0.0,0.0,0.0,0.0,694.0,454.0,65.4178674351585,83.0,11.959654178674352,157.0,22.622478386167145,1587.0,1255.0,79.08002520478891,332.0,20.91997479521109,1246.0,26.0,2.086677367576244,284.0,22.792937399678973,359.0,28.81219903691814,195.0,15.65008025682183,261.0,20.947030497592294,121.0,9.71107544141252,537.0,69.0,12.849162011173185,468.0,87.15083798882681,1587.0,1587.0,1430.0,537.0,359.0,66.85288640595903,178.0,33.14711359404097,669.0,506.0,75.63527653213752,248.0,37.07025411061286,537.0,454.0,50.0,11.013215859030836,69.0,69.0,1.0,14.0,14.0,100.0
126,1322.0,0.0,1587.0,707.0,83421.0,694.0,675.0,97.26224783861672,19.0,2.7377521613832854,1587.0,1297.0,81.72652804032766,290.0,18.27347195967234,0.0,0.0,0.0,0.0,0.0,0.0,0.0,0.0,0.0,0.0,1587.0,1587.0,100.0,0.0,0.0,1587.0,134.0,8.443604284814114,134.0,100.0,0.0,0.0,1453.0,91.55639571518589,1296.0,89.19476944253269,157.0,10.80523055746731,707.0,694.0,98.16124469589816,13.0,1.8387553041018387,975.0,956.0,98.05128205128206,0.0,0.0,0.0,0.0,694.0,454.0,65.4178674351585,83.0,11.959654178674352,157.0,22.622478386167145,1587.0,1255.0,79.08002520478891,332.0,20.91997479521109,1246.0,26.0,2.086677367576244,284.0,22.792937399678973,359.0,28.81219903691814,195.0,15.65008025682183,261.0,20.947030497592294,121.0,9.71107544141252,537.0,69.0,12.849162011173185,468.0,87.15083798882681,1587.0,1587.0,1430.0,537.0,359.0,66.85288640595903,178.0,33.14711359404097,669.0,506.0,75.63527653213752,248.0,37.07025411061286,537.0,454.0,50.0,11.013215859030836,69.0,69.0,1.0,14.0,14.0,100.0
127,1404.0,0.0,1587.0,707.0,83421.0,694.0,675.0,97.26224783861672,19.0,2.7377521613832854,1587.0,1297.0,81.72652804032766,290.0,18.27347195967234,0.0,0.0,0.0,0.0,0.0,0.0,0.0,0.0,0.0,0.0,1587.0,1587.0,100.0,0.0,0.0,1587.0,134.0,8.443604284814114,134.0,100.0,0.0,0.0,1453.0,91.55639571518589,1296.0,89.19476944253269,157.0,10.80523055746731,707.0,694.0,98.16124469589816,13.0,1.8387553041018387,975.0,956.0,98.05128205128206,0.0,0.0,0.0,0.0,694.0,454.0,65.4178674351585,83.0,11.959654178674352,157.0,22.622478386167145,1587.0,1255.0,79.08002520478891,332.0,20.91997479521109,1246.0,26.0,2.086677367576244,284.0,22.792937399678973,359.0,28.81219903691814,195.0,15.65008025682183,261.0,20.947030497592294,121.0,9.71107544141252,537.0,69.0,12.849162011173185,468.0,87.15083798882681,1587.0,1587.0,1430.0,537.0,359.0,66.85288640595903,178.0,33.14711359404097,669.0,506.0,75.63527653213752,248.0,37.07025411061286,537.0,454.0,50.0,11.013215859030836,69.0,69.0,1.0,14.0,14.0,100.0
128,1301.0,0.0,1731.0,635.0,65568.0,615.0,447.0,72.6829268292683,168.0,27.31707317073171,1731.0,1466.0,84.69093009820912,239.0,13.807047949162335,0.0,0.0,0.0,0.0,0.0,0.0,0.0,0.0,26.0,1.5020219526285385,1731.0,1731.0,100.0,0.0,0.0,1731.0,279.0,16.11785095320624,205.0,73.47670250896059,74.0,26.523297491039425,1452.0,83.88214904679376,1330.0,91.59779614325069,122.0,8.402203856749312,635.0,615.0,96.8503937007874,20.0,3.149606299212598,812.0,812.0,100.0,0.0,0.0,0.0,0.0,615.0,388.0,63.08943089430894,102.0,16.585365853658537,125.0,20.32520325203252,1731.0,1475.0,85.210860774119,256.0,14.789139225880993,1132.0,23.0,2.0318021201413425,496.0,43.81625441696113,366.0,32.332155477031804,112.0,9.89399293286219,97.0,8.568904593639576,38.0,3.356890459363958,490.0,95.0,19.387755102040817,395.0,80.61224489795919,1731.0,1731.0,1535.0,490.0,226.0,46.12244897959184,264.0,53.87755102040816,669.0,506.0,75.63527653213752,248.0,37.07025411061286,490.0,388.0,49.0,12.628865979381443,0.0,0.0,999.0,102.0,51.0,50.0
129,1306.0,0.0,1941.0,853.0,52853.0,773.0,554.0,71.66882276843467,219.0,28.33117723156533,1941.0,381.0,19.629057187017,1480.0,76.2493560020608,0.0,0.0,14.0,0.7212776919113859,0.0,0.0,27.0,1.3910355486862442,39.0,2.009273570324575,1941.0,1914.0,98.60896445131375,27.0,1.3910355486862442,1941.0,160.0,8.24317362184441,79.0,49.375,81.0,50.625,1781.0,91.75682637815558,1561.0,87.64738910724313,220.0,12.352610892756879,853.0,773.0,90.62133645955451,80.0,9.378663540445487,968.0,950.0,98.14049586776859,11.0,1.1363636363636365,0.0,0.0,773.0,285.0,36.869340232858995,187.0,24.191461836998705,301.0,38.939197930142306,1934.0,1630.0,84.28128231644261,304.0,15.718717683557394,1393.0,74.0,5.312275664034458,400.0,28.71500358937545,356.0,25.55635319454415,271.0,19.454414931801868,211.0,15.147164393395549,81.0,5.8147882268485285,472.0,31.0,6.567796610169492,441.0,93.4322033898305,1941.0,1941.0,1640.0,472.0,157.0,33.26271186440678,315.0,66.73728813559322,669.0,506.0,75.63527653213752,248.0,37.07025411061286,472.0,285.0,72.0,25.263157894736842,15.0,0.0,0.0,172.0,85.0,49.41860465116279
130,1315.0,0.0,1941.0,853.0,52853.0,773.0,554.0,71.66882276843467,219.0,28.33117723156533,1941.0,381.0,19.629057187017,1480.0,76.2493560020608,0.0,0.0,14.0,0.7212776919113859,0.0,0.0,27.0,1.3910355486862442,39.0,2.009273570324575,1941.0,1914.0,98.60896445131375,27.0,1.3910355486862442,1941.0,160.0,8.24317362184441,79.0,49.375,81.0,50.625,1781.0,91.75682637815558,1561.0,87.64738910724313,220.0,12.352610892756879,853.0,773.0,90.62133645955451,80.0,9.378663540445487,968.0,950.0,98.14049586776859,11.0,1.1363636363636365,0.0,0.0,773.0,285.0,36.869340232858995,187.0,24.191461836998705,301.0,38.939197930142306,1934.0,1630.0,84.28128231644261,304.0,15.718717683557394,1393.0,74.0,5.312275664034458,400.0,28.71500358937545,356.0,25.55635319454415,271.0,19.454414931801868,211.0,15.147164393395549,81.0,5.8147882268485285,472.0,31.0,6.567796610169492,441.0,93.4322033898305,1941.0,1941.0,1640.0,472.0,157.0,33.26271186440678,315.0,66.73728813559322,669.0,506.0,75.63527653213752,248.0,37.07025411061286,472.0,285.0,72.0,25.263157894736842,15.0,0.0,0.0,172.0,85.0,49.41860465116279
131,1601.0,0.0,3329.0,1185.0,52705.0,1061.0,734.0,69.18001885014138,327.0,30.81998114985862,3329.0,545.0,16.371282667467707,2492.0,74.85731450886152,0.0,0.0,0.0,0.0,0.0,0.0,292.0,8.771402823670773,0.0,0.0,3329.0,3016.0,90.59777711024331,313.0,9.402222889756684,3329.0,682.0,20.486632622409132,632.0,92.66862170087975,50.0,7.331378299120235,2647.0,79.51336737759087,2348.0,88.70419342652059,299.0,11.29580657347941,1185.0,1061.0,89.53586497890296,124.0,10.464135021097047,1329.0,1324.0,99.62377727614748,0.0,0.0,0.0,0.0,1061.0,365.0,34.401508011310085,456.0,42.97832233741753,240.0,22.620169651272384,3318.0,3083.0,92.91742013261,235.0,7.0825798673899945,1864.0,161.0,8.63733905579399,631.0,33.8519313304721,556.0,29.82832618025751,144.0,7.725321888412018,265.0,14.216738197424894,107.0,5.740343347639485,821.0,225.0,27.40560292326431,596.0,72.59439707673569,3329.0,3329.0,2980.0,821.0,290.0,35.32277710109623,531.0,64.67722289890378,669.0,506.0,75.63527653213752,248.0,37.07025411061286,821.0,365.0,252.0,69.04109589041096,71.0,0.0,0.0,385.0,284.0,73.76623376623377
132,1606.0,0.0,3329.0,1185.0,52705.0,1061.0,734.0,69.18001885014138,327.0,30.81998114985862,3329.0,545.0,16.371282667467707,2492.0,74.85731450886152,0.0,0.0,0.0,0.0,0.0,0.0,292.0,8.771402823670773,0.0,0.0,3329.0,3016.0,90.59777711024331,313.0,9.402222889756684,3329.0,682.0,20.486632622409132,632.0,92.66862170087975,50.0,7.331378299120235,2647.0,79.51336737759087,2348.0,88.70419342652059,299.0,11.29580657347941,1185.0,1061.0,89.53586497890296,124.0,10.464135021097047,1329.0,1324.0,99.62377727614748,0.0,0.0,0.0,0.0,1061.0,365.0,34.401508011310085,456.0,42.97832233741753,240.0,22.620169651272384,3318.0,3083.0,92.91742013261,235.0,7.0825798673899945,1864.0,161.0,8.63733905579399,631.0,33.8519313304721,556.0,29.82832618025751,144.0,7.725321888412018,265.0,14.216738197424894,107.0,5.740343347639485,821.0,225.0,27.40560292326431,596.0,72.59439707673569,3329.0,3329.0,2980.0,821.0,290.0,35.32277710109623,531.0,64.67722289890378,669.0,506.0,75.63527653213752,248.0,37.07025411061286,821.0,365.0,252.0,69.04109589041096,71.0,0.0,0.0,385.0,284.0,73.76623376623377
133,1622.0,0.0,3329.0,1185.0,52705.0,1061.0,734.0,69.18001885014138,327.0,30.81998114985862,3329.0,545.0,16.371282667467707,2492.0,74.85731450886152,0.0,0.0,0.0,0.0,0.0,0.0,292.0,8.771402823670773,0.0,0.0,3329.0,3016.0,90.59777711024331,313.0,9.402222889756684,3329.0,682.0,20.486632622409132,632.0,92.66862170087975,50.0,7.331378299120235,2647.0,79.51336737759087,2348.0,88.70419342652059,299.0,11.29580657347941,1185.0,1061.0,89.53586497890296,124.0,10.464135021097047,1329.0,1324.0,99.62377727614748,0.0,0.0,0.0,0.0,1061.0,365.0,34.401508011310085,456.0,42.97832233741753,240.0,22.620169651272384,3318.0,3083.0,92.91742013261,235.0,7.0825798673899945,1864.0,161.0,8.63733905579399,631.0,33.8519313304721,556.0,29.82832618025751,144.0,7.725321888412018,265.0,14.216738197424894,107.0,5.740343347639485,821.0,225.0,27.40560292326431,596.0,72.59439707673569,3329.0,3329.0,2980.0,821.0,290.0,35.32277710109623,531.0,64.67722289890378,669.0,506.0,75.63527653213752,248.0,37.07025411061286,821.0,365.0,252.0,69.04109589041096,71.0,0.0,0.0,385.0,284.0,73.76623376623377
134,1318.0,0.0,2130.0,805.0,83500.0,776.0,694.0,89.43298969072166,82.0,10.56701030927835,2130.0,1446.0,67.88732394366197,621.0,29.154929577464788,0.0,0.0,9.0,0.42253521126760557,0.0,0.0,8.0,0.3755868544600939,46.0,2.15962441314554,2130.0,2113.0,99.2018779342723,17.0,0.7981220657276996,2130.0,104.0,4.882629107981221,84.0,80.76923076923077,20.0,19.230769230769234,2026.0,95.11737089201878,1851.0,91.36229022704838,175.0,8.637709772951629,805.0,776.0,96.3975155279503,29.0,3.602484472049689,1118.0,1063.0,95.08050089445437,0.0,0.0,0.0,0.0,776.0,548.0,70.61855670103093,57.0,7.345360824742269,171.0,22.036082474226802,2103.0,1982.0,94.24631478839753,121.0,5.753685211602472,1422.0,102.0,7.172995780590717,439.0,30.872011251758085,444.0,31.223628691983123,77.0,5.414908579465542,213.0,14.978902953586498,147.0,10.337552742616033,605.0,38.0,6.2809917355371905,567.0,93.71900826446281,2130.0,2130.0,1935.0,605.0,415.0,68.59504132231406,190.0,31.40495867768595,669.0,506.0,75.63527653213752,248.0,37.07025411061286,605.0,548.0,242.0,44.16058394160584,2.0,0.0,0.0,55.0,51.0,92.72727272727272
135,1323.0,0.0,2130.0,805.0,83500.0,776.0,694.0,89.43298969072166,82.0,10.56701030927835,2130.0,1446.0,67.88732394366197,621.0,29.154929577464788,0.0,0.0,9.0,0.42253521126760557,0.0,0.0,8.0,0.3755868544600939,46.0,2.15962441314554,2130.0,2113.0,99.2018779342723,17.0,0.7981220657276996,2130.0,104.0,4.882629107981221,84.0,80.76923076923077,20.0,19.230769230769234,2026.0,95.11737089201878,1851.0,91.36229022704838,175.0,8.637709772951629,805.0,776.0,96.3975155279503,29.0,3.602484472049689,1118.0,1063.0,95.08050089445437,0.0,0.0,0.0,0.0,776.0,548.0,70.61855670103093,57.0,7.345360824742269,171.0,22.036082474226802,2103.0,1982.0,94.24631478839753,121.0,5.753685211602472,1422.0,102.0,7.172995780590717,439.0,30.872011251758085,444.0,31.223628691983123,77.0,5.414908579465542,213.0,14.978902953586498,147.0,10.337552742616033,605.0,38.0,6.2809917355371905,567.0,93.71900826446281,2130.0,2130.0,1935.0,605.0,415.0,68.59504132231406,190.0,31.40495867768595,669.0,506.0,75.63527653213752,248.0,37.07025411061286,605.0,548.0,242.0,44.16058394160584,2.0,0.0,0.0,55.0,51.0,92.72727272727272
136,1602.0,0.0,2280.0,949.0,18141.0,770.0,427.0,55.45454545454545,343.0,44.54545454545455,2280.0,552.0,24.210526315789473,1295.0,56.79824561403509,0.0,0.0,0.0,0.0,0.0,0.0,0.0,0.0,433.0,18.99122807017544,2280.0,2280.0,100.0,0.0,0.0,2280.0,940.0,41.228070175438596,768.0,81.70212765957446,172.0,18.29787234042553,1340.0,58.77192982456141,1198.0,89.40298507462686,142.0,10.597014925373134,949.0,770.0,81.13804004214963,179.0,18.86195995785037,652.0,613.0,94.01840490797547,2.0,0.3067484662576687,0.0,0.0,770.0,252.0,32.72727272727273,224.0,29.09090909090909,294.0,38.18181818181819,2120.0,1758.0,82.9245283018868,362.0,17.075471698113205,1168.0,146.0,12.5,401.0,34.332191780821915,292.0,25.0,152.0,13.013698630136986,100.0,8.561643835616438,77.0,6.592465753424658,476.0,194.0,40.7563025210084,282.0,59.2436974789916,2280.0,2271.0,1966.0,476.0,164.0,34.45378151260504,312.0,65.54621848739495,669.0,506.0,75.63527653213752,248.0,37.07025411061286,476.0,252.0,192.0,76.19047619047619,38.0,0.0,0.0,186.0,161.0,86.55913978494624
137,1615.0,0.0,2280.0,949.0,18141.0,770.0,427.0,55.45454545454545,343.0,44.54545454545455,2280.0,552.0,24.210526315789473,1295.0,56.79824561403509,0.0,0.0,0.0,0.0,0.0,0.0,0.0,0.0,433.0,18.99122807017544,2280.0,2280.0,100.0,0.0,0.0,2280.0,940.0,41.228070175438596,768.0,81.70212765957446,172.0,18.29787234042553,1340.0,58.77192982456141,1198.0,89.40298507462686,142.0,10.597014925373134,949.0,770.0,81.13804004214963,179.0,18.86195995785037,652.0,613.0,94.01840490797547,2.0,0.3067484662576687,0.0,0.0,770.0,252.0,32.72727272727273,224.0,29.09090909090909,294.0,38.18181818181819,2120.0,1758.0,82.9245283018868,362.0,17.075471698113205,1168.0,146.0,12.5,401.0,34.332191780821915,292.0,25.0,152.0,13.013698630136986,100.0,8.561643835616438,77.0,6.592465753424658,476.0,194.0,40.7563025210084,282.0,59.2436974789916,2280.0,2271.0,1966.0,476.0,164.0,34.45378151260504,312.0,65.54621848739495,669.0,506.0,75.63527653213752,248.0,37.07025411061286,476.0,252.0,192.0,76.19047619047619,38.0,0.0,0.0,186.0,161.0,86.55913978494624
138,1624.0,0.0,2280.0,949.0,18141.0,770.0,427.0,55.45454545454545,343.0,44.54545454545455,2280.0,552.0,24.210526315789473,1295.0,56.79824561403509,0.0,0.0,0.0,0.0,0.0,0.0,0.0,0.0,433.0,18.99122807017544,2280.0,2280.0,100.0,0.0,0.0,2280.0,940.0,41.228070175438596,768.0,81.70212765957446,172.0,18.29787234042553,1340.0,58.77192982456141,1198.0,89.40298507462686,142.0,10.597014925373134,949.0,770.0,81.13804004214963,179.0,18.86195995785037,652.0,613.0,94.01840490797547,2.0,0.3067484662576687,0.0,0.0,770.0,252.0,32.72727272727273,224.0,29.09090909090909,294.0,38.18181818181819,2120.0,1758.0,82.9245283018868,362.0,17.075471698113205,1168.0,146.0,12.5,401.0,34.332191780821915,292.0,25.0,152.0,13.013698630136986,100.0,8.561643835616438,77.0,6.592465753424658,476.0,194.0,40.7563025210084,282.0,59.2436974789916,2280.0,2271.0,1966.0,476.0,164.0,34.45378151260504,312.0,65.54621848739495,669.0,506.0,75.63527653213752,248.0,37.07025411061286,476.0,252.0,192.0,76.19047619047619,38.0,0.0,0.0,186.0,161.0,86.55913978494624
139,2119.0,0.0,1295.0,573.0,40938.0,520.0,218.0,41.92307692307693,302.0,58.07692307692308,1295.0,307.0,23.706563706563706,976.0,75.36679536679537,0.0,0.0,0.0,0.0,0.0,0.0,12.0,0.9266409266409266,0.0,0.0,1295.0,1188.0,91.73745173745174,107.0,8.262548262548263,1287.0,206.0,16.006216006216007,139.0,67.47572815533981,67.0,32.5242718446602,1081.0,83.99378399378399,920.0,85.1063829787234,161.0,14.893617021276595,573.0,520.0,90.75043630017451,53.0,9.24956369982548,631.0,588.0,93.18541996830429,0.0,0.0,1.0,0.15847860538827258,520.0,187.0,35.96153846153846,144.0,27.692307692307693,189.0,36.34615384615385,1295.0,961.0,74.20849420849422,334.0,25.79150579150579,888.0,73.0,8.220720720720722,235.0,26.463963963963966,320.0,36.03603603603604,127.0,14.301801801801803,124.0,13.963963963963963,9.0,1.0135135135135136,331.0,73.0,22.054380664652566,258.0,77.94561933534743,1295.0,1282.0,1059.0,331.0,175.0,52.87009063444109,156.0,47.129909365558916,669.0,506.0,75.63527653213752,248.0,37.07025411061286,331.0,187.0,123.0,65.77540106951871,31.0,0.0,0.0,113.0,103.0,91.1504424778761
140,1302.0,0.0,3473.0,1238.0,25578.0,1213.0,369.0,30.420445177246496,844.0,69.57955482275351,3473.0,734.0,21.13446587964296,2606.0,75.03599193780593,10.0,0.28793550244745175,1.0,0.028793550244745177,0.0,0.0,119.0,3.426432479124676,3.0,0.08638065073423554,3473.0,3319.0,95.56579326230924,154.0,4.434206737690757,3409.0,1289.0,37.81167497799942,1036.0,80.37238169123351,253.0,19.627618308766486,2120.0,62.18832502200059,1898.0,89.52830188679245,222.0,10.471698113207548,1238.0,1213.0,97.98061389337641,25.0,2.0193861066235863,1085.0,1065.0,98.15668202764977,0.0,0.0,0.0,0.0,1213.0,271.0,22.341302555647154,549.0,45.25968672712284,393.0,32.399010717230006,3429.0,2665.0,77.71945173519977,764.0,22.280548264800235,1646.0,190.0,11.543134872417983,781.0,47.44835965978129,387.0,23.51154313487242,63.0,3.827460510328068,128.0,7.7764277035236935,97.0,5.89307411907655,820.0,440.0,53.65853658536586,380.0,46.34146341463415,3473.0,3473.0,2986.0,820.0,222.0,27.073170731707318,598.0,72.92682926829268,669.0,506.0,75.63527653213752,248.0,37.07025411061286,820.0,271.0,121.0,44.64944649446495,35.0,19.0,0.54285,514.0,420.0,81.71206225680933
141,1312.0,0.0,1940.0,869.0,52083.0,762.0,618.0,81.10236220472441,144.0,18.89763779527559,1940.0,1565.0,80.6701030927835,198.0,10.206185567010309,15.0,0.7731958762886598,0.0,0.0,0.0,0.0,107.0,5.515463917525773,55.0,2.8350515463917527,1940.0,1795.0,92.5257731958763,145.0,7.474226804123711,1940.0,460.0,23.711340206185564,308.0,66.95652173913044,152.0,33.04347826086956,1480.0,76.28865979381443,1240.0,83.78378378378379,240.0,16.216216216216218,869.0,762.0,87.68699654775605,107.0,12.31300345224396,819.0,807.0,98.53479853479854,0.0,0.0,0.0,0.0,762.0,383.0,50.26246719160105,143.0,18.766404199475065,236.0,30.971128608923888,1920.0,1712.0,89.16666666666667,182.0,9.479166666666666,1434.0,241.0,16.80613668061367,553.0,38.56345885634588,306.0,21.338912133891213,147.0,10.251046025104603,145.0,10.1115760111576,42.0,2.928870292887029,526.0,74.0,14.068441064638785,452.0,85.93155893536122,1940.0,1940.0,1548.0,526.0,303.0,57.60456273764258,223.0,42.39543726235742,669.0,506.0,75.63527653213752,248.0,37.07025411061286,526.0,383.0,103.0,26.89295039164491,21.0,0.0,0.0,122.0,39.0,31.967213114754102
142,1319.0,0.0,1326.0,590.0,39510.0,474.0,300.0,63.29113924050633,174.0,36.708860759493675,1326.0,861.0,64.93212669683258,382.0,28.808446455505276,0.0,0.0,0.0,0.0,0.0,0.0,0.0,0.0,83.0,6.259426847662142,1326.0,1285.0,96.9079939668175,41.0,3.092006033182504,1326.0,290.0,21.87028657616893,258.0,88.96551724137932,32.0,11.03448275862069,1036.0,78.12971342383108,990.0,95.55984555984556,46.0,4.440154440154441,590.0,474.0,80.33898305084746,116.0,19.661016949152543,519.0,502.0,96.72447013487476,0.0,0.0,0.0,0.0,474.0,244.0,51.47679324894515,172.0,36.28691983122363,58.0,12.236286919831224,1326.0,1089.0,82.12669683257919,237.0,17.873303167420815,903.0,122.0,13.510520487264674,338.0,37.43078626799557,192.0,21.262458471760798,147.0,16.27906976744186,44.0,4.87264673311185,60.0,6.64451827242525,416.0,95.0,22.83653846153846,321.0,77.16346153846155,1326.0,1326.0,1248.0,416.0,195.0,46.875,221.0,53.125,669.0,506.0,75.63527653213752,248.0,37.07025411061286,416.0,244.0,32.0,13.114754098360656,12.0,0.0,0.0,160.0,130.0,81.25
143,2103.0,0.0,2818.0,1018.0,77863.0,965.0,898.0,93.05699481865285,67.0,6.94300518134715,2818.0,2623.0,93.08019872249822,28.0,0.99361249112846,8.0,0.28388928317955997,0.0,0.0,0.0,0.0,0.0,0.0,159.0,5.642299503193755,2818.0,2806.0,99.57416607523066,12.0,0.42583392476933996,2818.0,223.0,7.913413768630234,201.0,90.13452914798206,22.0,9.865470852017937,2595.0,92.08658623136976,2435.0,93.83429672447014,160.0,6.165703275529865,1018.0,965.0,94.79371316306484,53.0,5.206286836935167,1492.0,1374.0,92.0911528150134,0.0,0.0,0.0,0.0,965.0,657.0,68.08290155440415,158.0,16.37305699481865,150.0,15.544041450777202,2818.0,2600.0,92.26401703335699,218.0,7.73598296664301,1905.0,243.0,12.755905511811024,688.0,36.115485564304464,508.0,26.666666666666668,103.0,5.406824146981627,271.0,14.225721784776905,92.0,4.829396325459317,815.0,57.0,6.993865030674846,758.0,93.00613496932515,2818.0,2818.0,2636.0,815.0,393.0,48.22085889570552,422.0,51.77914110429448,669.0,506.0,75.63527653213752,248.0,37.07025411061286,815.0,657.0,258.0,39.26940639269406,30.0,11.0,0.36666,128.0,21.0,16.40625
144,2107.0,0.0,3740.0,1562.0,77106.0,1490.0,1385.0,92.9530201342282,105.0,7.046979865771812,3740.0,3125.0,83.55614973262033,377.0,10.080213903743315,0.0,0.0,43.0,1.1497326203208555,0.0,0.0,195.0,5.213903743315508,0.0,0.0,3740.0,3511.0,93.87700534759358,229.0,6.122994652406417,3740.0,98.0,2.620320855614973,37.0,37.755102040816325,61.0,62.244897959183675,3642.0,97.37967914438502,3280.0,90.0604063701263,362.0,9.939593629873695,1562.0,1490.0,95.39052496798975,72.0,4.609475032010243,1881.0,1726.0,91.75970228601807,0.0,0.0,0.0,0.0,1490.0,1014.0,68.05369127516778,96.0,6.442953020134229,380.0,25.503355704697988,3667.0,3392.0,92.50068175620399,275.0,7.499318243796019,2576.0,117.0,4.54192546583851,532.0,20.652173913043477,671.0,26.04813664596273,254.0,9.86024844720497,684.0,26.552795031055897,318.0,12.344720496894409,1110.0,0.0,0.0,1110.0,100.0,3740.0,3740.0,3317.0,1110.0,681.0,61.35135135135135,429.0,38.648648648648646,669.0,506.0,75.63527653213752,248.0,37.07025411061286,1110.0,1014.0,440.0,43.39250493096647,38.0,38.0,1.0,58.0,0.0,0.0
145,2109.0,0.0,3740.0,1562.0,77106.0,1490.0,1385.0,92.9530201342282,105.0,7.046979865771812,3740.0,3125.0,83.55614973262033,377.0,10.080213903743315,0.0,0.0,43.0,1.1497326203208555,0.0,0.0,195.0,5.213903743315508,0.0,0.0,3740.0,3511.0,93.87700534759358,229.0,6.122994652406417,3740.0,98.0,2.620320855614973,37.0,37.755102040816325,61.0,62.244897959183675,3642.0,97.37967914438502,3280.0,90.0604063701263,362.0,9.939593629873695,1562.0,1490.0,95.39052496798975,72.0,4.609475032010243,1881.0,1726.0,91.75970228601807,0.0,0.0,0.0,0.0,1490.0,1014.0,68.05369127516778,96.0,6.442953020134229,380.0,25.503355704697988,3667.0,3392.0,92.50068175620399,275.0,7.499318243796019,2576.0,117.0,4.54192546583851,532.0,20.652173913043477,671.0,26.04813664596273,254.0,9.86024844720497,684.0,26.552795031055897,318.0,12.344720496894409,1110.0,0.0,0.0,1110.0,100.0,3740.0,3740.0,3317.0,1110.0,681.0,61.35135135135135,429.0,38.648648648648646,669.0,506.0,75.63527653213752,248.0,37.07025411061286,1110.0,1014.0,440.0,43.39250493096647,38.0,38.0,1.0,58.0,0.0,0.0
146,1304.0,0.0,2394.0,949.0,48125.0,876.0,694.0,79.22374429223744,182.0,20.776255707762555,2394.0,2171.0,90.68504594820385,197.0,8.22890559732665,0.0,0.0,0.0,0.0,0.0,0.0,26.0,1.086048454469507,0.0,0.0,2394.0,2289.0,95.6140350877193,105.0,4.385964912280701,2363.0,348.0,14.727041895895049,310.0,89.08045977011494,38.0,10.919540229885058,2015.0,85.27295810410496,1794.0,89.03225806451613,221.0,10.967741935483872,949.0,876.0,92.3076923076923,73.0,7.6923076923076925,1043.0,1011.0,96.93192713326941,5.0,0.4793863854266539,0.0,0.0,876.0,475.0,54.22374429223744,174.0,19.863013698630137,227.0,25.91324200913242,2371.0,2163.0,91.2273302404049,203.0,8.561788274989455,1656.0,307.0,18.53864734299517,762.0,46.01449275362319,232.0,14.009661835748794,174.0,10.507246376811594,152.0,9.178743961352657,29.0,1.7512077294685993,649.0,71.0,10.939907550077042,578.0,89.06009244992296,2394.0,2394.0,2135.0,649.0,357.0,55.007704160246526,292.0,44.99229583975347,669.0,506.0,75.63527653213752,248.0,37.07025411061286,649.0,475.0,156.0,32.8421052631579,48.0,41.0,0.85416,126.0,52.0,41.269841269841265
147,1308.0,0.0,2394.0,949.0,48125.0,876.0,694.0,79.22374429223744,182.0,20.776255707762555,2394.0,2171.0,90.68504594820385,197.0,8.22890559732665,0.0,0.0,0.0,0.0,0.0,0.0,26.0,1.086048454469507,0.0,0.0,2394.0,2289.0,95.6140350877193,105.0,4.385964912280701,2363.0,348.0,14.727041895895049,310.0,89.08045977011494,38.0,10.919540229885058,2015.0,85.27295810410496,1794.0,89.03225806451613,221.0,10.967741935483872,949.0,876.0,92.3076923076923,73.0,7.6923076923076925,1043.0,1011.0,96.93192713326941,5.0,0.4793863854266539,0.0,0.0,876.0,475.0,54.22374429223744,174.0,19.863013698630137,227.0,25.91324200913242,2371.0,2163.0,91.2273302404049,203.0,8.561788274989455,1656.0,307.0,18.53864734299517,762.0,46.01449275362319,232.0,14.009661835748794,174.0,10.507246376811594,152.0,9.178743961352657,29.0,1.7512077294685993,649.0,71.0,10.939907550077042,578.0,89.06009244992296,2394.0,2394.0,2135.0,649.0,357.0,55.007704160246526,292.0,44.99229583975347,669.0,506.0,75.63527653213752,248.0,37.07025411061286,649.0,475.0,156.0,32.8421052631579,48.0,41.0,0.85416,126.0,52.0,41.269841269841265
148,1310.0,0.0,2394.0,949.0,48125.0,876.0,694.0,79.22374429223744,182.0,20.776255707762555,2394.0,2171.0,90.68504594820385,197.0,8.22890559732665,0.0,0.0,0.0,0.0,0.0,0.0,26.0,1.086048454469507,0.0,0.0,2394.0,2289.0,95.6140350877193,105.0,4.385964912280701,2363.0,348.0,14.727041895895049,310.0,89.08045977011494,38.0,10.919540229885058,2015.0,85.27295810410496,1794.0,89.03225806451613,221.0,10.967741935483872,949.0,876.0,92.3076923076923,73.0,7.6923076923076925,1043.0,1011.0,96.93192713326941,5.0,0.4793863854266539,0.0,0.0,876.0,475.0,54.22374429223744,174.0,19.863013698630137,227.0,25.91324200913242,2371.0,2163.0,91.2273302404049,203.0,8.561788274989455,1656.0,307.0,18.53864734299517,762.0,46.01449275362319,232.0,14.009661835748794,174.0,10.507246376811594,152.0,9.178743961352657,29.0,1.7512077294685993,649.0,71.0,10.939907550077042,578.0,89.06009244992296,2394.0,2394.0,2135.0,649.0,357.0,55.007704160246526,292.0,44.99229583975347,669.0,506.0,75.63527653213752,248.0,37.07025411061286,649.0,475.0,156.0,32.8421052631579,48.0,41.0,0.85416,126.0,52.0,41.269841269841265
149,1313.0,0.0,2394.0,949.0,48125.0,876.0,694.0,79.22374429223744,182.0,20.776255707762555,2394.0,2171.0,90.68504594820385,197.0,8.22890559732665,0.0,0.0,0.0,0.0,0.0,0.0,26.0,1.086048454469507,0.0,0.0,2394.0,2289.0,95.6140350877193,105.0,4.385964912280701,2363.0,348.0,14.727041895895049,310.0,89.08045977011494,38.0,10.919540229885058,2015.0,85.27295810410496,1794.0,89.03225806451613,221.0,10.967741935483872,949.0,876.0,92.3076923076923,73.0,7.6923076923076925,1043.0,1011.0,96.93192713326941,5.0,0.4793863854266539,0.0,0.0,876.0,475.0,54.22374429223744,174.0,19.863013698630137,227.0,25.91324200913242,2371.0,2163.0,91.2273302404049,203.0,8.561788274989455,1656.0,307.0,18.53864734299517,762.0,46.01449275362319,232.0,14.009661835748794,174.0,10.507246376811594,152.0,9.178743961352657,29.0,1.7512077294685993,649.0,71.0,10.939907550077042,578.0,89.06009244992296,2394.0,2394.0,2135.0,649.0,357.0,55.007704160246526,292.0,44.99229583975347,669.0,506.0,75.63527653213752,248.0,37.07025411061286,649.0,475.0,156.0,32.8421052631579,48.0,41.0,0.85416,126.0,52.0,41.269841269841265
150,1610.0,0.0,1762.0,797.0,,709.0,288.0,40.62059238363893,421.0,59.37940761636107,1762.0,391.0,22.190692395005676,1371.0,77.80930760499433,0.0,0.0,0.0,0.0,0.0,0.0,0.0,0.0,0.0,0.0,1762.0,1663.0,94.38138479001135,99.0,5.618615209988649,1762.0,826.0,46.878547105561864,789.0,95.52058111380146,37.0,4.479418886198547,936.0,53.121452894438136,740.0,79.05982905982906,196.0,20.94017094017094,797.0,709.0,88.95859473023839,88.0,11.041405269761606,623.0,610.0,97.91332263242376,13.0,2.086677367576244,0.0,0.0,709.0,229.0,32.29901269393512,324.0,45.6981664315938,156.0,22.002820874471084,1762.0,1626.0,92.28149829738933,136.0,7.71850170261067,1032.0,124.0,12.015503875968992,318.0,30.813953488372093,309.0,29.941860465116278,47.0,4.554263565891473,115.0,11.14341085271318,119.0,11.531007751937985,553.0,129.0,23.32730560578662,424.0,76.67269439421338,1762.0,1762.0,1529.0,553.0,112.0,20.253164556962027,441.0,79.74683544303798,669.0,506.0,75.63527653213752,248.0,37.07025411061286,553.0,229.0,24.0,10.480349344978166,50.0,50.0,1.0,274.0,217.0,79.1970802919708
151,1618.0,0.0,1762.0,797.0,,709.0,288.0,40.62059238363893,421.0,59.37940761636107,1762.0,391.0,22.190692395005676,1371.0,77.80930760499433,0.0,0.0,0.0,0.0,0.0,0.0,0.0,0.0,0.0,0.0,1762.0,1663.0,94.38138479001135,99.0,5.618615209988649,1762.0,826.0,46.878547105561864,789.0,95.52058111380146,37.0,4.479418886198547,936.0,53.121452894438136,740.0,79.05982905982906,196.0,20.94017094017094,797.0,709.0,88.95859473023839,88.0,11.041405269761606,623.0,610.0,97.91332263242376,13.0,2.086677367576244,0.0,0.0,709.0,229.0,32.29901269393512,324.0,45.6981664315938,156.0,22.002820874471084,1762.0,1626.0,92.28149829738933,136.0,7.71850170261067,1032.0,124.0,12.015503875968992,318.0,30.813953488372093,309.0,29.941860465116278,47.0,4.554263565891473,115.0,11.14341085271318,119.0,11.531007751937985,553.0,129.0,23.32730560578662,424.0,76.67269439421338,1762.0,1762.0,1529.0,553.0,112.0,20.253164556962027,441.0,79.74683544303798,669.0,506.0,75.63527653213752,248.0,37.07025411061286,553.0,229.0,24.0,10.480349344978166,50.0,50.0,1.0,274.0,217.0,79.1970802919708
152,1620.0,0.0,1762.0,797.0,,709.0,288.0,40.62059238363893,421.0,59.37940761636107,1762.0,391.0,22.190692395005676,1371.0,77.80930760499433,0.0,0.0,0.0,0.0,0.0,0.0,0.0,0.0,0.0,0.0,1762.0,1663.0,94.38138479001135,99.0,5.618615209988649,1762.0,826.0,46.878547105561864,789.0,95.52058111380146,37.0,4.479418886198547,936.0,53.121452894438136,740.0,79.05982905982906,196.0,20.94017094017094,797.0,709.0,88.95859473023839,88.0,11.041405269761606,623.0,610.0,97.91332263242376,13.0,2.086677367576244,0.0,0.0,709.0,229.0,32.29901269393512,324.0,45.6981664315938,156.0,22.002820874471084,1762.0,1626.0,92.28149829738933,136.0,7.71850170261067,1032.0,124.0,12.015503875968992,318.0,30.813953488372093,309.0,29.941860465116278,47.0,4.554263565891473,115.0,11.14341085271318,119.0,11.531007751937985,553.0,129.0,23.32730560578662,424.0,76.67269439421338,1762.0,1762.0,1529.0,553.0,112.0,20.253164556962027,441.0,79.74683544303798,669.0,506.0,75.63527653213752,248.0,37.07025411061286,553.0,229.0,24.0,10.480349344978166,50.0,50.0,1.0,274.0,217.0,79.1970802919708
153,1625.0,0.0,1762.0,797.0,,709.0,288.0,40.62059238363893,421.0,59.37940761636107,1762.0,391.0,22.190692395005676,1371.0,77.80930760499433,0.0,0.0,0.0,0.0,0.0,0.0,0.0,0.0,0.0,0.0,1762.0,1663.0,94.38138479001135,99.0,5.618615209988649,1762.0,826.0,46.878547105561864,789.0,95.52058111380146,37.0,4.479418886198547,936.0,53.121452894438136,740.0,79.05982905982906,196.0,20.94017094017094,797.0,709.0,88.95859473023839,88.0,11.041405269761606,623.0,610.0,97.91332263242376,13.0,2.086677367576244,0.0,0.0,709.0,229.0,32.29901269393512,324.0,45.6981664315938,156.0,22.002820874471084,1762.0,1626.0,92.28149829738933,136.0,7.71850170261067,1032.0,124.0,12.015503875968992,318.0,30.813953488372093,309.0,29.941860465116278,47.0,4.554263565891473,115.0,11.14341085271318,119.0,11.531007751937985,553.0,129.0,23.32730560578662,424.0,76.67269439421338,1762.0,1762.0,1529.0,553.0,112.0,20.253164556962027,441.0,79.74683544303798,669.0,506.0,75.63527653213752,248.0,37.07025411061286,553.0,229.0,24.0,10.480349344978166,50.0,50.0,1.0,274.0,217.0,79.1970802919708
154,1627.0,0.0,1762.0,797.0,,709.0,288.0,40.62059238363893,421.0,59.37940761636107,1762.0,391.0,22.190692395005676,1371.0,77.80930760499433,0.0,0.0,0.0,0.0,0.0,0.0,0.0,0.0,0.0,0.0,1762.0,1663.0,94.38138479001135,99.0,5.618615209988649,1762.0,826.0,46.878547105561864,789.0,95.52058111380146,37.0,4.479418886198547,936.0,53.121452894438136,740.0,79.05982905982906,196.0,20.94017094017094,797.0,709.0,88.95859473023839,88.0,11.041405269761606,623.0,610.0,97.91332263242376,13.0,2.086677367576244,0.0,0.0,709.0,229.0,32.29901269393512,324.0,45.6981664315938,156.0,22.002820874471084,1762.0,1626.0,92.28149829738933,136.0,7.71850170261067,1032.0,124.0,12.015503875968992,318.0,30.813953488372093,309.0,29.941860465116278,47.0,4.554263565891473,115.0,11.14341085271318,119.0,11.531007751937985,553.0,129.0,23.32730560578662,424.0,76.67269439421338,1762.0,1762.0,1529.0,553.0,112.0,20.253164556962027,441.0,79.74683544303798,669.0,506.0,75.63527653213752,248.0,37.07025411061286,553.0,229.0,24.0,10.480349344978166,50.0,50.0,1.0,274.0,217.0,79.1970802919708
155,1603.0,0.0,1554.0,739.0,49716.0,611.0,405.0,66.2847790507365,206.0,33.715220949263504,1554.0,538.0,34.62033462033462,1016.0,65.37966537966537,0.0,0.0,0.0,0.0,0.0,0.0,0.0,0.0,0.0,0.0,1554.0,1554.0,100.0,0.0,0.0,1536.0,162.0,10.546875,119.0,73.4567901234568,43.0,26.543209876543212,1374.0,89.453125,1208.0,87.91848617176127,166.0,12.081513828238718,739.0,611.0,82.67929634641408,128.0,17.320703653585927,667.0,667.0,100.0,0.0,0.0,0.0,0.0,611.0,278.0,45.49918166939443,152.0,24.877250409165303,181.0,29.623567921440262,1536.0,1239.0,80.6640625,297.0,19.3359375,1093.0,235.0,21.50045745654163,394.0,36.04757548032937,232.0,21.225983531564502,124.0,11.344922232387923,108.0,9.88106129917658,0.0,0.0,430.0,132.0,30.697674418604652,298.0,69.30232558139535,1554.0,1554.0,1345.0,430.0,260.0,60.46511627906976,170.0,39.53488372093023,669.0,506.0,75.63527653213752,248.0,37.07025411061286,430.0,278.0,112.0,40.28776978417266,96.0,47.0,0.48958,56.0,39.0,69.64285714285714
156,1616.0,0.0,1554.0,739.0,49716.0,611.0,405.0,66.2847790507365,206.0,33.715220949263504,1554.0,538.0,34.62033462033462,1016.0,65.37966537966537,0.0,0.0,0.0,0.0,0.0,0.0,0.0,0.0,0.0,0.0,1554.0,1554.0,100.0,0.0,0.0,1536.0,162.0,10.546875,119.0,73.4567901234568,43.0,26.543209876543212,1374.0,89.453125,1208.0,87.91848617176127,166.0,12.081513828238718,739.0,611.0,82.67929634641408,128.0,17.320703653585927,667.0,667.0,100.0,0.0,0.0,0.0,0.0,611.0,278.0,45.49918166939443,152.0,24.877250409165303,181.0,29.623567921440262,1536.0,1239.0,80.6640625,297.0,19.3359375,1093.0,235.0,21.50045745654163,394.0,36.04757548032937,232.0,21.225983531564502,124.0,11.344922232387923,108.0,9.88106129917658,0.0,0.0,430.0,132.0,30.697674418604652,298.0,69.30232558139535,1554.0,1554.0,1345.0,430.0,260.0,60.46511627906976,170.0,39.53488372093023,669.0,506.0,75.63527653213752,248.0,37.07025411061286,430.0,278.0,112.0,40.28776978417266,96.0,47.0,0.48958,56.0,39.0,69.64285714285714
157,1604.0,0.0,3298.0,1357.0,42723.0,1123.0,510.0,45.414069456812115,613.0,54.585930543187885,3298.0,668.0,20.254699818071558,2600.0,78.83565797453002,0.0,0.0,0.0,0.0,0.0,0.0,0.0,0.0,30.0,0.9096422073984234,3298.0,3265.0,98.99939357186173,33.0,1.0006064281382656,3298.0,1054.0,31.958762886597935,977.0,92.6944971537002,77.0,7.30550284629981,2244.0,68.04123711340206,1896.0,84.49197860962568,348.0,15.508021390374333,1357.0,1123.0,82.75607958732498,234.0,17.243920412675017,1148.0,1131.0,98.5191637630662,17.0,1.480836236933798,0.0,0.0,1123.0,316.0,28.138913624220834,467.0,41.585040071237756,340.0,30.27604630454141,3219.0,2443.0,75.89313451382417,776.0,24.10686548617583,1803.0,145.0,8.042151968940654,611.0,33.8879645036051,428.0,23.738214087631725,428.0,23.738214087631725,172.0,9.539656128674432,19.0,1.0537992235163616,783.0,289.0,36.90932311621967,494.0,63.090676883780326,3298.0,3298.0,2873.0,783.0,294.0,37.547892720306514,489.0,62.45210727969349,669.0,506.0,75.63527653213752,248.0,37.07025411061286,783.0,316.0,122.0,38.607594936708864,98.0,52.0,0.53061,369.0,296.0,80.21680216802169
158,1608.0,0.0,3298.0,1357.0,42723.0,1123.0,510.0,45.414069456812115,613.0,54.585930543187885,3298.0,668.0,20.254699818071558,2600.0,78.83565797453002,0.0,0.0,0.0,0.0,0.0,0.0,0.0,0.0,30.0,0.9096422073984234,3298.0,3265.0,98.99939357186173,33.0,1.0006064281382656,3298.0,1054.0,31.958762886597935,977.0,92.6944971537002,77.0,7.30550284629981,2244.0,68.04123711340206,1896.0,84.49197860962568,348.0,15.508021390374333,1357.0,1123.0,82.75607958732498,234.0,17.243920412675017,1148.0,1131.0,98.5191637630662,17.0,1.480836236933798,0.0,0.0,1123.0,316.0,28.138913624220834,467.0,41.585040071237756,340.0,30.27604630454141,3219.0,2443.0,75.89313451382417,776.0,24.10686548617583,1803.0,145.0,8.042151968940654,611.0,33.8879645036051,428.0,23.738214087631725,428.0,23.738214087631725,172.0,9.539656128674432,19.0,1.0537992235163616,783.0,289.0,36.90932311621967,494.0,63.090676883780326,3298.0,3298.0,2873.0,783.0,294.0,37.547892720306514,489.0,62.45210727969349,669.0,506.0,75.63527653213752,248.0,37.07025411061286,783.0,316.0,122.0,38.607594936708864,98.0,52.0,0.53061,369.0,296.0,80.21680216802169
159,1613.0,0.0,3298.0,1357.0,42723.0,1123.0,510.0,45.414069456812115,613.0,54.585930543187885,3298.0,668.0,20.254699818071558,2600.0,78.83565797453002,0.0,0.0,0.0,0.0,0.0,0.0,0.0,0.0,30.0,0.9096422073984234,3298.0,3265.0,98.99939357186173,33.0,1.0006064281382656,3298.0,1054.0,31.958762886597935,977.0,92.6944971537002,77.0,7.30550284629981,2244.0,68.04123711340206,1896.0,84.49197860962568,348.0,15.508021390374333,1357.0,1123.0,82.75607958732498,234.0,17.243920412675017,1148.0,1131.0,98.5191637630662,17.0,1.480836236933798,0.0,0.0,1123.0,316.0,28.138913624220834,467.0,41.585040071237756,340.0,30.27604630454141,3219.0,2443.0,75.89313451382417,776.0,24.10686548617583,1803.0,145.0,8.042151968940654,611.0,33.8879645036051,428.0,23.738214087631725,428.0,23.738214087631725,172.0,9.539656128674432,19.0,1.0537992235163616,783.0,289.0,36.90932311621967,494.0,63.090676883780326,3298.0,3298.0,2873.0,783.0,294.0,37.547892720306514,489.0,62.45210727969349,669.0,506.0,75.63527653213752,248.0,37.07025411061286,783.0,316.0,122.0,38.607594936708864,98.0,52.0,0.53061,369.0,296.0,80.21680216802169
160,1614.0,0.0,3298.0,1357.0,42723.0,1123.0,510.0,45.414069456812115,613.0,54.585930543187885,3298.0,668.0,20.254699818071558,2600.0,78.83565797453002,0.0,0.0,0.0,0.0,0.0,0.0,0.0,0.0,30.0,0.9096422073984234,3298.0,3265.0,98.99939357186173,33.0,1.0006064281382656,3298.0,1054.0,31.958762886597935,977.0,92.6944971537002,77.0,7.30550284629981,2244.0,68.04123711340206,1896.0,84.49197860962568,348.0,15.508021390374333,1357.0,1123.0,82.75607958732498,234.0,17.243920412675017,1148.0,1131.0,98.5191637630662,17.0,1.480836236933798,0.0,0.0,1123.0,316.0,28.138913624220834,467.0,41.585040071237756,340.0,30.27604630454141,3219.0,2443.0,75.89313451382417,776.0,24.10686548617583,1803.0,145.0,8.042151968940654,611.0,33.8879645036051,428.0,23.738214087631725,428.0,23.738214087631725,172.0,9.539656128674432,19.0,1.0537992235163616,783.0,289.0,36.90932311621967,494.0,63.090676883780326,3298.0,3298.0,2873.0,783.0,294.0,37.547892720306514,489.0,62.45210727969349,669.0,506.0,75.63527653213752,248.0,37.07025411061286,783.0,316.0,122.0,38.607594936708864,98.0,52.0,0.53061,369.0,296.0,80.21680216802169
161,1617.0,0.0,3298.0,1357.0,42723.0,1123.0,510.0,45.414069456812115,613.0,54.585930543187885,3298.0,668.0,20.254699818071558,2600.0,78.83565797453002,0.0,0.0,0.0,0.0,0.0,0.0,0.0,0.0,30.0,0.9096422073984234,3298.0,3265.0,98.99939357186173,33.0,1.0006064281382656,3298.0,1054.0,31.958762886597935,977.0,92.6944971537002,77.0,7.30550284629981,2244.0,68.04123711340206,1896.0,84.49197860962568,348.0,15.508021390374333,1357.0,1123.0,82.75607958732498,234.0,17.243920412675017,1148.0,1131.0,98.5191637630662,17.0,1.480836236933798,0.0,0.0,1123.0,316.0,28.138913624220834,467.0,41.585040071237756,340.0,30.27604630454141,3219.0,2443.0,75.89313451382417,776.0,24.10686548617583,1803.0,145.0,8.042151968940654,611.0,33.8879645036051,428.0,23.738214087631725,428.0,23.738214087631725,172.0,9.539656128674432,19.0,1.0537992235163616,783.0,289.0,36.90932311621967,494.0,63.090676883780326,3298.0,3298.0,2873.0,783.0,294.0,37.547892720306514,489.0,62.45210727969349,669.0,506.0,75.63527653213752,248.0,37.07025411061286,783.0,316.0,122.0,38.607594936708864,98.0,52.0,0.53061,369.0,296.0,80.21680216802169
162,1607.0,0.0,435.0,299.0,30236.0,247.0,110.0,44.534412955465584,137.0,55.465587044534416,435.0,139.0,31.95402298850575,296.0,68.04597701149426,0.0,0.0,0.0,0.0,0.0,0.0,0.0,0.0,0.0,0.0,435.0,435.0,100.0,0.0,0.0,422.0,79.0,18.72037914691943,24.0,30.37974683544304,55.0,69.62025316455697,343.0,81.27962085308057,243.0,70.8454810495627,100.0,29.154518950437318,299.0,247.0,82.6086956521739,52.0,17.391304347826086,186.0,186.0,100.0,0.0,0.0,0.0,0.0,247.0,56.0,22.672064777327936,36.0,14.5748987854251,155.0,62.75303643724697,435.0,372.0,85.51724137931035,63.0,14.482758620689657,311.0,39.0,12.540192926045016,70.0,22.508038585209004,85.0,27.331189710610932,1.0,0.3215434083601286,95.0,30.54662379421222,21.0,6.752411575562702,92.0,12.0,13.043478260869565,80.0,86.95652173913044,435.0,435.0,267.0,92.0,69.0,75.0,23.0,25.0,669.0,506.0,75.63527653213752,248.0,37.07025411061286,92.0,56.0,7.0,12.5,25.0,25.0,1.0,11.0,11.0,100.0
163,1611.0,0.0,435.0,299.0,30236.0,247.0,110.0,44.534412955465584,137.0,55.465587044534416,435.0,139.0,31.95402298850575,296.0,68.04597701149426,0.0,0.0,0.0,0.0,0.0,0.0,0.0,0.0,0.0,0.0,435.0,435.0,100.0,0.0,0.0,422.0,79.0,18.72037914691943,24.0,30.37974683544304,55.0,69.62025316455697,343.0,81.27962085308057,243.0,70.8454810495627,100.0,29.154518950437318,299.0,247.0,82.6086956521739,52.0,17.391304347826086,186.0,186.0,100.0,0.0,0.0,0.0,0.0,247.0,56.0,22.672064777327936,36.0,14.5748987854251,155.0,62.75303643724697,435.0,372.0,85.51724137931035,63.0,14.482758620689657,311.0,39.0,12.540192926045016,70.0,22.508038585209004,85.0,27.331189710610932,1.0,0.3215434083601286,95.0,30.54662379421222,21.0,6.752411575562702,92.0,12.0,13.043478260869565,80.0,86.95652173913044,435.0,435.0,267.0,92.0,69.0,75.0,23.0,25.0,669.0,506.0,75.63527653213752,248.0,37.07025411061286,92.0,56.0,7.0,12.5,25.0,25.0,1.0,11.0,11.0,100.0
164,1612.0,0.0,435.0,299.0,30236.0,247.0,110.0,44.534412955465584,137.0,55.465587044534416,435.0,139.0,31.95402298850575,296.0,68.04597701149426,0.0,0.0,0.0,0.0,0.0,0.0,0.0,0.0,0.0,0.0,435.0,435.0,100.0,0.0,0.0,422.0,79.0,18.72037914691943,24.0,30.37974683544304,55.0,69.62025316455697,343.0,81.27962085308057,243.0,70.8454810495627,100.0,29.154518950437318,299.0,247.0,82.6086956521739,52.0,17.391304347826086,186.0,186.0,100.0,0.0,0.0,0.0,0.0,247.0,56.0,22.672064777327936,36.0,14.5748987854251,155.0,62.75303643724697,435.0,372.0,85.51724137931035,63.0,14.482758620689657,311.0,39.0,12.540192926045016,70.0,22.508038585209004,85.0,27.331189710610932,1.0,0.3215434083601286,95.0,30.54662379421222,21.0,6.752411575562702,92.0,12.0,13.043478260869565,80.0,86.95652173913044,435.0,435.0,267.0,92.0,69.0,75.0,23.0,25.0,669.0,506.0,75.63527653213752,248.0,37.07025411061286,92.0,56.0,7.0,12.5,25.0,25.0,1.0,11.0,11.0,100.0
165,1309.0,0.0,2183.0,801.0,35598.0,721.0,297.0,41.19278779472954,424.0,58.80721220527045,2183.0,905.0,41.45671094823637,780.0,35.730645900137425,0.0,0.0,5.0,0.22904260192395787,0.0,0.0,493.0,22.583600549702247,0.0,0.0,2183.0,1547.0,70.86578103527256,636.0,29.134218964727438,2020.0,511.0,25.2970297029703,424.0,82.97455968688845,87.0,17.025440313111545,1509.0,74.70297029702971,1292.0,85.61961563949636,217.0,14.380384360503646,801.0,721.0,90.01248439450687,80.0,9.987515605493133,803.0,776.0,96.63760896637609,0.0,0.0,0.0,0.0,721.0,335.0,46.463245492371705,193.0,26.768377253814148,193.0,26.768377253814148,2170.0,1708.0,78.70967741935485,462.0,21.29032258064516,1414.0,358.0,25.318246110325322,702.0,49.64639321074964,232.0,16.407355021216407,65.0,4.596888260254596,28.0,1.9801980198019802,29.0,2.050919377652051,528.0,186.0,35.22727272727273,342.0,64.77272727272727,2183.0,2020.0,1716.0,528.0,159.0,30.113636363636363,369.0,69.88636363636364,669.0,506.0,75.63527653213752,248.0,37.07025411061286,528.0,335.0,80.0,23.88059701492537,0.0,0.0,999.0,193.0,104.0,53.8860103626943
166,1320.0,0.0,2183.0,801.0,35598.0,721.0,297.0,41.19278779472954,424.0,58.80721220527045,2183.0,905.0,41.45671094823637,780.0,35.730645900137425,0.0,0.0,5.0,0.22904260192395787,0.0,0.0,493.0,22.583600549702247,0.0,0.0,2183.0,1547.0,70.86578103527256,636.0,29.134218964727438,2020.0,511.0,25.2970297029703,424.0,82.97455968688845,87.0,17.025440313111545,1509.0,74.70297029702971,1292.0,85.61961563949636,217.0,14.380384360503646,801.0,721.0,90.01248439450687,80.0,9.987515605493133,803.0,776.0,96.63760896637609,0.0,0.0,0.0,0.0,721.0,335.0,46.463245492371705,193.0,26.768377253814148,193.0,26.768377253814148,2170.0,1708.0,78.70967741935485,462.0,21.29032258064516,1414.0,358.0,25.318246110325322,702.0,49.64639321074964,232.0,16.407355021216407,65.0,4.596888260254596,28.0,1.9801980198019802,29.0,2.050919377652051,528.0,186.0,35.22727272727273,342.0,64.77272727272727,2183.0,2020.0,1716.0,528.0,159.0,30.113636363636363,369.0,69.88636363636364,669.0,506.0,75.63527653213752,248.0,37.07025411061286,528.0,335.0,80.0,23.88059701492537,0.0,0.0,999.0,193.0,104.0,53.8860103626943
167,2214.0,0.0,2183.0,801.0,35598.0,721.0,297.0,41.19278779472954,424.0,58.80721220527045,2183.0,905.0,41.45671094823637,780.0,35.730645900137425,0.0,0.0,5.0,0.22904260192395787,0.0,0.0,493.0,22.583600549702247,0.0,0.0,2183.0,1547.0,70.86578103527256,636.0,29.134218964727438,2020.0,511.0,25.2970297029703,424.0,82.97455968688845,87.0,17.025440313111545,1509.0,74.70297029702971,1292.0,85.61961563949636,217.0,14.380384360503646,801.0,721.0,90.01248439450687,80.0,9.987515605493133,803.0,776.0,96.63760896637609,0.0,0.0,0.0,0.0,721.0,335.0,46.463245492371705,193.0,26.768377253814148,193.0,26.768377253814148,2170.0,1708.0,78.70967741935485,462.0,21.29032258064516,1414.0,358.0,25.318246110325322,702.0,49.64639321074964,232.0,16.407355021216407,65.0,4.596888260254596,28.0,1.9801980198019802,29.0,2.050919377652051,528.0,186.0,35.22727272727273,342.0,64.77272727272727,2183.0,2020.0,1716.0,528.0,159.0,30.113636363636363,369.0,69.88636363636364,669.0,506.0,75.63527653213752,248.0,37.07025411061286,528.0,335.0,80.0,23.88059701492537,0.0,0.0,999.0,193.0,104.0,53.8860103626943
168,2207.0,0.0,348.0,375.0,19338.0,273.0,94.0,34.43223443223443,179.0,65.56776556776556,348.0,278.0,79.88505747126436,41.0,11.781609195402298,0.0,0.0,0.0,0.0,0.0,0.0,0.0,0.0,29.0,8.333333333333332,348.0,340.0,97.70114942528735,8.0,2.2988505747126435,348.0,113.0,32.4712643678161,0.0,0.0,113.0,100.0,235.0,67.52873563218391,142.0,60.42553191489362,93.0,39.57446808510638,375.0,273.0,72.8,102.0,27.200000000000003,82.0,74.0,90.2439024390244,0.0,0.0,0.0,0.0,273.0,59.0,21.611721611721613,8.0,2.93040293040293,206.0,75.45787545787546,348.0,280.0,80.45977011494253,68.0,19.54022988505747,337.0,21.0,6.231454005934718,224.0,66.46884272997032,61.0,18.100890207715135,15.0,4.451038575667656,8.0,2.3738872403560833,8.0,2.3738872403560833,67.0,0.0,0.0,67.0,100.0,348.0,348.0,142.0,67.0,18.0,26.865671641791046,49.0,73.13432835820896,669.0,506.0,75.63527653213752,248.0,37.07025411061286,67.0,59.0,5.0,8.47457627118644,0.0,0.0,999.0,8.0,0.0,0.0
169,2209.0,0.0,144.0,111.0,,86.0,65.0,75.5813953488372,21.0,24.418604651162788,144.0,100.0,69.44444444444444,30.0,20.833333333333336,0.0,0.0,0.0,0.0,0.0,0.0,14.0,9.722222222222223,0.0,0.0,144.0,97.0,67.36111111111111,47.0,32.63888888888889,144.0,50.0,34.72222222222222,13.0,26.0,37.0,74.0,94.0,65.27777777777779,57.0,60.63829787234043,37.0,39.361702127659576,111.0,86.0,77.47747747747748,25.0,22.52252252252252,63.0,63.0,100.0,0.0,0.0,0.0,0.0,86.0,1.0,1.1627906976744187,18.0,20.930232558139537,67.0,77.90697674418605,144.0,123.0,85.41666666666666,21.0,14.583333333333334,142.0,93.0,65.49295774647888,13.0,9.15492957746479,22.0,15.492957746478872,0.0,0.0,0.0,0.0,14.0,9.859154929577464,19.0,0.0,0.0,19.0,100.0,144.0,144.0,70.0,19.0,14.0,73.68421052631578,5.0,26.31578947368421,669.0,506.0,75.63527653213752,248.0,37.07025411061286,19.0,1.0,1.0,100.0,14.0,0.0,0.0,4.0,0.0,0.0
170,2105.0,0.0,1006.0,524.0,83487.0,417.0,384.0,92.08633093525181,33.0,7.913669064748201,1006.0,618.0,61.431411530815105,176.0,17.495029821073558,0.0,0.0,212.0,21.07355864811133,0.0,0.0,0.0,0.0,0.0,0.0,1006.0,938.0,93.24055666003976,68.0,6.759443339960239,1006.0,80.0,7.952286282306163,60.0,75.0,20.0,25.0,926.0,92.04771371769384,832.0,89.8488120950324,94.0,10.151187904967603,524.0,417.0,79.58015267175573,107.0,20.419847328244277,517.0,499.0,96.5183752417795,0.0,0.0,0.0,0.0,417.0,291.0,69.7841726618705,12.0,2.877697841726619,114.0,27.33812949640288,965.0,902.0,93.47150259067357,63.0,6.528497409326425,717.0,131.0,18.270571827057182,91.0,12.691771269177126,302.0,42.11994421199442,92.0,12.831241283124129,40.0,5.578800557880056,61.0,8.507670850767084,303.0,0.0,0.0,303.0,100.0,1006.0,1006.0,892.0,303.0,204.0,67.32673267326733,99.0,32.67326732673268,669.0,506.0,75.63527653213752,248.0,37.07025411061286,303.0,291.0,121.0,41.580756013745706,0.0,0.0,999.0,12.0,0.0,0.0
171,2121.0,0.0,875.0,367.0,63194.0,320.0,291.0,90.9375,29.0,9.0625,875.0,153.0,17.485714285714284,722.0,82.51428571428572,0.0,0.0,0.0,0.0,0.0,0.0,0.0,0.0,0.0,0.0,875.0,875.0,100.0,0.0,0.0,875.0,133.0,15.2,125.0,93.98496240601504,8.0,6.015037593984962,742.0,84.8,653.0,88.0053908355795,89.0,11.994609164420485,367.0,320.0,87.19346049046321,47.0,12.806539509536785,423.0,408.0,96.45390070921985,0.0,0.0,0.0,0.0,320.0,189.0,59.06249999999999,34.0,10.625,97.0,30.312499999999996,875.0,869.0,99.31428571428572,6.0,0.6857142857142857,561.0,18.0,3.2085561497326207,119.0,21.21212121212121,247.0,44.02852049910874,87.0,15.508021390374333,81.0,14.43850267379679,9.0,1.6042780748663104,223.0,33.0,14.798206278026907,190.0,85.20179372197309,875.0,875.0,778.0,223.0,133.0,59.64125560538116,90.0,40.35874439461883,669.0,506.0,75.63527653213752,248.0,37.07025411061286,223.0,189.0,113.0,59.78835978835979,25.0,25.0,1.0,9.0,0.0,0.0
172,2101.0,0.0,2922.0,1137.0,72014.0,1085.0,1058.0,97.51152073732719,27.0,2.488479262672811,2922.0,945.0,32.340862422997944,1977.0,67.65913757700204,0.0,0.0,0.0,0.0,0.0,0.0,0.0,0.0,0.0,0.0,2922.0,2892.0,98.97330595482546,30.0,1.0266940451745379,2922.0,144.0,4.9281314168377826,52.0,36.11111111111111,92.0,63.888888888888886,2778.0,95.07186858316223,2429.0,87.43700503959683,349.0,12.562994960403168,1137.0,1085.0,95.42656112576957,52.0,4.573438874230431,1338.0,1338.0,100.0,0.0,0.0,0.0,0.0,1085.0,507.0,46.72811059907834,266.0,24.516129032258064,312.0,28.755760368663598,2922.0,2850.0,97.5359342915811,72.0,2.4640657084188913,2006.0,114.0,5.682951146560319,514.0,25.623130608175476,508.0,25.324027916251246,316.0,15.752741774675972,295.0,14.705882352941178,259.0,12.911266201395813,773.0,62.0,8.020698576972833,711.0,91.97930142302717,2922.0,2922.0,2481.0,773.0,457.0,59.120310478654595,316.0,40.879689521345405,669.0,506.0,75.63527653213752,248.0,37.07025411061286,773.0,507.0,125.0,24.65483234714004,91.0,70.0,0.76923,175.0,24.0,13.714285714285715
173,2115.0,0.0,2922.0,1137.0,72014.0,1085.0,1058.0,97.51152073732719,27.0,2.488479262672811,2922.0,945.0,32.340862422997944,1977.0,67.65913757700204,0.0,0.0,0.0,0.0,0.0,0.0,0.0,0.0,0.0,0.0,2922.0,2892.0,98.97330595482546,30.0,1.0266940451745379,2922.0,144.0,4.9281314168377826,52.0,36.11111111111111,92.0,63.888888888888886,2778.0,95.07186858316223,2429.0,87.43700503959683,349.0,12.562994960403168,1137.0,1085.0,95.42656112576957,52.0,4.573438874230431,1338.0,1338.0,100.0,0.0,0.0,0.0,0.0,1085.0,507.0,46.72811059907834,266.0,24.516129032258064,312.0,28.755760368663598,2922.0,2850.0,97.5359342915811,72.0,2.4640657084188913,2006.0,114.0,5.682951146560319,514.0,25.623130608175476,508.0,25.324027916251246,316.0,15.752741774675972,295.0,14.705882352941178,259.0,12.911266201395813,773.0,62.0,8.020698576972833,711.0,91.97930142302717,2922.0,2922.0,2481.0,773.0,457.0,59.120310478654595,316.0,40.879689521345405,669.0,506.0,75.63527653213752,248.0,37.07025411061286,773.0,507.0,125.0,24.65483234714004,91.0,70.0,0.76923,175.0,24.0,13.714285714285715
174,2118.0,0.0,2922.0,1137.0,72014.0,1085.0,1058.0,97.51152073732719,27.0,2.488479262672811,2922.0,945.0,32.340862422997944,1977.0,67.65913757700204,0.0,0.0,0.0,0.0,0.0,0.0,0.0,0.0,0.0,0.0,2922.0,2892.0,98.97330595482546,30.0,1.0266940451745379,2922.0,144.0,4.9281314168377826,52.0,36.11111111111111,92.0,63.888888888888886,2778.0,95.07186858316223,2429.0,87.43700503959683,349.0,12.562994960403168,1137.0,1085.0,95.42656112576957,52.0,4.573438874230431,1338.0,1338.0,100.0,0.0,0.0,0.0,0.0,1085.0,507.0,46.72811059907834,266.0,24.516129032258064,312.0,28.755760368663598,2922.0,2850.0,97.5359342915811,72.0,2.4640657084188913,2006.0,114.0,5.682951146560319,514.0,25.623130608175476,508.0,25.324027916251246,316.0,15.752741774675972,295.0,14.705882352941178,259.0,12.911266201395813,773.0,62.0,8.020698576972833,711.0,91.97930142302717,2922.0,2922.0,2481.0,773.0,457.0,59.120310478654595,316.0,40.879689521345405,669.0,506.0,75.63527653213752,248.0,37.07025411061286,773.0,507.0,125.0,24.65483234714004,91.0,70.0,0.76923,175.0,24.0,13.714285714285715
175,2122.0,0.0,2324.0,885.0,65585.0,885.0,776.0,87.68361581920904,109.0,12.31638418079096,2324.0,401.0,17.25473321858864,1918.0,82.53012048192771,0.0,0.0,0.0,0.0,0.0,0.0,0.0,0.0,5.0,0.21514629948364886,2324.0,2322.0,99.91394148020653,2.0,0.08605851979345956,2324.0,28.0,1.2048192771084338,28.0,100.0,0.0,0.0,2296.0,98.79518072289156,1971.0,85.84494773519164,325.0,14.155052264808363,885.0,885.0,100.0,0.0,0.0,1133.0,1101.0,97.1756398940865,0.0,0.0,0.0,0.0,885.0,435.0,49.152542372881356,150.0,16.94915254237288,300.0,33.89830508474576,2324.0,1833.0,78.87263339070569,491.0,21.12736660929432,1611.0,122.0,7.572936064556177,411.0,25.512104283054004,742.0,46.05834885164494,89.0,5.524518932340161,153.0,9.497206703910614,94.0,5.8348851644941035,585.0,76.0,12.991452991452993,509.0,87.00854700854701,2324.0,2324.0,1999.0,585.0,347.0,59.31623931623932,238.0,40.68376068376068,669.0,506.0,75.63527653213752,248.0,37.07025411061286,585.0,435.0,168.0,38.62068965517241,75.0,0.0,0.0,75.0,0.0,0.0
176,1403.0,0.0,1393.0,564.0,54917.0,538.0,451.0,83.82899628252788,87.0,16.171003717472118,1393.0,233.0,16.726489590811198,1119.0,80.33022254127782,0.0,0.0,0.0,0.0,0.0,0.0,11.0,0.7896625987078248,30.0,2.1536252692031588,1393.0,1319.0,94.68772433596554,74.0,5.312275664034458,1393.0,256.0,18.377602297200287,224.0,87.5,32.0,12.5,1137.0,81.6223977027997,1036.0,91.1169744942832,101.0,8.883025505716798,564.0,538.0,95.39007092198581,26.0,4.609929078014184,492.0,482.0,97.96747967479675,0.0,0.0,10.0,2.0325203252032518,538.0,205.0,38.10408921933085,213.0,39.5910780669145,120.0,22.304832713754646,1393.0,1347.0,96.69777458722182,46.0,3.3022254127781765,1032.0,99.0,9.593023255813954,197.0,19.089147286821706,366.0,35.46511627906977,79.0,7.655038759689922,153.0,14.825581395348838,138.0,13.372093023255813,418.0,82.0,19.617224880382775,336.0,80.38277511961722,1393.0,1393.0,1260.0,418.0,150.0,35.88516746411483,268.0,64.11483253588517,669.0,506.0,75.63527653213752,248.0,37.07025411061286,418.0,205.0,37.0,18.048780487804876,15.0,0.0,0.0,198.0,78.0,39.39393939393939
177,2104.0,0.0,495.0,195.0,75294.0,176.0,139.0,78.97727272727273,37.0,21.022727272727273,495.0,261.0,52.72727272727272,234.0,47.27272727272727,0.0,0.0,0.0,0.0,0.0,0.0,0.0,0.0,0.0,0.0,495.0,495.0,100.0,0.0,0.0,495.0,69.0,13.939393939393941,69.0,100.0,0.0,0.0,426.0,86.06060606060606,394.0,92.48826291079813,32.0,7.511737089201878,195.0,176.0,90.25641025641026,19.0,9.743589743589745,232.0,224.0,96.55172413793103,0.0,0.0,0.0,0.0,176.0,100.0,56.81818181818182,44.0,25.0,32.0,18.181818181818183,495.0,428.0,86.46464646464646,67.0,13.535353535353536,392.0,52.0,13.26530612244898,123.0,31.377551020408163,94.0,23.97959183673469,17.0,4.336734693877551,81.0,20.66326530612245,25.0,6.377551020408164,144.0,46.0,31.944444444444443,98.0,68.05555555555556,495.0,495.0,463.0,144.0,69.0,47.91666666666667,75.0,52.083333333333336,669.0,506.0,75.63527653213752,248.0,37.07025411061286,144.0,100.0,42.0,42.0,0.0,0.0,999.0,44.0,7.0,15.909090909090908
178,2106.0,0.0,1183.0,459.0,56771.0,413.0,282.0,68.28087167070218,131.0,31.719128329297817,1183.0,832.0,70.32967032967034,335.0,28.317836010143704,0.0,0.0,0.0,0.0,0.0,0.0,16.0,1.3524936601859678,0.0,0.0,1183.0,1167.0,98.64750633981403,16.0,1.3524936601859678,1173.0,143.0,12.190963341858483,139.0,97.2027972027972,4.0,2.797202797202797,1030.0,87.80903665814151,969.0,94.07766990291262,61.0,5.922330097087379,459.0,413.0,89.97821350762527,46.0,10.021786492374728,397.0,395.0,99.49622166246851,0.0,0.0,2.0,0.5037783375314862,413.0,271.0,65.61743341404357,84.0,20.33898305084746,58.0,14.043583535108958,1183.0,1054.0,89.09551986475064,129.0,10.904480135249365,864.0,115.0,13.310185185185187,356.0,41.2037037037037,189.0,21.875,42.0,4.861111111111112,103.0,11.921296296296296,59.0,6.828703703703703,355.0,25.0,7.042253521126761,330.0,92.95774647887323,1183.0,1176.0,1118.0,355.0,144.0,40.563380281690144,211.0,59.436619718309856,669.0,506.0,75.63527653213752,248.0,37.07025411061286,355.0,271.0,98.0,36.162361623616235,7.0,0.0,0.0,77.0,48.0,62.33766233766234
179,2112.0,0.0,1199.0,672.0,21033.0,425.0,274.0,64.47058823529412,151.0,35.529411764705884,1199.0,495.0,41.284403669724774,690.0,57.54795663052544,0.0,0.0,0.0,0.0,0.0,0.0,0.0,0.0,14.0,1.1676396997497915,1199.0,1199.0,100.0,0.0,0.0,1199.0,511.0,42.61884904086739,442.0,86.49706457925636,69.0,13.50293542074364,688.0,57.38115095913261,642.0,93.31395348837209,46.0,6.686046511627906,672.0,425.0,63.24404761904761,247.0,36.75595238095239,345.0,334.0,96.81159420289856,11.0,3.1884057971014492,0.0,0.0,425.0,148.0,34.8235294117647,176.0,41.411764705882355,101.0,23.764705882352942,1192.0,1117.0,93.70805369127517,75.0,6.291946308724833,758.0,209.0,27.572559366754618,258.0,34.03693931398417,131.0,17.282321899736147,115.0,15.171503957783642,32.0,4.221635883905013,13.0,1.7150395778364116,324.0,110.0,33.95061728395062,214.0,66.0493827160494,1199.0,1199.0,1084.0,324.0,77.0,23.765432098765434,247.0,76.23456790123457,669.0,506.0,75.63527653213752,248.0,37.07025411061286,324.0,148.0,37.0,25.0,10.0,8.0,0.8,166.0,86.0,51.80722891566265
180,2009.0,0.0,1508.0,633.0,31250.0,578.0,400.0,69.20415224913495,178.0,30.79584775086505,1508.0,1077.0,71.41909814323607,405.0,26.856763925729442,11.0,0.7294429708222812,0.0,0.0,0.0,0.0,0.0,0.0,15.0,0.9946949602122015,1508.0,1508.0,100.0,0.0,0.0,1508.0,197.0,13.063660477453581,83.0,42.13197969543147,114.0,57.868020304568525,1311.0,86.93633952254642,1188.0,90.61784897025171,123.0,9.382151029748284,633.0,578.0,91.31121642969984,55.0,8.688783570300158,587.0,587.0,100.0,0.0,0.0,0.0,0.0,578.0,282.0,48.78892733564014,80.0,13.84083044982699,216.0,37.37024221453287,1430.0,1319.0,92.23776223776224,111.0,7.7622377622377625,998.0,85.0,8.517034068136272,457.0,45.791583166332664,209.0,20.941883767535067,148.0,14.829659318637276,85.0,8.517034068136272,14.0,1.402805611222445,362.0,77.0,21.2707182320442,285.0,78.72928176795581,1508.0,1508.0,1271.0,362.0,183.0,50.552486187845304,179.0,49.447513812154696,669.0,506.0,75.63527653213752,248.0,37.07025411061286,362.0,282.0,103.0,36.52482269503546,7.0,7.0,1.0,73.0,32.0,43.83561643835616
181,1626.0,0.0,543.0,348.0,41696.0,291.0,197.0,67.69759450171821,94.0,32.302405498281786,543.0,336.0,61.87845303867403,197.0,36.279926335174956,10.0,1.841620626151013,0.0,0.0,0.0,0.0,0.0,0.0,0.0,0.0,543.0,543.0,100.0,0.0,0.0,543.0,142.0,26.151012891344383,142.0,100.0,0.0,0.0,401.0,73.84898710865562,264.0,65.83541147132169,137.0,34.1645885286783,348.0,291.0,83.62068965517241,57.0,16.379310344827587,267.0,219.0,82.02247191011236,0.0,0.0,36.0,13.48314606741573,291.0,79.0,27.147766323024054,75.0,25.773195876288657,137.0,47.07903780068728,543.0,543.0,100.0,0.0,0.0,384.0,71.0,18.489583333333336,105.0,27.34375,61.0,15.885416666666666,12.0,3.125,70.0,18.229166666666664,65.0,16.927083333333336,154.0,34.0,22.07792207792208,120.0,77.92207792207793,543.0,543.0,406.0,154.0,69.0,44.8051948051948,85.0,55.1948051948052,669.0,506.0,75.63527653213752,248.0,37.07025411061286,154.0,79.0,10.0,12.658227848101266,0.0,0.0,999.0,75.0,70.0,93.33333333333333
182,2407.0,0.0,1919.0,636.0,130735.0,636.0,596.0,93.71069182389937,40.0,6.289308176100629,1919.0,1854.0,96.61281917665451,7.0,0.36477331943720687,0.0,0.0,58.0,3.0224075039082856,0.0,0.0,0.0,0.0,0.0,0.0,1919.0,1903.0,99.16623241271496,16.0,0.8337675872850442,1919.0,30.0,1.5633142261594581,0.0,0.0,30.0,100.0,1889.0,98.43668577384054,1804.0,95.50026469031233,85.0,4.499735309687666,636.0,636.0,100.0,0.0,0.0,877.0,797.0,90.87799315849487,4.0,0.45610034207525657,0.0,0.0,636.0,449.0,70.59748427672956,105.0,16.50943396226415,82.0,12.89308176100629,1919.0,1784.0,92.96508598228243,135.0,7.034914017717561,1235.0,13.0,1.0526315789473684,73.0,5.910931174089069,172.0,13.927125506072874,24.0,1.9433198380566803,555.0,44.93927125506073,398.0,32.22672064777328,554.0,18.0,3.2490974729241873,536.0,96.75090252707581,1919.0,1901.0,1804.0,554.0,360.0,64.98194945848375,194.0,35.018050541516246,669.0,506.0,75.63527653213752,248.0,37.07025411061286,554.0,449.0,219.0,48.775055679287306,27.0,17.0,0.62962,78.0,38.0,48.717948717948715
183,2416.0,0.0,1836.0,680.0,145114.0,635.0,594.0,93.54330708661416,41.0,6.456692913385827,1836.0,1806.0,98.36601307189542,0.0,0.0,0.0,0.0,6.0,0.32679738562091504,0.0,0.0,14.0,0.7625272331154684,10.0,0.5446623093681917,1836.0,1685.0,91.7755991285403,151.0,8.224400871459695,1836.0,26.0,1.4161220043572984,0.0,0.0,26.0,100.0,1810.0,98.5838779956427,1715.0,94.7513812154696,95.0,5.248618784530387,680.0,635.0,93.38235294117648,45.0,6.61764705882353,644.0,624.0,96.8944099378882,0.0,0.0,0.0,0.0,635.0,482.0,75.90551181102362,46.0,7.244094488188976,107.0,16.850393700787404,1825.0,1576.0,86.35616438356163,249.0,13.643835616438357,1154.0,40.0,3.466204506065858,91.0,7.885615251299827,60.0,5.1993067590987865,16.0,1.386481802426343,415.0,35.961871750433275,532.0,46.10051993067591,528.0,18.0,3.4090909090909087,510.0,96.5909090909091,1836.0,1836.0,1715.0,528.0,351.0,66.47727272727273,177.0,33.52272727272727,669.0,506.0,75.63527653213752,248.0,37.07025411061286,528.0,482.0,226.0,46.88796680497925,13.0,13.0,1.0,33.0,24.0,72.72727272727273
184,2411.0,0.0,1502.0,692.0,100438.0,683.0,519.0,75.9882869692533,164.0,24.011713030746705,1502.0,1212.0,80.6924101198402,80.0,5.326231691078561,0.0,0.0,103.0,6.857523302263649,0.0,0.0,9.0,0.5992010652463382,98.0,6.524633821571238,1502.0,1502.0,100.0,0.0,0.0,1502.0,13.0,0.8655126498002662,0.0,0.0,13.0,100.0,1489.0,99.13448735019973,1200.0,80.59100067159167,289.0,19.408999328408328,692.0,683.0,98.69942196531792,9.0,1.300578034682081,716.0,716.0,100.0,0.0,0.0,0.0,0.0,683.0,368.0,53.879941434846266,61.0,8.931185944363104,254.0,37.18887262079063,1492.0,1203.0,80.63002680965148,289.0,19.369973190348524,1243.0,29.0,2.333065164923572,209.0,16.8141592920354,294.0,23.652453740949316,30.0,2.413515687851971,379.0,30.490748189863233,302.0,24.29605792437651,429.0,0.0,0.0,429.0,100.0,1502.0,1502.0,1200.0,429.0,206.0,48.01864801864802,223.0,51.981351981351985,669.0,506.0,75.63527653213752,248.0,37.07025411061286,429.0,368.0,127.0,34.51086956521739,0.0,0.0,999.0,61.0,11.0,18.0327868852459
185,2418.0,0.0,1502.0,692.0,100438.0,683.0,519.0,75.9882869692533,164.0,24.011713030746705,1502.0,1212.0,80.6924101198402,80.0,5.326231691078561,0.0,0.0,103.0,6.857523302263649,0.0,0.0,9.0,0.5992010652463382,98.0,6.524633821571238,1502.0,1502.0,100.0,0.0,0.0,1502.0,13.0,0.8655126498002662,0.0,0.0,13.0,100.0,1489.0,99.13448735019973,1200.0,80.59100067159167,289.0,19.408999328408328,692.0,683.0,98.69942196531792,9.0,1.300578034682081,716.0,716.0,100.0,0.0,0.0,0.0,0.0,683.0,368.0,53.879941434846266,61.0,8.931185944363104,254.0,37.18887262079063,1492.0,1203.0,80.63002680965148,289.0,19.369973190348524,1243.0,29.0,2.333065164923572,209.0,16.8141592920354,294.0,23.652453740949316,30.0,2.413515687851971,379.0,30.490748189863233,302.0,24.29605792437651,429.0,0.0,0.0,429.0,100.0,1502.0,1502.0,1200.0,429.0,206.0,48.01864801864802,223.0,51.981351981351985,669.0,506.0,75.63527653213752,248.0,37.07025411061286,429.0,368.0,127.0,34.51086956521739,0.0,0.0,999.0,61.0,11.0,18.0327868852459
186,2413.0,0.0,2343.0,1022.0,103227.0,915.0,684.0,74.75409836065575,231.0,25.245901639344265,2343.0,2195.0,93.68331199317115,18.0,0.7682458386683738,8.0,0.34144259496372176,122.0,5.206999573196756,0.0,0.0,0.0,0.0,0.0,0.0,2343.0,2304.0,98.33546734955185,39.0,1.6645326504481435,2343.0,55.0,2.3474178403755865,47.0,85.45454545454545,8.0,14.545454545454545,2288.0,97.65258215962442,2079.0,90.86538461538461,209.0,9.134615384615383,1022.0,915.0,89.53033268101761,107.0,10.469667318982387,1004.0,1004.0,100.0,0.0,0.0,0.0,0.0,915.0,560.0,61.20218579234973,180.0,19.672131147540984,175.0,19.12568306010929,2297.0,2092.0,91.07531562908142,205.0,8.92468437091859,1618.0,8.0,0.4944375772558714,179.0,11.063040791100123,238.0,14.709517923362176,0.0,0.0,678.0,41.90358467243511,515.0,31.829419035846723,740.0,0.0,0.0,740.0,100.0,2343.0,2343.0,2126.0,740.0,518.0,70.0,222.0,30.0,669.0,506.0,75.63527653213752,248.0,37.07025411061286,740.0,560.0,267.0,47.67857142857143,60.0,21.0,0.35,120.0,76.0,63.33333333333333
187,2417.0,0.0,2343.0,1022.0,103227.0,915.0,684.0,74.75409836065575,231.0,25.245901639344265,2343.0,2195.0,93.68331199317115,18.0,0.7682458386683738,8.0,0.34144259496372176,122.0,5.206999573196756,0.0,0.0,0.0,0.0,0.0,0.0,2343.0,2304.0,98.33546734955185,39.0,1.6645326504481435,2343.0,55.0,2.3474178403755865,47.0,85.45454545454545,8.0,14.545454545454545,2288.0,97.65258215962442,2079.0,90.86538461538461,209.0,9.134615384615383,1022.0,915.0,89.53033268101761,107.0,10.469667318982387,1004.0,1004.0,100.0,0.0,0.0,0.0,0.0,915.0,560.0,61.20218579234973,180.0,19.672131147540984,175.0,19.12568306010929,2297.0,2092.0,91.07531562908142,205.0,8.92468437091859,1618.0,8.0,0.4944375772558714,179.0,11.063040791100123,238.0,14.709517923362176,0.0,0.0,678.0,41.90358467243511,515.0,31.829419035846723,740.0,0.0,0.0,740.0,100.0,2343.0,2343.0,2126.0,740.0,518.0,70.0,222.0,30.0,669.0,506.0,75.63527653213752,248.0,37.07025411061286,740.0,560.0,267.0,47.67857142857143,60.0,21.0,0.35,120.0,76.0,63.33333333333333
188,2422.0,0.0,2343.0,1022.0,103227.0,915.0,684.0,74.75409836065575,231.0,25.245901639344265,2343.0,2195.0,93.68331199317115,18.0,0.7682458386683738,8.0,0.34144259496372176,122.0,5.206999573196756,0.0,0.0,0.0,0.0,0.0,0.0,2343.0,2304.0,98.33546734955185,39.0,1.6645326504481435,2343.0,55.0,2.3474178403755865,47.0,85.45454545454545,8.0,14.545454545454545,2288.0,97.65258215962442,2079.0,90.86538461538461,209.0,9.134615384615383,1022.0,915.0,89.53033268101761,107.0,10.469667318982387,1004.0,1004.0,100.0,0.0,0.0,0.0,0.0,915.0,560.0,61.20218579234973,180.0,19.672131147540984,175.0,19.12568306010929,2297.0,2092.0,91.07531562908142,205.0,8.92468437091859,1618.0,8.0,0.4944375772558714,179.0,11.063040791100123,238.0,14.709517923362176,0.0,0.0,678.0,41.90358467243511,515.0,31.829419035846723,740.0,0.0,0.0,740.0,100.0,2343.0,2343.0,2126.0,740.0,518.0,70.0,222.0,30.0,669.0,506.0,75.63527653213752,248.0,37.07025411061286,740.0,560.0,267.0,47.67857142857143,60.0,21.0,0.35,120.0,76.0,63.33333333333333
189,2423.0,0.0,2343.0,1022.0,103227.0,915.0,684.0,74.75409836065575,231.0,25.245901639344265,2343.0,2195.0,93.68331199317115,18.0,0.7682458386683738,8.0,0.34144259496372176,122.0,5.206999573196756,0.0,0.0,0.0,0.0,0.0,0.0,2343.0,2304.0,98.33546734955185,39.0,1.6645326504481435,2343.0,55.0,2.3474178403755865,47.0,85.45454545454545,8.0,14.545454545454545,2288.0,97.65258215962442,2079.0,90.86538461538461,209.0,9.134615384615383,1022.0,915.0,89.53033268101761,107.0,10.469667318982387,1004.0,1004.0,100.0,0.0,0.0,0.0,0.0,915.0,560.0,61.20218579234973,180.0,19.672131147540984,175.0,19.12568306010929,2297.0,2092.0,91.07531562908142,205.0,8.92468437091859,1618.0,8.0,0.4944375772558714,179.0,11.063040791100123,238.0,14.709517923362176,0.0,0.0,678.0,41.90358467243511,515.0,31.829419035846723,740.0,0.0,0.0,740.0,100.0,2343.0,2343.0,2126.0,740.0,518.0,70.0,222.0,30.0,669.0,506.0,75.63527653213752,248.0,37.07025411061286,740.0,560.0,267.0,47.67857142857143,60.0,21.0,0.35,120.0,76.0,63.33333333333333
190,2415.0,0.0,1279.0,609.0,79125.0,552.0,411.0,74.45652173913044,141.0,25.543478260869566,1279.0,1122.0,87.72478498827209,52.0,4.065676309616888,0.0,0.0,48.0,3.752931978107897,0.0,0.0,0.0,0.0,57.0,4.4566067240031275,1279.0,1251.0,97.81078967943706,28.0,2.18921032056294,1279.0,8.0,0.6254886630179828,0.0,0.0,8.0,100.0,1271.0,99.37451133698202,1047.0,82.37608182533438,224.0,17.62391817466562,609.0,552.0,90.64039408866995,57.0,9.35960591133005,697.0,647.0,92.82639885222382,0.0,0.0,20.0,2.8694404591104736,552.0,274.0,49.63768115942029,68.0,12.318840579710146,210.0,38.04347826086957,1279.0,1088.0,85.06645817044566,191.0,14.93354182955434,988.0,72.0,7.28744939271255,116.0,11.740890688259109,117.0,11.842105263157894,28.0,2.834008097165992,377.0,38.15789473684211,278.0,28.13765182186235,342.0,0.0,0.0,342.0,100.0,1279.0,1279.0,1047.0,342.0,149.0,43.567251461988306,193.0,56.4327485380117,669.0,506.0,75.63527653213752,248.0,37.07025411061286,342.0,274.0,123.0,44.89051094890511,0.0,0.0,999.0,68.0,20.0,29.411764705882355
191,2406.0,0.0,1084.0,603.0,37702.0,505.0,172.0,34.05940594059406,333.0,65.94059405940594,1084.0,318.0,29.335793357933582,703.0,64.85239852398524,63.0,5.8118081180811805,0.0,0.0,0.0,0.0,0.0,0.0,0.0,0.0,1084.0,1021.0,94.18819188191881,63.0,5.8118081180811805,1084.0,0.0,0.0,0.0,,0.0,,1084.0,100.0,611.0,56.365313653136525,473.0,43.63468634686347,603.0,505.0,83.74792703150912,98.0,16.25207296849088,916.0,916.0,100.0,0.0,0.0,0.0,0.0,505.0,72.0,14.257425742574256,58.0,11.485148514851486,375.0,74.25742574257426,1071.0,656.0,61.25116713352008,415.0,38.74883286647993,783.0,58.0,7.4074074074074066,127.0,16.219667943805874,357.0,45.593869731800766,112.0,14.303959131545337,75.0,9.578544061302683,54.0,6.896551724137931,130.0,0.0,0.0,130.0,100.0,1084.0,1084.0,611.0,130.0,70.0,53.84615384615385,60.0,46.15384615384615,669.0,506.0,75.63527653213752,248.0,37.07025411061286,130.0,72.0,63.0,87.5,58.0,0.0,0.0,0.0,0.0,
192,2409.0,0.0,1542.0,745.0,97778.0,658.0,421.0,63.981762917933125,237.0,36.01823708206687,1542.0,1430.0,92.7367055771725,22.0,1.4267185473411155,0.0,0.0,12.0,0.7782101167315175,0.0,0.0,18.0,1.1673151750972763,60.0,3.8910505836575875,1542.0,1524.0,98.83268482490273,18.0,1.1673151750972763,1542.0,12.0,0.7782101167315175,0.0,0.0,12.0,100.0,1530.0,99.22178988326849,1163.0,76.01307189542483,367.0,23.986928104575163,745.0,658.0,88.32214765100672,87.0,11.677852348993287,864.0,810.0,93.75,0.0,0.0,0.0,0.0,658.0,368.0,55.92705167173252,40.0,6.079027355623101,250.0,37.99392097264438,1532.0,1164.0,75.97911227154047,368.0,24.02088772845953,1215.0,12.0,0.9876543209876543,95.0,7.818930041152264,163.0,13.415637860082304,71.0,5.843621399176955,503.0,41.39917695473251,371.0,30.534979423868315,408.0,0.0,0.0,408.0,100.0,1542.0,1542.0,1163.0,408.0,340.0,83.33333333333334,68.0,16.666666666666664,669.0,506.0,75.63527653213752,248.0,37.07025411061286,408.0,368.0,108.0,29.347826086956523,20.0,20.0,1.0,20.0,0.0,0.0
193,2404.0,0.0,1220.0,621.0,111985.0,515.0,492.0,95.53398058252426,23.0,4.466019417475728,1220.0,1123.0,92.04918032786885,0.0,0.0,0.0,0.0,97.0,7.950819672131147,0.0,0.0,0.0,0.0,0.0,0.0,1220.0,1220.0,100.0,0.0,0.0,1220.0,59.0,4.836065573770492,59.0,100.0,0.0,0.0,1161.0,95.16393442622952,1035.0,89.14728682170544,126.0,10.852713178294573,621.0,515.0,82.93075684380032,106.0,17.06924315619968,610.0,546.0,89.50819672131148,0.0,0.0,0.0,0.0,515.0,365.0,70.87378640776699,24.0,4.660194174757281,126.0,24.466019417475728,1189.0,1032.0,86.79562657695541,157.0,13.204373423044574,897.0,0.0,0.0,60.0,6.688963210702341,57.0,6.354515050167224,22.0,2.4526198439241917,493.0,54.96098104793757,265.0,29.54292084726867,389.0,0.0,0.0,389.0,100.0,1220.0,1220.0,1094.0,389.0,198.0,50.899742930591266,191.0,49.10025706940874,669.0,506.0,75.63527653213752,248.0,37.07025411061286,389.0,365.0,107.0,29.315068493150687,13.0,0.0,0.0,11.0,0.0,0.0
194,2410.0,0.0,1220.0,621.0,111985.0,515.0,492.0,95.53398058252426,23.0,4.466019417475728,1220.0,1123.0,92.04918032786885,0.0,0.0,0.0,0.0,97.0,7.950819672131147,0.0,0.0,0.0,0.0,0.0,0.0,1220.0,1220.0,100.0,0.0,0.0,1220.0,59.0,4.836065573770492,59.0,100.0,0.0,0.0,1161.0,95.16393442622952,1035.0,89.14728682170544,126.0,10.852713178294573,621.0,515.0,82.93075684380032,106.0,17.06924315619968,610.0,546.0,89.50819672131148,0.0,0.0,0.0,0.0,515.0,365.0,70.87378640776699,24.0,4.660194174757281,126.0,24.466019417475728,1189.0,1032.0,86.79562657695541,157.0,13.204373423044574,897.0,0.0,0.0,60.0,6.688963210702341,57.0,6.354515050167224,22.0,2.4526198439241917,493.0,54.96098104793757,265.0,29.54292084726867,389.0,0.0,0.0,389.0,100.0,1220.0,1220.0,1094.0,389.0,198.0,50.899742930591266,191.0,49.10025706940874,669.0,506.0,75.63527653213752,248.0,37.07025411061286,389.0,365.0,107.0,29.315068493150687,13.0,0.0,0.0,11.0,0.0,0.0
195,2405.0,0.0,1758.0,671.0,84527.0,536.0,425.0,79.2910447761194,111.0,20.708955223880597,1758.0,1691.0,96.18885096700797,67.0,3.8111490329920366,0.0,0.0,0.0,0.0,0.0,0.0,0.0,0.0,0.0,0.0,1758.0,1747.0,99.37428896473264,11.0,0.6257110352673493,1758.0,226.0,12.85551763367463,226.0,100.0,0.0,0.0,1532.0,87.14448236632538,1489.0,97.19321148825065,43.0,2.8067885117493474,671.0,536.0,79.88077496274218,135.0,20.119225037257824,776.0,749.0,96.52061855670104,0.0,0.0,0.0,0.0,536.0,435.0,81.15671641791045,71.0,13.246268656716417,30.0,5.597014925373134,1758.0,1404.0,79.86348122866895,336.0,19.112627986348123,973.0,11.0,1.1305241521068858,26.0,2.672147995889003,253.0,26.002055498458375,41.0,4.213771839671121,342.0,35.14902363823227,300.0,30.832476875642346,506.0,25.0,4.940711462450593,481.0,95.0592885375494,1758.0,1758.0,1715.0,506.0,361.0,71.34387351778656,145.0,28.65612648221344,669.0,506.0,75.63527653213752,248.0,37.07025411061286,506.0,435.0,209.0,48.04597701149425,62.0,0.0,0.0,9.0,0.0,0.0
196,2503.0,0.0,790.0,459.0,95000.0,368.0,248.0,67.3913043478261,120.0,32.608695652173914,790.0,702.0,88.86075949367088,23.0,2.911392405063291,0.0,0.0,65.0,8.227848101265822,0.0,0.0,0.0,0.0,0.0,0.0,790.0,706.0,89.36708860759494,84.0,10.632911392405063,790.0,24.0,3.0379746835443036,24.0,100.0,0.0,0.0,766.0,96.9620253164557,563.0,73.49869451697127,203.0,26.50130548302872,459.0,368.0,80.17429193899783,91.0,19.825708061002178,465.0,408.0,87.74193548387098,0.0,0.0,0.0,0.0,368.0,184.0,50.0,11.0,2.989130434782609,173.0,47.01086956521739,790.0,687.0,86.9620253164557,79.0,10.0,638.0,41.0,6.426332288401254,70.0,10.9717868338558,140.0,21.9435736677116,0.0,0.0,102.0,15.987460815047022,285.0,44.67084639498432,195.0,0.0,0.0,195.0,100.0,790.0,790.0,587.0,195.0,132.0,67.6923076923077,63.0,32.30769230769231,669.0,506.0,75.63527653213752,248.0,37.07025411061286,195.0,184.0,65.0,35.32608695652174,0.0,0.0,999.0,11.0,0.0,0.0
197,2412.0,0.0,1311.0,518.0,133409.0,448.0,296.0,66.07142857142857,152.0,33.92857142857143,1311.0,1199.0,91.45690312738368,23.0,1.7543859649122806,0.0,0.0,43.0,3.279938977879481,0.0,0.0,0.0,0.0,46.0,3.508771929824561,1311.0,1311.0,100.0,0.0,0.0,1311.0,23.0,1.7543859649122806,0.0,0.0,23.0,100.0,1288.0,98.24561403508771,1229.0,95.41925465838509,59.0,4.580745341614907,518.0,448.0,86.48648648648648,70.0,13.513513513513514,716.0,632.0,88.26815642458101,0.0,0.0,0.0,0.0,448.0,309.0,68.97321428571429,85.0,18.973214285714285,54.0,12.053571428571429,1311.0,1160.0,88.48207475209765,151.0,11.517925247902365,810.0,11.0,1.3580246913580247,41.0,5.061728395061729,82.0,10.123456790123457,0.0,0.0,384.0,47.40740740740741,292.0,36.04938271604938,394.0,0.0,0.0,394.0,100.0,1311.0,1311.0,1229.0,394.0,216.0,54.82233502538071,178.0,45.17766497461929,669.0,506.0,75.63527653213752,248.0,37.07025411061286,394.0,309.0,182.0,58.89967637540453,66.0,66.0,1.0,19.0,9.0,47.368421052631575
198,2414.0,0.0,1311.0,518.0,133409.0,448.0,296.0,66.07142857142857,152.0,33.92857142857143,1311.0,1199.0,91.45690312738368,23.0,1.7543859649122806,0.0,0.0,43.0,3.279938977879481,0.0,0.0,0.0,0.0,46.0,3.508771929824561,1311.0,1311.0,100.0,0.0,0.0,1311.0,23.0,1.7543859649122806,0.0,0.0,23.0,100.0,1288.0,98.24561403508771,1229.0,95.41925465838509,59.0,4.580745341614907,518.0,448.0,86.48648648648648,70.0,13.513513513513514,716.0,632.0,88.26815642458101,0.0,0.0,0.0,0.0,448.0,309.0,68.97321428571429,85.0,18.973214285714285,54.0,12.053571428571429,1311.0,1160.0,88.48207475209765,151.0,11.517925247902365,810.0,11.0,1.3580246913580247,41.0,5.061728395061729,82.0,10.123456790123457,0.0,0.0,384.0,47.40740740740741,292.0,36.04938271604938,394.0,0.0,0.0,394.0,100.0,1311.0,1311.0,1229.0,394.0,216.0,54.82233502538071,178.0,45.17766497461929,669.0,506.0,75.63527653213752,248.0,37.07025411061286,394.0,309.0,182.0,58.89967637540453,66.0,66.0,1.0,19.0,9.0,47.368421052631575
199,2401.0,0.0,1330.0,674.0,55333.0,674.0,278.0,41.246290801186944,396.0,58.753709198813056,1330.0,862.0,64.81203007518796,103.0,7.7443609022556394,0.0,0.0,63.0,4.736842105263158,0.0,0.0,274.0,20.601503759398497,28.0,2.1052631578947367,1330.0,1108.0,83.30827067669173,222.0,16.691729323308273,1330.0,39.0,2.9323308270676693,0.0,0.0,39.0,100.0,1291.0,97.06766917293234,765.0,59.2563903950426,526.0,40.7436096049574,674.0,674.0,100.0,0.0,0.0,742.0,742.0,100.0,0.0,0.0,0.0,0.0,674.0,251.0,37.24035608308605,43.0,6.379821958456973,380.0,56.37982195845698,1330.0,1229.0,92.40601503759397,101.0,7.593984962406015,1152.0,170.0,14.756944444444445,311.0,26.99652777777778,135.0,11.71875,161.0,13.975694444444445,137.0,11.89236111111111,238.0,20.65972222222222,294.0,14.0,4.761904761904762,280.0,95.23809523809523,1330.0,1330.0,765.0,294.0,112.0,38.095238095238095,182.0,61.904761904761905,669.0,506.0,75.63527653213752,248.0,37.07025411061286,294.0,251.0,68.0,27.091633466135455,11.0,0.0,0.0,32.0,18.0,56.25
200,2402.0,0.0,1330.0,674.0,55333.0,674.0,278.0,41.246290801186944,396.0,58.753709198813056,1330.0,862.0,64.81203007518796,103.0,7.7443609022556394,0.0,0.0,63.0,4.736842105263158,0.0,0.0,274.0,20.601503759398497,28.0,2.1052631578947367,1330.0,1108.0,83.30827067669173,222.0,16.691729323308273,1330.0,39.0,2.9323308270676693,0.0,0.0,39.0,100.0,1291.0,97.06766917293234,765.0,59.2563903950426,526.0,40.7436096049574,674.0,674.0,100.0,0.0,0.0,742.0,742.0,100.0,0.0,0.0,0.0,0.0,674.0,251.0,37.24035608308605,43.0,6.379821958456973,380.0,56.37982195845698,1330.0,1229.0,92.40601503759397,101.0,7.593984962406015,1152.0,170.0,14.756944444444445,311.0,26.99652777777778,135.0,11.71875,161.0,13.975694444444445,137.0,11.89236111111111,238.0,20.65972222222222,294.0,14.0,4.761904761904762,280.0,95.23809523809523,1330.0,1330.0,765.0,294.0,112.0,38.095238095238095,182.0,61.904761904761905,669.0,506.0,75.63527653213752,248.0,37.07025411061286,294.0,251.0,68.0,27.091633466135455,11.0,0.0,0.0,32.0,18.0,56.25
201,2419.0,0.0,755.0,408.0,43344.0,359.0,95.0,26.46239554317549,264.0,73.53760445682451,755.0,570.0,75.49668874172185,42.0,5.562913907284768,0.0,0.0,0.0,0.0,0.0,0.0,143.0,18.940397350993376,0.0,0.0,755.0,560.0,74.17218543046357,195.0,25.82781456953642,755.0,123.0,16.29139072847682,111.0,90.2439024390244,12.0,9.75609756097561,632.0,83.70860927152319,382.0,60.44303797468354,250.0,39.55696202531646,408.0,359.0,87.99019607843137,49.0,12.009803921568627,474.0,450.0,94.9367088607595,0.0,0.0,0.0,0.0,359.0,69.0,19.220055710306408,60.0,16.71309192200557,230.0,64.06685236768801,755.0,498.0,65.96026490066225,229.0,30.33112582781457,458.0,37.0,8.078602620087336,88.0,19.213973799126638,173.0,37.77292576419214,47.0,10.262008733624455,63.0,13.755458515283841,50.0,10.91703056768559,129.0,23.0,17.829457364341085,106.0,82.17054263565892,755.0,755.0,493.0,129.0,14.0,10.852713178294573,115.0,89.14728682170544,669.0,506.0,75.63527653213752,248.0,37.07025411061286,129.0,69.0,33.0,47.82608695652174,14.0,14.0,1.0,46.0,46.0,100.0
202,2420.0,0.0,755.0,408.0,43344.0,359.0,95.0,26.46239554317549,264.0,73.53760445682451,755.0,570.0,75.49668874172185,42.0,5.562913907284768,0.0,0.0,0.0,0.0,0.0,0.0,143.0,18.940397350993376,0.0,0.0,755.0,560.0,74.17218543046357,195.0,25.82781456953642,755.0,123.0,16.29139072847682,111.0,90.2439024390244,12.0,9.75609756097561,632.0,83.70860927152319,382.0,60.44303797468354,250.0,39.55696202531646,408.0,359.0,87.99019607843137,49.0,12.009803921568627,474.0,450.0,94.9367088607595,0.0,0.0,0.0,0.0,359.0,69.0,19.220055710306408,60.0,16.71309192200557,230.0,64.06685236768801,755.0,498.0,65.96026490066225,229.0,30.33112582781457,458.0,37.0,8.078602620087336,88.0,19.213973799126638,173.0,37.77292576419214,47.0,10.262008733624455,63.0,13.755458515283841,50.0,10.91703056768559,129.0,23.0,17.829457364341085,106.0,82.17054263565892,755.0,755.0,493.0,129.0,14.0,10.852713178294573,115.0,89.14728682170544,669.0,506.0,75.63527653213752,248.0,37.07025411061286,129.0,69.0,33.0,47.82608695652174,14.0,14.0,1.0,46.0,46.0,100.0
203,2408.0,0.0,2228.0,740.0,121222.0,740.0,740.0,100.0,0.0,0.0,2228.0,2032.0,91.20287253141831,142.0,6.373429084380611,0.0,0.0,0.0,0.0,0.0,0.0,0.0,0.0,54.0,2.423698384201077,2228.0,2228.0,100.0,0.0,0.0,2228.0,0.0,0.0,0.0,,0.0,,2228.0,100.0,2094.0,93.98563734290843,134.0,6.014362657091562,740.0,740.0,100.0,0.0,0.0,1123.0,1047.0,93.23241317898486,0.0,0.0,0.0,0.0,740.0,563.0,76.08108108108108,43.0,5.810810810810811,134.0,18.10810810810811,2206.0,1819.0,82.45693563009972,387.0,17.54306436990027,1360.0,0.0,0.0,119.0,8.75,163.0,11.98529411764706,11.0,0.8088235294117648,625.0,45.955882352941174,442.0,32.5,606.0,0.0,0.0,606.0,100.0,2228.0,2228.0,2094.0,606.0,247.0,40.759075907590756,359.0,59.240924092409244,669.0,506.0,75.63527653213752,248.0,37.07025411061286,606.0,563.0,380.0,67.49555950266429,0.0,0.0,999.0,43.0,20.0,46.51162790697674
204,2001.0,0.0,782.0,460.0,29492.0,341.0,183.0,53.665689149560116,158.0,46.33431085043988,782.0,6.0,0.7672634271099744,776.0,99.23273657289002,0.0,0.0,0.0,0.0,0.0,0.0,0.0,0.0,0.0,0.0,782.0,782.0,100.0,0.0,0.0,782.0,248.0,31.713554987212277,224.0,90.32258064516128,24.0,9.67741935483871,534.0,68.28644501278772,406.0,76.02996254681648,128.0,23.970037453183522,460.0,341.0,74.1304347826087,119.0,25.869565217391305,310.0,310.0,100.0,0.0,0.0,0.0,0.0,341.0,86.0,25.219941348973606,124.0,36.36363636363637,131.0,38.41642228739003,774.0,610.0,78.81136950904393,164.0,21.188630490956072,495.0,39.0,7.878787878787878,153.0,30.909090909090907,202.0,40.80808080808081,27.0,5.454545454545454,45.0,9.090909090909092,29.0,5.858585858585859,210.0,47.0,22.380952380952383,163.0,77.61904761904762,782.0,782.0,630.0,210.0,56.0,26.666666666666668,154.0,73.33333333333333,669.0,506.0,75.63527653213752,248.0,37.07025411061286,210.0,86.0,17.0,19.767441860465116,0.0,0.0,999.0,124.0,94.0,75.80645161290323
205,1902.0,0.0,1760.0,943.0,27337.0,741.0,345.0,46.558704453441294,396.0,53.441295546558706,1760.0,0.0,0.0,1760.0,100.0,0.0,0.0,0.0,0.0,0.0,0.0,0.0,0.0,0.0,0.0,1760.0,1760.0,100.0,0.0,0.0,1748.0,691.0,39.53089244851258,603.0,87.26483357452966,88.0,12.735166425470332,1057.0,60.46910755148741,835.0,78.99716177861873,222.0,21.002838221381268,943.0,741.0,78.57900318133616,202.0,21.42099681866384,651.0,626.0,96.15975422427036,0.0,0.0,0.0,0.0,741.0,123.0,16.599190283400812,308.0,41.56545209176788,310.0,41.83535762483131,1729.0,1358.0,78.54251012145748,371.0,21.45748987854251,1057.0,84.0,7.9470198675496695,197.0,18.637653736991485,297.0,28.098391674550616,78.0,7.379375591296121,312.0,29.517502365184484,89.0,8.420056764427624,431.0,254.0,58.93271461716937,177.0,41.067285382830626,1760.0,1760.0,1438.0,431.0,133.0,30.8584686774942,298.0,69.1415313225058,669.0,506.0,75.63527653213752,248.0,37.07025411061286,431.0,123.0,59.0,47.96747967479675,10.0,0.0,0.0,298.0,218.0,73.15436241610739
206,1413.0,1.0,192.0,249.0,30208.0,126.0,118.0,93.65079365079364,8.0,6.349206349206349,192.0,0.0,0.0,192.0,100.0,0.0,0.0,0.0,0.0,0.0,0.0,0.0,0.0,0.0,0.0,192.0,192.0,100.0,0.0,0.0,192.0,60.0,31.25,48.0,80.0,12.0,20.0,132.0,68.75,78.0,59.09090909090909,54.0,40.909090909090914,249.0,126.0,50.602409638554214,123.0,49.39759036144578,34.0,34.0,100.0,0.0,0.0,0.0,0.0,126.0,46.0,36.507936507936506,14.0,11.11111111111111,66.0,52.38095238095239,192.0,192.0,100.0,0.0,0.0,192.0,38.0,19.791666666666664,92.0,47.91666666666667,30.0,15.625,6.0,3.125,26.0,13.541666666666666,0.0,0.0,60.0,8.0,13.333333333333334,52.0,86.66666666666667,192.0,192.0,126.0,60.0,33.0,55.00000000000001,27.0,45.0,669.0,506.0,75.63527653213752,248.0,37.07025411061286,60.0,46.0,0.0,0.0,0.0,0.0,999.0,14.0,0.0,0.0
207,2117.0,0.0,873.0,391.0,61083.0,333.0,283.0,84.98498498498499,50.0,15.015015015015015,873.0,505.0,57.846506300114555,358.0,41.00801832760595,0.0,0.0,4.0,0.45819014891179843,0.0,0.0,0.0,0.0,6.0,0.6872852233676976,873.0,873.0,100.0,0.0,0.0,873.0,71.0,8.132875143184421,44.0,61.97183098591549,27.0,38.028169014084504,802.0,91.86712485681558,710.0,88.5286783042394,92.0,11.471321695760599,391.0,333.0,85.16624040920716,58.0,14.83375959079284,351.0,331.0,94.30199430199431,0.0,0.0,0.0,0.0,333.0,180.0,54.054054054054056,40.0,12.012012012012011,113.0,33.933933933933936,869.0,721.0,82.96892980437283,148.0,17.03107019562716,655.0,96.0,14.656488549618322,279.0,42.595419847328245,108.0,16.48854961832061,57.0,8.702290076335878,63.0,9.618320610687023,52.0,7.938931297709924,220.0,30.0,13.636363636363635,190.0,86.36363636363636,873.0,873.0,754.0,220.0,113.0,51.36363636363637,107.0,48.63636363636364,669.0,506.0,75.63527653213752,248.0,37.07025411061286,220.0,180.0,50.0,27.77777777777778,19.0,0.0,0.0,21.0,10.0,47.61904761904761
208,2111.0,0.0,1131.0,454.0,63050.0,421.0,377.0,89.54869358669833,44.0,10.451306413301662,1131.0,1060.0,93.72236958443855,25.0,2.2104332449160036,22.0,1.9451812555260832,0.0,0.0,0.0,0.0,0.0,0.0,24.0,2.122015915119363,1131.0,1085.0,95.93280282935456,46.0,4.067197170645446,1076.0,172.0,15.985130111524162,139.0,80.81395348837209,33.0,19.186046511627907,904.0,84.01486988847584,804.0,88.93805309734513,100.0,11.061946902654867,454.0,421.0,92.73127753303964,33.0,7.268722466960352,538.0,516.0,95.91078066914498,0.0,0.0,0.0,0.0,421.0,276.0,65.55819477434679,45.0,10.688836104513063,100.0,23.75296912114014,1120.0,1056.0,94.28571428571428,42.0,3.75,796.0,39.0,4.899497487437186,394.0,49.497487437185924,160.0,20.100502512562816,76.0,9.547738693467336,73.0,9.170854271356783,54.0,6.78391959798995,321.0,10.0,3.115264797507788,311.0,96.88473520249221,1131.0,1131.0,943.0,321.0,221.0,68.84735202492212,100.0,31.15264797507788,669.0,506.0,75.63527653213752,248.0,37.07025411061286,321.0,276.0,110.0,39.85507246376812,19.0,10.0,0.52631,26.0,0.0,0.0
209,1201.0,0.0,2197.0,852.0,61333.0,708.0,618.0,87.28813559322035,90.0,12.711864406779661,2197.0,1489.0,67.77423759672281,658.0,29.949931725079654,0.0,0.0,11.0,0.5006827492034593,0.0,0.0,24.0,1.0923987255348202,15.0,0.6827492034592627,2197.0,2173.0,98.90760127446518,24.0,1.0923987255348202,2088.0,82.0,3.9272030651340994,53.0,64.63414634146342,29.0,35.36585365853659,2006.0,96.0727969348659,1849.0,92.17347956131606,157.0,7.826520438683948,852.0,708.0,83.09859154929578,144.0,16.901408450704224,756.0,727.0,96.16402116402116,0.0,0.0,0.0,0.0,708.0,429.0,60.59322033898306,117.0,16.52542372881356,162.0,22.88135593220339,2165.0,1891.0,87.34411085450347,274.0,12.655889145496534,1493.0,283.0,18.955123911587407,405.0,27.126590756865372,348.0,23.308774279973207,182.0,12.190221031480242,172.0,11.520428667113194,103.0,6.898861352980576,546.0,7.0,1.282051282051282,539.0,98.71794871794873,2197.0,2099.0,1902.0,546.0,365.0,66.84981684981685,181.0,33.150183150183146,669.0,506.0,75.63527653213752,248.0,37.07025411061286,546.0,429.0,175.0,40.79254079254079,21.0,0.0,0.0,96.0,52.0,54.166666666666664
210,2116.0,0.0,2197.0,852.0,61333.0,708.0,618.0,87.28813559322035,90.0,12.711864406779661,2197.0,1489.0,67.77423759672281,658.0,29.949931725079654,0.0,0.0,11.0,0.5006827492034593,0.0,0.0,24.0,1.0923987255348202,15.0,0.6827492034592627,2197.0,2173.0,98.90760127446518,24.0,1.0923987255348202,2088.0,82.0,3.9272030651340994,53.0,64.63414634146342,29.0,35.36585365853659,2006.0,96.0727969348659,1849.0,92.17347956131606,157.0,7.826520438683948,852.0,708.0,83.09859154929578,144.0,16.901408450704224,756.0,727.0,96.16402116402116,0.0,0.0,0.0,0.0,708.0,429.0,60.59322033898306,117.0,16.52542372881356,162.0,22.88135593220339,2165.0,1891.0,87.34411085450347,274.0,12.655889145496534,1493.0,283.0,18.955123911587407,405.0,27.126590756865372,348.0,23.308774279973207,182.0,12.190221031480242,172.0,11.520428667113194,103.0,6.898861352980576,546.0,7.0,1.282051282051282,539.0,98.71794871794873,2197.0,2099.0,1902.0,546.0,365.0,66.84981684981685,181.0,33.150183150183146,669.0,506.0,75.63527653213752,248.0,37.07025411061286,546.0,429.0,175.0,40.79254079254079,21.0,0.0,0.0,96.0,52.0,54.166666666666664
211,1203.0,0.0,3284.0,1407.0,54487.0,1340.0,813.0,60.67164179104477,527.0,39.32835820895522,3284.0,888.0,27.040194884287455,2200.0,66.99147381242388,0.0,0.0,0.0,0.0,0.0,0.0,0.0,0.0,196.0,5.9683313032886725,3284.0,3284.0,100.0,0.0,0.0,3284.0,632.0,19.244823386114497,578.0,91.45569620253164,54.0,8.544303797468354,2652.0,80.75517661388551,2294.0,86.50075414781297,358.0,13.499245852187029,1407.0,1340.0,95.23809523809523,67.0,4.761904761904762,1632.0,1605.0,98.34558823529412,1.0,0.061274509803921566,0.0,0.0,1340.0,545.0,40.67164179104478,410.0,30.597014925373134,385.0,28.73134328358209,3184.0,2758.0,86.62060301507537,426.0,13.379396984924623,2101.0,121.0,5.7591623036649215,666.0,31.699190861494525,468.0,22.275107091861017,321.0,15.278438838648261,371.0,17.658257972394097,154.0,7.329842931937172,955.0,54.0,5.654450261780105,901.0,94.34554973821989,3284.0,3280.0,2872.0,955.0,464.0,48.58638743455497,491.0,51.41361256544502,669.0,506.0,75.63527653213752,248.0,37.07025411061286,955.0,545.0,179.0,32.84403669724771,117.0,39.0,0.33333,293.0,177.0,60.40955631399317
212,1212.0,0.0,878.0,352.0,37232.0,290.0,83.0,28.620689655172416,207.0,71.37931034482759,878.0,144.0,16.40091116173121,734.0,83.5990888382688,0.0,0.0,0.0,0.0,0.0,0.0,0.0,0.0,0.0,0.0,878.0,878.0,100.0,0.0,0.0,878.0,330.0,37.58542141230068,240.0,72.72727272727273,90.0,27.27272727272727,548.0,62.414578587699324,445.0,81.2043795620438,103.0,18.795620437956202,352.0,290.0,82.38636363636364,62.0,17.613636363636363,319.0,319.0,100.0,0.0,0.0,0.0,0.0,290.0,71.0,24.482758620689655,113.0,38.96551724137931,106.0,36.55172413793103,845.0,578.0,68.40236686390533,209.0,24.733727810650887,644.0,226.0,35.09316770186335,81.0,12.577639751552795,239.0,37.11180124223603,24.0,3.7267080745341614,74.0,11.490683229813664,0.0,0.0,184.0,76.0,41.30434782608695,108.0,58.69565217391305,878.0,878.0,685.0,184.0,102.0,55.434782608695656,82.0,44.565217391304344,669.0,506.0,75.63527653213752,248.0,37.07025411061286,184.0,71.0,44.0,61.97183098591549,31.0,31.0,1.0,82.0,43.0,52.4390243902439
213,1202.0,0.0,3991.0,1440.0,79755.0,1440.0,1289.0,89.51388888888889,151.0,10.48611111111111,3991.0,1841.0,46.12878977699825,1594.0,39.93986469556502,0.0,0.0,375.0,9.396141317965421,0.0,0.0,80.0,2.0045101478326237,101.0,2.530694061638687,3991.0,3911.0,97.99548985216737,80.0,2.0045101478326237,3991.0,237.0,5.938361312954147,35.0,14.767932489451477,202.0,85.23206751054853,3754.0,94.06163868704586,3307.0,88.0927011188066,447.0,11.907298881193395,1440.0,1440.0,100.0,0.0,0.0,1977.0,1950.0,98.63429438543247,0.0,0.0,0.0,0.0,1440.0,826.0,57.36111111111111,161.0,11.180555555555555,453.0,31.458333333333332,3911.0,3434.0,87.80363078496548,477.0,12.196369215034517,2699.0,173.0,6.40978140051871,503.0,18.636532048907004,601.0,22.267506483882922,283.0,10.485364949981475,826.0,30.603927380511305,313.0,11.596887736198592,987.0,136.0,13.779128672745694,851.0,86.22087132725432,3991.0,3991.0,3342.0,987.0,547.0,55.42046605876393,440.0,44.57953394123607,669.0,506.0,75.63527653213752,248.0,37.07025411061286,987.0,826.0,356.0,43.09927360774818,83.0,48.0,0.57831,78.0,18.0,23.076923076923077
214,1204.0,0.0,3991.0,1440.0,79755.0,1440.0,1289.0,89.51388888888889,151.0,10.48611111111111,3991.0,1841.0,46.12878977699825,1594.0,39.93986469556502,0.0,0.0,375.0,9.396141317965421,0.0,0.0,80.0,2.0045101478326237,101.0,2.530694061638687,3991.0,3911.0,97.99548985216737,80.0,2.0045101478326237,3991.0,237.0,5.938361312954147,35.0,14.767932489451477,202.0,85.23206751054853,3754.0,94.06163868704586,3307.0,88.0927011188066,447.0,11.907298881193395,1440.0,1440.0,100.0,0.0,0.0,1977.0,1950.0,98.63429438543247,0.0,0.0,0.0,0.0,1440.0,826.0,57.36111111111111,161.0,11.180555555555555,453.0,31.458333333333332,3911.0,3434.0,87.80363078496548,477.0,12.196369215034517,2699.0,173.0,6.40978140051871,503.0,18.636532048907004,601.0,22.267506483882922,283.0,10.485364949981475,826.0,30.603927380511305,313.0,11.596887736198592,987.0,136.0,13.779128672745694,851.0,86.22087132725432,3991.0,3991.0,3342.0,987.0,547.0,55.42046605876393,440.0,44.57953394123607,669.0,506.0,75.63527653213752,248.0,37.07025411061286,987.0,826.0,356.0,43.09927360774818,83.0,48.0,0.57831,78.0,18.0,23.076923076923077
215,1209.0,0.0,3991.0,1440.0,79755.0,1440.0,1289.0,89.51388888888889,151.0,10.48611111111111,3991.0,1841.0,46.12878977699825,1594.0,39.93986469556502,0.0,0.0,375.0,9.396141317965421,0.0,0.0,80.0,2.0045101478326237,101.0,2.530694061638687,3991.0,3911.0,97.99548985216737,80.0,2.0045101478326237,3991.0,237.0,5.938361312954147,35.0,14.767932489451477,202.0,85.23206751054853,3754.0,94.06163868704586,3307.0,88.0927011188066,447.0,11.907298881193395,1440.0,1440.0,100.0,0.0,0.0,1977.0,1950.0,98.63429438543247,0.0,0.0,0.0,0.0,1440.0,826.0,57.36111111111111,161.0,11.180555555555555,453.0,31.458333333333332,3911.0,3434.0,87.80363078496548,477.0,12.196369215034517,2699.0,173.0,6.40978140051871,503.0,18.636532048907004,601.0,22.267506483882922,283.0,10.485364949981475,826.0,30.603927380511305,313.0,11.596887736198592,987.0,136.0,13.779128672745694,851.0,86.22087132725432,3991.0,3991.0,3342.0,987.0,547.0,55.42046605876393,440.0,44.57953394123607,669.0,506.0,75.63527653213752,248.0,37.07025411061286,987.0,826.0,356.0,43.09927360774818,83.0,48.0,0.57831,78.0,18.0,23.076923076923077
216,2515.0,0.0,3991.0,1440.0,79755.0,1440.0,1289.0,89.51388888888889,151.0,10.48611111111111,3991.0,1841.0,46.12878977699825,1594.0,39.93986469556502,0.0,0.0,375.0,9.396141317965421,0.0,0.0,80.0,2.0045101478326237,101.0,2.530694061638687,3991.0,3911.0,97.99548985216737,80.0,2.0045101478326237,3991.0,237.0,5.938361312954147,35.0,14.767932489451477,202.0,85.23206751054853,3754.0,94.06163868704586,3307.0,88.0927011188066,447.0,11.907298881193395,1440.0,1440.0,100.0,0.0,0.0,1977.0,1950.0,98.63429438543247,0.0,0.0,0.0,0.0,1440.0,826.0,57.36111111111111,161.0,11.180555555555555,453.0,31.458333333333332,3911.0,3434.0,87.80363078496548,477.0,12.196369215034517,2699.0,173.0,6.40978140051871,503.0,18.636532048907004,601.0,22.267506483882922,283.0,10.485364949981475,826.0,30.603927380511305,313.0,11.596887736198592,987.0,136.0,13.779128672745694,851.0,86.22087132725432,3991.0,3991.0,3342.0,987.0,547.0,55.42046605876393,440.0,44.57953394123607,669.0,506.0,75.63527653213752,248.0,37.07025411061286,987.0,826.0,356.0,43.09927360774818,83.0,48.0,0.57831,78.0,18.0,23.076923076923077
217,1206.0,0.0,3500.0,1525.0,67634.0,1437.0,1291.0,89.83994432846207,146.0,10.160055671537926,3500.0,2516.0,71.88571428571429,964.0,27.54285714285714,20.0,0.5714285714285714,0.0,0.0,0.0,0.0,0.0,0.0,0.0,0.0,3500.0,3500.0,100.0,0.0,0.0,3500.0,198.0,5.6571428571428575,198.0,100.0,0.0,0.0,3302.0,94.34285714285714,2905.0,87.97698364627499,397.0,12.023016353725016,1525.0,1437.0,94.22950819672131,88.0,5.770491803278689,1882.0,1717.0,91.23273113708821,20.0,1.0626992561105209,29.0,1.5409139213602552,1437.0,809.0,56.297842727905355,321.0,22.338204592901878,307.0,21.363952679192764,3473.0,2949.0,84.91217967175353,524.0,15.087820328246474,2837.0,108.0,3.8068382093761017,805.0,28.375044060627424,703.0,24.779696862883327,163.0,5.74550581600282,592.0,20.867113147691224,466.0,16.425801903419103,1130.0,0.0,0.0,1130.0,100.0,3500.0,3500.0,3103.0,1130.0,811.0,71.76991150442478,319.0,28.230088495575224,669.0,506.0,75.63527653213752,248.0,37.07025411061286,1130.0,809.0,167.0,20.64276885043263,197.0,108.0,0.54822,124.0,19.0,15.32258064516129
218,1211.0,0.0,3500.0,1525.0,67634.0,1437.0,1291.0,89.83994432846207,146.0,10.160055671537926,3500.0,2516.0,71.88571428571429,964.0,27.54285714285714,20.0,0.5714285714285714,0.0,0.0,0.0,0.0,0.0,0.0,0.0,0.0,3500.0,3500.0,100.0,0.0,0.0,3500.0,198.0,5.6571428571428575,198.0,100.0,0.0,0.0,3302.0,94.34285714285714,2905.0,87.97698364627499,397.0,12.023016353725016,1525.0,1437.0,94.22950819672131,88.0,5.770491803278689,1882.0,1717.0,91.23273113708821,20.0,1.0626992561105209,29.0,1.5409139213602552,1437.0,809.0,56.297842727905355,321.0,22.338204592901878,307.0,21.363952679192764,3473.0,2949.0,84.91217967175353,524.0,15.087820328246474,2837.0,108.0,3.8068382093761017,805.0,28.375044060627424,703.0,24.779696862883327,163.0,5.74550581600282,592.0,20.867113147691224,466.0,16.425801903419103,1130.0,0.0,0.0,1130.0,100.0,3500.0,3500.0,3103.0,1130.0,811.0,71.76991150442478,319.0,28.230088495575224,669.0,506.0,75.63527653213752,248.0,37.07025411061286,1130.0,809.0,167.0,20.64276885043263,197.0,108.0,0.54822,124.0,19.0,15.32258064516129
219,1210.0,0.0,3008.0,1480.0,69904.0,1313.0,1080.0,82.25437928408226,233.0,17.745620715917745,3008.0,2063.0,68.58377659574468,945.0,31.416223404255316,0.0,0.0,0.0,0.0,0.0,0.0,0.0,0.0,0.0,0.0,3008.0,3008.0,100.0,0.0,0.0,3008.0,332.0,11.037234042553191,304.0,91.56626506024097,28.0,8.433734939759036,2676.0,88.9627659574468,2338.0,87.36920777279522,338.0,12.630792227204784,1480.0,1313.0,88.71621621621621,167.0,11.283783783783784,1624.0,1594.0,98.15270935960592,0.0,0.0,0.0,0.0,1313.0,632.0,48.134044173648135,315.0,23.99086062452399,366.0,27.875095201827875,2977.0,2683.0,90.12428619415519,294.0,9.87571380584481,2168.0,50.0,2.3062730627306274,447.0,20.61808118081181,397.0,18.31180811808118,488.0,22.509225092250922,523.0,24.123616236162363,263.0,12.130996309963098,947.0,109.0,11.510031678986273,838.0,88.48996832101372,3008.0,3008.0,2642.0,947.0,512.0,54.06546990496304,435.0,45.934530095036955,669.0,506.0,75.63527653213752,248.0,37.07025411061286,947.0,632.0,185.0,29.27215189873418,44.0,44.0,1.0,271.0,94.0,34.686346863468636
220,1216.0,0.0,3008.0,1480.0,69904.0,1313.0,1080.0,82.25437928408226,233.0,17.745620715917745,3008.0,2063.0,68.58377659574468,945.0,31.416223404255316,0.0,0.0,0.0,0.0,0.0,0.0,0.0,0.0,0.0,0.0,3008.0,3008.0,100.0,0.0,0.0,3008.0,332.0,11.037234042553191,304.0,91.56626506024097,28.0,8.433734939759036,2676.0,88.9627659574468,2338.0,87.36920777279522,338.0,12.630792227204784,1480.0,1313.0,88.71621621621621,167.0,11.283783783783784,1624.0,1594.0,98.15270935960592,0.0,0.0,0.0,0.0,1313.0,632.0,48.134044173648135,315.0,23.99086062452399,366.0,27.875095201827875,2977.0,2683.0,90.12428619415519,294.0,9.87571380584481,2168.0,50.0,2.3062730627306274,447.0,20.61808118081181,397.0,18.31180811808118,488.0,22.509225092250922,523.0,24.123616236162363,263.0,12.130996309963098,947.0,109.0,11.510031678986273,838.0,88.48996832101372,3008.0,3008.0,2642.0,947.0,512.0,54.06546990496304,435.0,45.934530095036955,669.0,506.0,75.63527653213752,248.0,37.07025411061286,947.0,632.0,185.0,29.27215189873418,44.0,44.0,1.0,271.0,94.0,34.686346863468636
221,1208.0,0.0,1600.0,632.0,70263.0,632.0,514.0,81.32911392405063,118.0,18.670886075949365,1600.0,1100.0,68.75,477.0,29.812499999999996,0.0,0.0,0.0,0.0,0.0,0.0,13.0,0.8125,10.0,0.625,1600.0,1568.0,98.0,32.0,2.0,1600.0,91.0,5.6875,91.0,100.0,0.0,0.0,1509.0,94.3125,1305.0,86.48111332007953,204.0,13.518886679920477,632.0,632.0,100.0,0.0,0.0,983.0,983.0,100.0,0.0,0.0,0.0,0.0,632.0,418.0,66.13924050632912,65.0,10.284810126582279,149.0,23.575949367088608,1581.0,1430.0,90.44908285895004,151.0,9.550917141049968,1027.0,114.0,11.100292112950342,285.0,27.75073028237585,340.0,33.10613437195716,14.0,1.3631937682570594,217.0,21.12950340798442,57.0,5.550146056475171,483.0,64.0,13.250517598343686,419.0,86.74948240165632,1600.0,1600.0,1396.0,483.0,422.0,87.37060041407867,61.0,12.629399585921325,669.0,506.0,75.63527653213752,248.0,37.07025411061286,483.0,418.0,126.0,30.14354066985646,65.0,17.0,0.26153,0.0,0.0,
222,2511.0,0.0,1611.0,616.0,99574.0,561.0,531.0,94.6524064171123,30.0,5.347593582887701,1611.0,1345.0,83.4885164494103,152.0,9.435133457479825,0.0,0.0,73.0,4.531346989447548,0.0,0.0,41.0,2.5450031036623217,0.0,0.0,1611.0,1486.0,92.24084419615146,125.0,7.759155803848541,1611.0,0.0,0.0,0.0,,0.0,,1611.0,100.0,1533.0,95.15828677839852,78.0,4.8417132216014895,616.0,561.0,91.07142857142857,55.0,8.928571428571429,912.0,822.0,90.13157894736842,0.0,0.0,19.0,2.083333333333333,561.0,464.0,82.70944741532978,19.0,3.3868092691622103,78.0,13.903743315508022,1572.0,1436.0,91.34860050890585,113.0,7.188295165394402,1062.0,39.0,3.672316384180791,69.0,6.497175141242938,135.0,12.711864406779661,101.0,9.51035781544256,449.0,42.27871939736347,269.0,25.32956685499058,483.0,19.0,3.9337474120082816,464.0,96.06625258799171,1611.0,1611.0,1533.0,483.0,309.0,63.975155279503106,174.0,36.024844720496894,669.0,506.0,75.63527653213752,248.0,37.07025411061286,483.0,464.0,185.0,39.87068965517241,19.0,0.0,0.0,0.0,0.0,
223,1214.0,0.0,1155.0,517.0,,467.0,320.0,68.52248394004282,147.0,31.47751605995717,1155.0,658.0,56.96969696969697,482.0,41.73160173160173,0.0,0.0,15.0,1.2987012987012987,0.0,0.0,0.0,0.0,0.0,0.0,1155.0,1155.0,100.0,0.0,0.0,1155.0,220.0,19.047619047619047,141.0,64.0909090909091,79.0,35.90909090909091,935.0,80.95238095238095,772.0,82.56684491978609,163.0,17.4331550802139,517.0,467.0,90.32882011605416,50.0,9.671179883945841,579.0,567.0,97.92746113989638,0.0,0.0,0.0,0.0,467.0,202.0,43.25481798715203,84.0,17.987152034261243,181.0,38.75802997858672,1155.0,814.0,70.47619047619048,341.0,29.523809523809526,933.0,108.0,11.57556270096463,379.0,40.62165058949625,225.0,24.115755627009648,69.0,7.395498392282958,124.0,13.290460878885316,28.0,3.0010718113612005,286.0,29.0,10.13986013986014,257.0,89.86013986013987,1155.0,1155.0,913.0,286.0,187.0,65.38461538461539,99.0,34.61538461538461,669.0,506.0,75.63527653213752,248.0,37.07025411061286,286.0,202.0,70.0,34.65346534653465,58.0,0.0,0.0,26.0,0.0,0.0
224,2008.0,0.0,8344.0,4160.0,74870.0,3618.0,2151.0,59.452736318407965,1467.0,40.547263681592035,8344.0,4634.0,55.536912751677846,2953.0,35.39069990412273,17.0,0.2037392138063279,469.0,5.620805369127517,13.0,0.15580057526366253,132.0,1.5819750719079577,126.0,1.5100671140939599,8344.0,7752.0,92.90508149568552,592.0,7.094918504314478,8206.0,691.0,8.42066780404582,262.0,37.91606367583213,429.0,62.08393632416788,7515.0,91.57933219595418,5998.0,79.81370592149035,1517.0,20.186294078509647,4160.0,3618.0,86.97115384615385,542.0,13.028846153846155,4638.0,4375.0,94.32945235015092,81.0,1.7464424320827943,0.0,0.0,3618.0,1607.0,44.41680486456605,458.0,12.65892758430072,1553.0,42.92426755113322,8295.0,6414.0,77.32368896925858,1832.0,22.085593731163353,6030.0,284.0,4.7097844112769485,1055.0,17.495854063018243,935.0,15.50580431177446,426.0,7.064676616915423,2020.0,33.499170812603644,1310.0,21.724709784411278,2065.0,88.0,4.261501210653753,1977.0,95.73849878934625,8344.0,8186.0,6260.0,2065.0,1234.0,59.757869249394666,831.0,40.24213075060533,669.0,506.0,75.63527653213752,248.0,37.07025411061286,2065.0,1607.0,715.0,44.49284380833852,91.0,0.0,0.0,367.0,183.0,49.863760217983646
225,2421.0,0.0,8344.0,4160.0,74870.0,3618.0,2151.0,59.452736318407965,1467.0,40.547263681592035,8344.0,4634.0,55.536912751677846,2953.0,35.39069990412273,17.0,0.2037392138063279,469.0,5.620805369127517,13.0,0.15580057526366253,132.0,1.5819750719079577,126.0,1.5100671140939599,8344.0,7752.0,92.90508149568552,592.0,7.094918504314478,8206.0,691.0,8.42066780404582,262.0,37.91606367583213,429.0,62.08393632416788,7515.0,91.57933219595418,5998.0,79.81370592149035,1517.0,20.186294078509647,4160.0,3618.0,86.97115384615385,542.0,13.028846153846155,4638.0,4375.0,94.32945235015092,81.0,1.7464424320827943,0.0,0.0,3618.0,1607.0,44.41680486456605,458.0,12.65892758430072,1553.0,42.92426755113322,8295.0,6414.0,77.32368896925858,1832.0,22.085593731163353,6030.0,284.0,4.7097844112769485,1055.0,17.495854063018243,935.0,15.50580431177446,426.0,7.064676616915423,2020.0,33.499170812603644,1310.0,21.724709784411278,2065.0,88.0,4.261501210653753,1977.0,95.73849878934625,8344.0,8186.0,6260.0,2065.0,1234.0,59.757869249394666,831.0,40.24213075060533,669.0,506.0,75.63527653213752,248.0,37.07025411061286,2065.0,1607.0,715.0,44.49284380833852,91.0,0.0,0.0,367.0,183.0,49.863760217983646
226,2504.0,0.0,8344.0,4160.0,74870.0,3618.0,2151.0,59.452736318407965,1467.0,40.547263681592035,8344.0,4634.0,55.536912751677846,2953.0,35.39069990412273,17.0,0.2037392138063279,469.0,5.620805369127517,13.0,0.15580057526366253,132.0,1.5819750719079577,126.0,1.5100671140939599,8344.0,7752.0,92.90508149568552,592.0,7.094918504314478,8206.0,691.0,8.42066780404582,262.0,37.91606367583213,429.0,62.08393632416788,7515.0,91.57933219595418,5998.0,79.81370592149035,1517.0,20.186294078509647,4160.0,3618.0,86.97115384615385,542.0,13.028846153846155,4638.0,4375.0,94.32945235015092,81.0,1.7464424320827943,0.0,0.0,3618.0,1607.0,44.41680486456605,458.0,12.65892758430072,1553.0,42.92426755113322,8295.0,6414.0,77.32368896925858,1832.0,22.085593731163353,6030.0,284.0,4.7097844112769485,1055.0,17.495854063018243,935.0,15.50580431177446,426.0,7.064676616915423,2020.0,33.499170812603644,1310.0,21.724709784411278,2065.0,88.0,4.261501210653753,1977.0,95.73849878934625,8344.0,8186.0,6260.0,2065.0,1234.0,59.757869249394666,831.0,40.24213075060533,669.0,506.0,75.63527653213752,248.0,37.07025411061286,2065.0,1607.0,715.0,44.49284380833852,91.0,0.0,0.0,367.0,183.0,49.863760217983646
227,2403.0,0.0,1813.0,705.0,161350.0,618.0,373.0,60.35598705501618,245.0,39.64401294498382,1813.0,1218.0,67.18146718146718,361.0,19.911748483177057,0.0,0.0,234.0,12.906784335355765,0.0,0.0,0.0,0.0,0.0,0.0,1813.0,1813.0,100.0,0.0,0.0,1813.0,40.0,2.2062879205736348,40.0,100.0,0.0,0.0,1773.0,97.79371207942637,1702.0,95.99548787366047,71.0,4.004512126339538,705.0,618.0,87.65957446808511,87.0,12.340425531914894,1052.0,933.0,88.68821292775665,0.0,0.0,0.0,0.0,618.0,511.0,82.68608414239482,50.0,8.090614886731391,57.0,9.223300970873787,1813.0,1529.0,84.33535576392718,284.0,15.664644236072808,1277.0,0.0,0.0,180.0,14.095536413469068,129.0,10.101801096319498,49.0,3.837118245888802,479.0,37.5097885669538,440.0,34.455755677368835,561.0,26.0,4.634581105169341,535.0,95.36541889483065,1813.0,1813.0,1742.0,561.0,347.0,61.853832442067734,214.0,38.146167557932266,669.0,506.0,75.63527653213752,248.0,37.07025411061286,561.0,511.0,215.0,42.07436399217221,24.0,0.0,0.0,26.0,26.0,100.0
228,2514.0,0.0,897.0,323.0,73424.0,303.0,244.0,80.52805280528052,59.0,19.471947194719473,897.0,860.0,95.87513935340021,37.0,4.124860646599777,0.0,0.0,0.0,0.0,0.0,0.0,0.0,0.0,0.0,0.0,897.0,897.0,100.0,0.0,0.0,800.0,54.0,6.75,39.0,72.22222222222221,15.0,27.77777777777778,746.0,93.25,599.0,80.29490616621983,147.0,19.70509383378016,323.0,303.0,93.80804953560371,20.0,6.191950464396285,326.0,308.0,94.47852760736197,0.0,0.0,0.0,0.0,303.0,164.0,54.12541254125413,17.0,5.6105610561056105,122.0,40.26402640264026,897.0,830.0,92.53065774804905,67.0,7.469342251950947,609.0,36.0,5.911330049261084,58.0,9.523809523809524,162.0,26.60098522167488,41.0,6.732348111658457,176.0,28.899835796387517,136.0,22.33169129720854,181.0,0.0,0.0,181.0,100.0,897.0,800.0,638.0,181.0,105.0,58.011049723756905,76.0,41.988950276243095,669.0,506.0,75.63527653213752,248.0,37.07025411061286,181.0,164.0,97.0,59.14634146341463,0.0,0.0,999.0,17.0,0.0,0.0
229,2506.0,0.0,3520.0,1255.0,145647.0,1185.0,1115.0,94.09282700421942,70.0,5.9071729957805905,3520.0,2683.0,76.2215909090909,443.0,12.585227272727273,0.0,0.0,218.0,6.193181818181818,0.0,0.0,0.0,0.0,176.0,5.0,3520.0,3520.0,100.0,0.0,0.0,3520.0,141.0,4.005681818181818,141.0,100.0,0.0,0.0,3379.0,95.99431818181819,3299.0,97.63243563184373,80.0,2.367564368156259,1255.0,1185.0,94.42231075697211,70.0,5.577689243027888,1751.0,1572.0,89.77727013135352,0.0,0.0,0.0,0.0,1185.0,1068.0,90.12658227848101,37.0,3.1223628691983123,80.0,6.751054852320674,3432.0,2868.0,83.56643356643356,564.0,16.433566433566433,2341.0,65.0,2.776591200341734,214.0,9.14139256727894,383.0,16.36052968816745,134.0,5.724049551473729,1018.0,43.48568987612131,527.0,22.51174711661683,1105.0,10.0,0.904977375565611,1095.0,99.09502262443439,3520.0,3520.0,3440.0,1105.0,635.0,57.466063348416284,470.0,42.53393665158371,669.0,506.0,75.63527653213752,248.0,37.07025411061286,1105.0,1068.0,451.0,42.22846441947566,0.0,0.0,999.0,37.0,23.0,62.16216216216216
230,2509.0,0.0,3642.0,1476.0,126125.0,1350.0,1178.0,87.25925925925925,172.0,12.74074074074074,3642.0,2354.0,64.63481603514552,613.0,16.831411312465676,0.0,0.0,340.0,9.335529928610653,0.0,0.0,0.0,0.0,335.0,9.198242723778144,3642.0,3564.0,97.85831960461286,78.0,2.14168039538715,3642.0,180.0,4.942339373970346,167.0,92.77777777777779,13.0,7.222222222222221,3462.0,95.05766062602964,3147.0,90.90121317157713,315.0,9.098786828422876,1476.0,1350.0,91.46341463414635,126.0,8.536585365853659,1980.0,1947.0,98.33333333333333,0.0,0.0,0.0,0.0,1350.0,857.0,63.48148148148148,165.0,12.222222222222221,328.0,24.296296296296298,3516.0,3000.0,85.32423208191126,516.0,14.675767918088736,2333.0,17.0,0.7286755250750108,262.0,11.230175739391342,143.0,6.129447063866267,35.0,1.5002143163309045,783.0,33.56193741963138,1093.0,46.8495499357051,1022.0,17.0,1.663405088062622,1005.0,98.33659491193738,3642.0,3642.0,3314.0,1022.0,536.0,52.44618395303326,486.0,47.55381604696673,669.0,506.0,75.63527653213752,248.0,37.07025411061286,1022.0,857.0,541.0,63.12718786464411,97.0,24.0,0.24742,68.0,0.0,0.0
231,2114.0,0.0,2447.0,1002.0,54324.0,961.0,594.0,61.810613943808534,367.0,38.189386056191466,2447.0,1842.0,75.27584797711484,441.0,18.022067838169185,0.0,0.0,82.0,3.3510420923579893,0.0,0.0,16.0,0.6538618716796076,66.0,2.6971802206783817,2447.0,2386.0,97.5071516142215,61.0,2.492848385778504,2447.0,421.0,17.204740498569677,396.0,94.06175771971496,25.0,5.938242280285035,2026.0,82.79525950143032,1451.0,71.61895360315893,575.0,28.381046396841064,1002.0,961.0,95.90818363273453,41.0,4.091816367265469,1236.0,1171.0,94.7411003236246,0.0,0.0,0.0,0.0,961.0,328.0,34.13111342351717,268.0,27.887617065556714,365.0,37.98126951092612,2382.0,1824.0,76.57430730478589,558.0,23.425692695214106,1541.0,121.0,7.852044127190136,391.0,25.37313432835821,574.0,37.248539909149905,191.0,12.394548994159637,253.0,16.417910447761194,11.0,0.7138221933809215,596.0,132.0,22.14765100671141,464.0,77.85234899328859,2447.0,2447.0,1847.0,596.0,268.0,44.966442953020135,328.0,55.033557046979865,669.0,506.0,75.63527653213752,248.0,37.07025411061286,596.0,328.0,154.0,46.95121951219512,46.0,46.0,1.0,222.0,66.0,29.72972972972973
232,1713.0,0.0,2204.0,1351.0,41429.0,1114.0,94.0,8.43806104129264,1020.0,91.56193895870736,2204.0,1395.0,63.294010889292196,605.0,27.450090744101637,0.0,0.0,144.0,6.533575317604355,0.0,0.0,55.0,2.49546279491833,5.0,0.2268602540834846,2204.0,1912.0,86.7513611615245,292.0,13.248638838475499,2204.0,734.0,33.30308529945554,458.0,62.39782016348774,276.0,37.60217983651226,1470.0,66.69691470054447,880.0,59.863945578231295,590.0,40.136054421768705,1351.0,1114.0,82.45743893412288,237.0,17.542561065877127,1393.0,1362.0,97.77458722182341,0.0,0.0,11.0,0.7896625987078248,1114.0,246.0,22.082585278276483,180.0,16.15798922800718,688.0,61.759425493716336,2154.0,1445.0,67.08449396471681,709.0,32.915506035283194,1614.0,61.0,3.7794299876084265,258.0,15.985130111524162,415.0,25.712515489467165,64.0,3.965303593556382,554.0,34.32465923172243,262.0,16.232961586121437,426.0,82.0,19.248826291079812,344.0,80.75117370892019,2204.0,2204.0,1338.0,426.0,289.0,67.84037558685446,137.0,32.159624413145536,669.0,506.0,75.63527653213752,248.0,37.07025411061286,426.0,246.0,94.0,38.21138211382114,94.0,94.0,1.0,86.0,13.0,15.11627906976744
233,1715.0,0.0,2204.0,1351.0,41429.0,1114.0,94.0,8.43806104129264,1020.0,91.56193895870736,2204.0,1395.0,63.294010889292196,605.0,27.450090744101637,0.0,0.0,144.0,6.533575317604355,0.0,0.0,55.0,2.49546279491833,5.0,0.2268602540834846,2204.0,1912.0,86.7513611615245,292.0,13.248638838475499,2204.0,734.0,33.30308529945554,458.0,62.39782016348774,276.0,37.60217983651226,1470.0,66.69691470054447,880.0,59.863945578231295,590.0,40.136054421768705,1351.0,1114.0,82.45743893412288,237.0,17.542561065877127,1393.0,1362.0,97.77458722182341,0.0,0.0,11.0,0.7896625987078248,1114.0,246.0,22.082585278276483,180.0,16.15798922800718,688.0,61.759425493716336,2154.0,1445.0,67.08449396471681,709.0,32.915506035283194,1614.0,61.0,3.7794299876084265,258.0,15.985130111524162,415.0,25.712515489467165,64.0,3.965303593556382,554.0,34.32465923172243,262.0,16.232961586121437,426.0,82.0,19.248826291079812,344.0,80.75117370892019,2204.0,2204.0,1338.0,426.0,289.0,67.84037558685446,137.0,32.159624413145536,669.0,506.0,75.63527653213752,248.0,37.07025411061286,426.0,246.0,94.0,38.21138211382114,94.0,94.0,1.0,86.0,13.0,15.11627906976744
234,1710.0,0.0,1513.0,691.0,96181.0,599.0,427.0,71.28547579298832,172.0,28.71452420701169,1513.0,1353.0,89.42498347653668,146.0,9.649702577660278,0.0,0.0,0.0,0.0,0.0,0.0,14.0,0.9253139458030404,0.0,0.0,1513.0,1507.0,99.60343688037013,6.0,0.39656311962987445,1513.0,178.0,11.76470588235294,60.0,33.70786516853933,118.0,66.29213483146067,1335.0,88.23529411764706,1186.0,88.83895131086142,149.0,11.161048689138577,691.0,599.0,86.68596237337192,92.0,13.314037626628075,823.0,744.0,90.40097205346294,0.0,0.0,15.0,1.8226002430133657,599.0,339.0,56.594323873121866,83.0,13.856427378964941,177.0,29.549248747913186,1513.0,1297.0,85.72372769332452,216.0,14.27627230667548,1062.0,0.0,0.0,44.0,4.143126177024483,273.0,25.70621468926554,50.0,4.708097928436912,388.0,36.53483992467043,307.0,28.907721280602637,422.0,0.0,0.0,422.0,100.0,1513.0,1513.0,1246.0,422.0,283.0,67.06161137440758,139.0,32.93838862559242,669.0,506.0,75.63527653213752,248.0,37.07025411061286,422.0,339.0,100.0,29.49852507374631,15.0,0.0,0.0,68.0,9.0,13.23529411764706
235,1722.0,0.0,1513.0,691.0,96181.0,599.0,427.0,71.28547579298832,172.0,28.71452420701169,1513.0,1353.0,89.42498347653668,146.0,9.649702577660278,0.0,0.0,0.0,0.0,0.0,0.0,14.0,0.9253139458030404,0.0,0.0,1513.0,1507.0,99.60343688037013,6.0,0.39656311962987445,1513.0,178.0,11.76470588235294,60.0,33.70786516853933,118.0,66.29213483146067,1335.0,88.23529411764706,1186.0,88.83895131086142,149.0,11.161048689138577,691.0,599.0,86.68596237337192,92.0,13.314037626628075,823.0,744.0,90.40097205346294,0.0,0.0,15.0,1.8226002430133657,599.0,339.0,56.594323873121866,83.0,13.856427378964941,177.0,29.549248747913186,1513.0,1297.0,85.72372769332452,216.0,14.27627230667548,1062.0,0.0,0.0,44.0,4.143126177024483,273.0,25.70621468926554,50.0,4.708097928436912,388.0,36.53483992467043,307.0,28.907721280602637,422.0,0.0,0.0,422.0,100.0,1513.0,1513.0,1246.0,422.0,283.0,67.06161137440758,139.0,32.93838862559242,669.0,506.0,75.63527653213752,248.0,37.07025411061286,422.0,339.0,100.0,29.49852507374631,15.0,0.0,0.0,68.0,9.0,13.23529411764706
236,1711.0,0.0,2367.0,1213.0,58679.0,1047.0,594.0,56.73352435530086,453.0,43.26647564469914,2367.0,1824.0,77.0595690747782,129.0,5.4499366286438535,17.0,0.7182087029995775,118.0,4.985213350232361,0.0,0.0,170.0,7.182087029995775,109.0,4.604985213350233,2367.0,1994.0,84.24165610477398,373.0,15.758343895226023,2367.0,255.0,10.773130544993663,42.0,16.470588235294116,213.0,83.52941176470588,2112.0,89.22686945500634,1877.0,88.87310606060606,235.0,11.12689393939394,1213.0,1047.0,86.3149216817807,166.0,13.68507831821929,1246.0,1170.0,93.90048154093098,0.0,0.0,0.0,0.0,1047.0,601.0,57.40210124164279,84.0,8.022922636103152,362.0,34.57497612225406,2358.0,2048.0,86.85326547921967,310.0,13.146734520780324,1698.0,16.0,0.9422850412249705,117.0,6.890459363957597,315.0,18.551236749116608,224.0,13.191990577149587,696.0,40.98939929328622,330.0,19.434628975265017,685.0,0.0,0.0,685.0,100.0,2367.0,2367.0,1919.0,685.0,460.0,67.15328467153284,225.0,32.846715328467155,669.0,506.0,75.63527653213752,248.0,37.07025411061286,685.0,601.0,207.0,34.44259567387687,23.0,11.0,0.47826,61.0,61.0,100.0
237,1712.0,0.0,1034.0,530.0,51201.0,489.0,261.0,53.37423312883436,228.0,46.62576687116564,1034.0,855.0,82.68858800773694,82.0,7.930367504835589,0.0,0.0,97.0,9.381044487427467,0.0,0.0,0.0,0.0,0.0,0.0,1034.0,1034.0,100.0,0.0,0.0,1034.0,39.0,3.771760154738878,39.0,100.0,0.0,0.0,995.0,96.22823984526111,846.0,85.02512562814071,149.0,14.974874371859295,530.0,489.0,92.26415094339623,41.0,7.735849056603773,463.0,396.0,85.52915766738661,0.0,0.0,0.0,0.0,489.0,248.0,50.715746421267895,92.0,18.813905930470348,149.0,30.470347648261757,1034.0,812.0,78.52998065764024,222.0,21.470019342359766,726.0,0.0,0.0,75.0,10.330578512396695,164.0,22.58953168044077,39.0,5.371900826446281,315.0,43.388429752066116,133.0,18.319559228650135,340.0,22.0,6.470588235294119,318.0,93.52941176470588,1034.0,1034.0,885.0,340.0,250.0,73.52941176470588,90.0,26.47058823529412,149.0,149.0,100.0,76.0,51.006711409395976,340.0,248.0,75.0,30.241935483870968,52.0,0.0,0.0,40.0,40.0,100.0
238,1718.0,0.0,1034.0,530.0,51201.0,489.0,261.0,53.37423312883436,228.0,46.62576687116564,1034.0,855.0,82.68858800773694,82.0,7.930367504835589,0.0,0.0,97.0,9.381044487427467,0.0,0.0,0.0,0.0,0.0,0.0,1034.0,1034.0,100.0,0.0,0.0,1034.0,39.0,3.771760154738878,39.0,100.0,0.0,0.0,995.0,96.22823984526111,846.0,85.02512562814071,149.0,14.974874371859295,530.0,489.0,92.26415094339623,41.0,7.735849056603773,463.0,396.0,85.52915766738661,0.0,0.0,0.0,0.0,489.0,248.0,50.715746421267895,92.0,18.813905930470348,149.0,30.470347648261757,1034.0,812.0,78.52998065764024,222.0,21.470019342359766,726.0,0.0,0.0,75.0,10.330578512396695,164.0,22.58953168044077,39.0,5.371900826446281,315.0,43.388429752066116,133.0,18.319559228650135,340.0,22.0,6.470588235294119,318.0,93.52941176470588,1034.0,1034.0,885.0,340.0,250.0,73.52941176470588,90.0,26.47058823529412,149.0,149.0,100.0,76.0,51.006711409395976,340.0,248.0,75.0,30.241935483870968,52.0,0.0,0.0,40.0,40.0,100.0
239,1719.0,0.0,1034.0,530.0,51201.0,489.0,261.0,53.37423312883436,228.0,46.62576687116564,1034.0,855.0,82.68858800773694,82.0,7.930367504835589,0.0,0.0,97.0,9.381044487427467,0.0,0.0,0.0,0.0,0.0,0.0,1034.0,1034.0,100.0,0.0,0.0,1034.0,39.0,3.771760154738878,39.0,100.0,0.0,0.0,995.0,96.22823984526111,846.0,85.02512562814071,149.0,14.974874371859295,530.0,489.0,92.26415094339623,41.0,7.735849056603773,463.0,396.0,85.52915766738661,0.0,0.0,0.0,0.0,489.0,248.0,50.715746421267895,92.0,18.813905930470348,149.0,30.470347648261757,1034.0,812.0,78.52998065764024,222.0,21.470019342359766,726.0,0.0,0.0,75.0,10.330578512396695,164.0,22.58953168044077,39.0,5.371900826446281,315.0,43.388429752066116,133.0,18.319559228650135,340.0,22.0,6.470588235294119,318.0,93.52941176470588,1034.0,1034.0,885.0,340.0,250.0,73.52941176470588,90.0,26.47058823529412,149.0,149.0,100.0,76.0,51.006711409395976,340.0,248.0,75.0,30.241935483870968,52.0,0.0,0.0,40.0,40.0,100.0
240,1727.0,0.0,1034.0,530.0,51201.0,489.0,261.0,53.37423312883436,228.0,46.62576687116564,1034.0,855.0,82.68858800773694,82.0,7.930367504835589,0.0,0.0,97.0,9.381044487427467,0.0,0.0,0.0,0.0,0.0,0.0,1034.0,1034.0,100.0,0.0,0.0,1034.0,39.0,3.771760154738878,39.0,100.0,0.0,0.0,995.0,96.22823984526111,846.0,85.02512562814071,149.0,14.974874371859295,530.0,489.0,92.26415094339623,41.0,7.735849056603773,463.0,396.0,85.52915766738661,0.0,0.0,0.0,0.0,489.0,248.0,50.715746421267895,92.0,18.813905930470348,149.0,30.470347648261757,1034.0,812.0,78.52998065764024,222.0,21.470019342359766,726.0,0.0,0.0,75.0,10.330578512396695,164.0,22.58953168044077,39.0,5.371900826446281,315.0,43.388429752066116,133.0,18.319559228650135,340.0,22.0,6.470588235294119,318.0,93.52941176470588,1034.0,1034.0,885.0,340.0,250.0,73.52941176470588,90.0,26.47058823529412,149.0,149.0,100.0,76.0,51.006711409395976,340.0,248.0,75.0,30.241935483870968,52.0,0.0,0.0,40.0,40.0,100.0
241,1720.0,0.0,1795.0,1000.0,84418.0,785.0,552.0,70.31847133757961,233.0,29.68152866242038,1795.0,1769.0,98.55153203342618,26.0,1.448467966573816,0.0,0.0,0.0,0.0,0.0,0.0,0.0,0.0,0.0,0.0,1795.0,1751.0,97.54874651810584,44.0,2.4512534818941503,1795.0,26.0,1.448467966573816,0.0,0.0,26.0,100.0,1769.0,98.55153203342618,1458.0,82.41944601469757,311.0,17.58055398530243,1000.0,785.0,78.5,215.0,21.5,939.0,840.0,89.45686900958466,0.0,0.0,0.0,0.0,785.0,442.0,56.30573248407643,58.0,7.388535031847134,285.0,36.30573248407643,1795.0,1628.0,90.69637883008357,123.0,6.852367688022285,1377.0,15.0,1.0893246187363834,109.0,7.915758896151052,253.0,18.373275236020334,145.0,10.530137981118374,599.0,43.500363108206244,256.0,18.591140159767612,500.0,0.0,0.0,500.0,100.0,1795.0,1795.0,1458.0,500.0,299.0,59.8,201.0,40.2,337.0,285.0,84.56973293768546,120.0,35.60830860534125,500.0,442.0,199.0,45.022624434389144,0.0,0.0,999.0,58.0,18.0,31.03448275862069
242,1724.0,0.0,1795.0,1000.0,84418.0,785.0,552.0,70.31847133757961,233.0,29.68152866242038,1795.0,1769.0,98.55153203342618,26.0,1.448467966573816,0.0,0.0,0.0,0.0,0.0,0.0,0.0,0.0,0.0,0.0,1795.0,1751.0,97.54874651810584,44.0,2.4512534818941503,1795.0,26.0,1.448467966573816,0.0,0.0,26.0,100.0,1769.0,98.55153203342618,1458.0,82.41944601469757,311.0,17.58055398530243,1000.0,785.0,78.5,215.0,21.5,939.0,840.0,89.45686900958466,0.0,0.0,0.0,0.0,785.0,442.0,56.30573248407643,58.0,7.388535031847134,285.0,36.30573248407643,1795.0,1628.0,90.69637883008357,123.0,6.852367688022285,1377.0,15.0,1.0893246187363834,109.0,7.915758896151052,253.0,18.373275236020334,145.0,10.530137981118374,599.0,43.500363108206244,256.0,18.591140159767612,500.0,0.0,0.0,500.0,100.0,1795.0,1795.0,1458.0,500.0,299.0,59.8,201.0,40.2,337.0,285.0,84.56973293768546,120.0,35.60830860534125,500.0,442.0,199.0,45.022624434389144,0.0,0.0,999.0,58.0,18.0,31.03448275862069
243,1725.0,0.0,1795.0,1000.0,84418.0,785.0,552.0,70.31847133757961,233.0,29.68152866242038,1795.0,1769.0,98.55153203342618,26.0,1.448467966573816,0.0,0.0,0.0,0.0,0.0,0.0,0.0,0.0,0.0,0.0,1795.0,1751.0,97.54874651810584,44.0,2.4512534818941503,1795.0,26.0,1.448467966573816,0.0,0.0,26.0,100.0,1769.0,98.55153203342618,1458.0,82.41944601469757,311.0,17.58055398530243,1000.0,785.0,78.5,215.0,21.5,939.0,840.0,89.45686900958466,0.0,0.0,0.0,0.0,785.0,442.0,56.30573248407643,58.0,7.388535031847134,285.0,36.30573248407643,1795.0,1628.0,90.69637883008357,123.0,6.852367688022285,1377.0,15.0,1.0893246187363834,109.0,7.915758896151052,253.0,18.373275236020334,145.0,10.530137981118374,599.0,43.500363108206244,256.0,18.591140159767612,500.0,0.0,0.0,500.0,100.0,1795.0,1795.0,1458.0,500.0,299.0,59.8,201.0,40.2,337.0,285.0,84.56973293768546,120.0,35.60830860534125,500.0,442.0,199.0,45.022624434389144,0.0,0.0,999.0,58.0,18.0,31.03448275862069
244,1706.0,0.0,1765.0,663.0,129732.0,653.0,653.0,100.0,0.0,0.0,1765.0,1691.0,95.80736543909349,42.0,2.379603399433428,0.0,0.0,32.0,1.8130311614730876,0.0,0.0,0.0,0.0,0.0,0.0,1765.0,1734.0,98.24362606232295,31.0,1.7563739376770537,1765.0,0.0,0.0,0.0,,0.0,,1765.0,100.0,1643.0,93.08781869688386,122.0,6.912181303116147,663.0,653.0,98.49170437405732,10.0,1.5082956259426847,939.0,923.0,98.29605963791266,0.0,0.0,0.0,0.0,653.0,495.0,75.80398162327718,36.0,5.51301684532925,122.0,18.68300153139357,1717.0,1473.0,85.78916715200931,244.0,14.210832847990682,1244.0,0.0,0.0,88.0,7.07395498392283,124.0,9.967845659163988,90.0,7.234726688102894,502.0,40.353697749196144,440.0,35.36977491961415,531.0,0.0,0.0,531.0,100.0,1765.0,1765.0,1643.0,531.0,371.0,69.86817325800376,160.0,30.131826741996232,122.0,122.0,100.0,87.0,71.31147540983606,531.0,495.0,216.0,43.63636363636363,0.0,0.0,999.0,36.0,0.0,0.0
245,1701.0,0.0,1408.0,473.0,115089.0,457.0,442.0,96.71772428884027,15.0,3.282275711159737,1408.0,1211.0,86.00852272727273,0.0,0.0,0.0,0.0,88.0,6.25,0.0,0.0,35.0,2.4857954545454546,74.0,5.255681818181818,1408.0,1367.0,97.08806818181817,41.0,2.911931818181818,1408.0,18.0,1.278409090909091,18.0,100.0,0.0,0.0,1390.0,98.7215909090909,1291.0,92.87769784172662,99.0,7.122302158273381,473.0,457.0,96.61733615221986,16.0,3.382663847780127,706.0,642.0,90.93484419263456,0.0,0.0,0.0,0.0,457.0,369.0,80.74398249452955,4.0,0.87527352297593,84.0,18.38074398249453,1408.0,1223.0,86.86079545454545,185.0,13.139204545454545,872.0,30.0,3.4403669724770642,74.0,8.486238532110093,90.0,10.321100917431194,93.0,10.6651376146789,340.0,38.99082568807339,245.0,28.09633027522936,373.0,0.0,0.0,373.0,100.0,1408.0,1408.0,1309.0,373.0,219.0,58.71313672922251,154.0,41.28686327077748,99.0,84.0,84.84848484848484,52.0,52.52525252525253,373.0,369.0,175.0,47.425474254742554,0.0,0.0,999.0,4.0,0.0,0.0
246,1702.0,0.0,1408.0,473.0,115089.0,457.0,442.0,96.71772428884027,15.0,3.282275711159737,1408.0,1211.0,86.00852272727273,0.0,0.0,0.0,0.0,88.0,6.25,0.0,0.0,35.0,2.4857954545454546,74.0,5.255681818181818,1408.0,1367.0,97.08806818181817,41.0,2.911931818181818,1408.0,18.0,1.278409090909091,18.0,100.0,0.0,0.0,1390.0,98.7215909090909,1291.0,92.87769784172662,99.0,7.122302158273381,473.0,457.0,96.61733615221986,16.0,3.382663847780127,706.0,642.0,90.93484419263456,0.0,0.0,0.0,0.0,457.0,369.0,80.74398249452955,4.0,0.87527352297593,84.0,18.38074398249453,1408.0,1223.0,86.86079545454545,185.0,13.139204545454545,872.0,30.0,3.4403669724770642,74.0,8.486238532110093,90.0,10.321100917431194,93.0,10.6651376146789,340.0,38.99082568807339,245.0,28.09633027522936,373.0,0.0,0.0,373.0,100.0,1408.0,1408.0,1309.0,373.0,219.0,58.71313672922251,154.0,41.28686327077748,99.0,84.0,84.84848484848484,52.0,52.52525252525253,373.0,369.0,175.0,47.425474254742554,0.0,0.0,999.0,4.0,0.0,0.0
247,1716.0,0.0,1296.0,509.0,103587.0,484.0,467.0,96.48760330578511,17.0,3.512396694214876,1296.0,1251.0,96.52777777777779,45.0,3.4722222222222223,0.0,0.0,0.0,0.0,0.0,0.0,0.0,0.0,0.0,0.0,1296.0,1217.0,93.90432098765432,79.0,6.095679012345679,1296.0,79.0,6.095679012345679,79.0,100.0,0.0,0.0,1217.0,93.90432098765432,1182.0,97.1240755957272,35.0,2.875924404272802,509.0,484.0,95.08840864440079,25.0,4.911591355599214,531.0,493.0,92.8436911487759,0.0,0.0,0.0,0.0,484.0,406.0,83.88429752066115,43.0,8.884297520661157,35.0,7.231404958677685,1265.0,1098.0,86.79841897233202,167.0,13.201581027667983,972.0,67.0,6.893004115226338,90.0,9.25925925925926,179.0,18.415637860082303,55.0,5.658436213991769,336.0,34.5679012345679,245.0,25.205761316872426,449.0,0.0,0.0,449.0,100.0,1296.0,1296.0,1261.0,449.0,286.0,63.69710467706013,163.0,36.30289532293987,347.0,254.0,73.19884726224784,130.0,37.46397694524496,449.0,406.0,106.0,26.108374384236456,0.0,0.0,999.0,43.0,43.0,100.0
248,2521.0,0.0,1296.0,509.0,103587.0,484.0,467.0,96.48760330578511,17.0,3.512396694214876,1296.0,1251.0,96.52777777777779,45.0,3.4722222222222223,0.0,0.0,0.0,0.0,0.0,0.0,0.0,0.0,0.0,0.0,1296.0,1217.0,93.90432098765432,79.0,6.095679012345679,1296.0,79.0,6.095679012345679,79.0,100.0,0.0,0.0,1217.0,93.90432098765432,1182.0,97.1240755957272,35.0,2.875924404272802,509.0,484.0,95.08840864440079,25.0,4.911591355599214,531.0,493.0,92.8436911487759,0.0,0.0,0.0,0.0,484.0,406.0,83.88429752066115,43.0,8.884297520661157,35.0,7.231404958677685,1265.0,1098.0,86.79841897233202,167.0,13.201581027667983,972.0,67.0,6.893004115226338,90.0,9.25925925925926,179.0,18.415637860082303,55.0,5.658436213991769,336.0,34.5679012345679,245.0,25.205761316872426,449.0,0.0,0.0,449.0,100.0,1296.0,1296.0,1261.0,449.0,286.0,63.69710467706013,163.0,36.30289532293987,347.0,254.0,73.19884726224784,130.0,37.46397694524496,449.0,406.0,106.0,26.108374384236456,0.0,0.0,999.0,43.0,43.0,100.0
249,1704.0,0.0,3056.0,1268.0,101985.0,1219.0,655.0,53.732567678424935,564.0,46.267432321575065,3056.0,2873.0,94.01178010471205,18.0,0.5890052356020943,0.0,0.0,140.0,4.5811518324607325,0.0,0.0,0.0,0.0,25.0,0.8180628272251309,3056.0,3007.0,98.39659685863874,49.0,1.6034031413612566,3033.0,247.0,8.143752060666007,62.0,25.101214574898783,185.0,74.89878542510121,2786.0,91.856247939334,2339.0,83.95549174443647,447.0,16.04450825556353,1268.0,1219.0,96.13564668769716,49.0,3.8643533123028395,1794.0,1680.0,93.64548494983278,0.0,0.0,0.0,0.0,1219.0,690.0,56.60377358490566,68.0,5.578342904019689,461.0,37.817883511074655,3021.0,2008.0,66.46805693478981,995.0,32.93611386957961,1995.0,31.0,1.5538847117794485,225.0,11.278195488721805,591.0,29.624060150375943,368.0,18.44611528822055,502.0,25.162907268170425,278.0,13.934837092731831,758.0,19.0,2.5065963060686016,739.0,97.4934036939314,3056.0,3033.0,2401.0,758.0,345.0,45.51451187335092,413.0,54.485488126649074,632.0,461.0,72.94303797468355,192.0,30.37974683544304,758.0,690.0,196.0,28.405797101449277,0.0,0.0,999.0,68.0,29.0,42.64705882352941
250,1703.0,0.0,1000.0,339.0,105039.0,339.0,303.0,89.38053097345133,36.0,10.619469026548673,1000.0,989.0,98.9,0.0,0.0,0.0,0.0,11.0,1.0999999999999999,0.0,0.0,0.0,0.0,0.0,0.0,1000.0,1000.0,100.0,0.0,0.0,1000.0,27.0,2.7,27.0,100.0,0.0,0.0,973.0,97.3,951.0,97.73895169578623,22.0,2.2610483042137717,339.0,339.0,100.0,0.0,0.0,593.0,563.0,94.94097807757167,0.0,0.0,0.0,0.0,339.0,275.0,81.12094395280236,42.0,12.389380530973451,22.0,6.489675516224189,1000.0,975.0,97.5,25.0,2.5,714.0,0.0,0.0,87.0,12.184873949579831,211.0,29.551820728291318,94.0,13.165266106442578,254.0,35.57422969187675,68.0,9.523809523809524,317.0,11.0,3.4700315457413247,306.0,96.52996845425868,1000.0,1000.0,978.0,317.0,161.0,50.78864353312302,156.0,49.21135646687697,632.0,461.0,72.94303797468355,192.0,30.37974683544304,317.0,275.0,104.0,37.81818181818182,11.0,11.0,1.0,31.0,11.0,35.483870967741936
251,1708.0,0.0,1000.0,339.0,105039.0,339.0,303.0,89.38053097345133,36.0,10.619469026548673,1000.0,989.0,98.9,0.0,0.0,0.0,0.0,11.0,1.0999999999999999,0.0,0.0,0.0,0.0,0.0,0.0,1000.0,1000.0,100.0,0.0,0.0,1000.0,27.0,2.7,27.0,100.0,0.0,0.0,973.0,97.3,951.0,97.73895169578623,22.0,2.2610483042137717,339.0,339.0,100.0,0.0,0.0,593.0,563.0,94.94097807757167,0.0,0.0,0.0,0.0,339.0,275.0,81.12094395280236,42.0,12.389380530973451,22.0,6.489675516224189,1000.0,975.0,97.5,25.0,2.5,714.0,0.0,0.0,87.0,12.184873949579831,211.0,29.551820728291318,94.0,13.165266106442578,254.0,35.57422969187675,68.0,9.523809523809524,317.0,11.0,3.4700315457413247,306.0,96.52996845425868,1000.0,1000.0,978.0,317.0,161.0,50.78864353312302,156.0,49.21135646687697,632.0,461.0,72.94303797468355,192.0,30.37974683544304,317.0,275.0,104.0,37.81818181818182,11.0,11.0,1.0,31.0,11.0,35.483870967741936
252,1709.0,0.0,1000.0,339.0,105039.0,339.0,303.0,89.38053097345133,36.0,10.619469026548673,1000.0,989.0,98.9,0.0,0.0,0.0,0.0,11.0,1.0999999999999999,0.0,0.0,0.0,0.0,0.0,0.0,1000.0,1000.0,100.0,0.0,0.0,1000.0,27.0,2.7,27.0,100.0,0.0,0.0,973.0,97.3,951.0,97.73895169578623,22.0,2.2610483042137717,339.0,339.0,100.0,0.0,0.0,593.0,563.0,94.94097807757167,0.0,0.0,0.0,0.0,339.0,275.0,81.12094395280236,42.0,12.389380530973451,22.0,6.489675516224189,1000.0,975.0,97.5,25.0,2.5,714.0,0.0,0.0,87.0,12.184873949579831,211.0,29.551820728291318,94.0,13.165266106442578,254.0,35.57422969187675,68.0,9.523809523809524,317.0,11.0,3.4700315457413247,306.0,96.52996845425868,1000.0,1000.0,978.0,317.0,161.0,50.78864353312302,156.0,49.21135646687697,632.0,461.0,72.94303797468355,192.0,30.37974683544304,317.0,275.0,104.0,37.81818181818182,11.0,11.0,1.0,31.0,11.0,35.483870967741936
253,1717.0,0.0,1000.0,339.0,105039.0,339.0,303.0,89.38053097345133,36.0,10.619469026548673,1000.0,989.0,98.9,0.0,0.0,0.0,0.0,11.0,1.0999999999999999,0.0,0.0,0.0,0.0,0.0,0.0,1000.0,1000.0,100.0,0.0,0.0,1000.0,27.0,2.7,27.0,100.0,0.0,0.0,973.0,97.3,951.0,97.73895169578623,22.0,2.2610483042137717,339.0,339.0,100.0,0.0,0.0,593.0,563.0,94.94097807757167,0.0,0.0,0.0,0.0,339.0,275.0,81.12094395280236,42.0,12.389380530973451,22.0,6.489675516224189,1000.0,975.0,97.5,25.0,2.5,714.0,0.0,0.0,87.0,12.184873949579831,211.0,29.551820728291318,94.0,13.165266106442578,254.0,35.57422969187675,68.0,9.523809523809524,317.0,11.0,3.4700315457413247,306.0,96.52996845425868,1000.0,1000.0,978.0,317.0,161.0,50.78864353312302,156.0,49.21135646687697,632.0,461.0,72.94303797468355,192.0,30.37974683544304,317.0,275.0,104.0,37.81818181818182,11.0,11.0,1.0,31.0,11.0,35.483870967741936
254,1705.0,0.0,1540.0,505.0,132938.0,505.0,505.0,100.0,0.0,0.0,1540.0,1337.0,86.81818181818181,179.0,11.623376623376624,0.0,0.0,13.0,0.8441558441558441,0.0,0.0,11.0,0.7142857142857143,0.0,0.0,1540.0,1450.0,94.15584415584416,90.0,5.844155844155844,1540.0,33.0,2.142857142857143,33.0,100.0,0.0,0.0,1507.0,97.85714285714285,1466.0,97.27936297279362,41.0,2.72063702720637,505.0,505.0,100.0,0.0,0.0,860.0,860.0,100.0,0.0,0.0,0.0,0.0,505.0,435.0,86.13861386138613,29.0,5.742574257425743,41.0,8.118811881188119,1509.0,1394.0,92.3790589794566,115.0,7.620941020543406,1014.0,0.0,0.0,33.0,3.2544378698224854,249.0,24.556213017751478,20.0,1.9723865877712032,503.0,49.60552268244576,209.0,20.611439842209073,464.0,0.0,0.0,464.0,100.0,1540.0,1540.0,1499.0,464.0,315.0,67.88793103448276,149.0,32.112068965517246,41.0,41.0,100.0,31.0,75.60975609756098,464.0,435.0,201.0,46.206896551724135,0.0,0.0,999.0,29.0,19.0,65.51724137931035
255,1714.0,0.0,1540.0,505.0,132938.0,505.0,505.0,100.0,0.0,0.0,1540.0,1337.0,86.81818181818181,179.0,11.623376623376624,0.0,0.0,13.0,0.8441558441558441,0.0,0.0,11.0,0.7142857142857143,0.0,0.0,1540.0,1450.0,94.15584415584416,90.0,5.844155844155844,1540.0,33.0,2.142857142857143,33.0,100.0,0.0,0.0,1507.0,97.85714285714285,1466.0,97.27936297279362,41.0,2.72063702720637,505.0,505.0,100.0,0.0,0.0,860.0,860.0,100.0,0.0,0.0,0.0,0.0,505.0,435.0,86.13861386138613,29.0,5.742574257425743,41.0,8.118811881188119,1509.0,1394.0,92.3790589794566,115.0,7.620941020543406,1014.0,0.0,0.0,33.0,3.2544378698224854,249.0,24.556213017751478,20.0,1.9723865877712032,503.0,49.60552268244576,209.0,20.611439842209073,464.0,0.0,0.0,464.0,100.0,1540.0,1540.0,1499.0,464.0,315.0,67.88793103448276,149.0,32.112068965517246,41.0,41.0,100.0,31.0,75.60975609756098,464.0,435.0,201.0,46.206896551724135,0.0,0.0,999.0,29.0,19.0,65.51724137931035
256,1721.0,0.0,1540.0,505.0,132938.0,505.0,505.0,100.0,0.0,0.0,1540.0,1337.0,86.81818181818181,179.0,11.623376623376624,0.0,0.0,13.0,0.8441558441558441,0.0,0.0,11.0,0.7142857142857143,0.0,0.0,1540.0,1450.0,94.15584415584416,90.0,5.844155844155844,1540.0,33.0,2.142857142857143,33.0,100.0,0.0,0.0,1507.0,97.85714285714285,1466.0,97.27936297279362,41.0,2.72063702720637,505.0,505.0,100.0,0.0,0.0,860.0,860.0,100.0,0.0,0.0,0.0,0.0,505.0,435.0,86.13861386138613,29.0,5.742574257425743,41.0,8.118811881188119,1509.0,1394.0,92.3790589794566,115.0,7.620941020543406,1014.0,0.0,0.0,33.0,3.2544378698224854,249.0,24.556213017751478,20.0,1.9723865877712032,503.0,49.60552268244576,209.0,20.611439842209073,464.0,0.0,0.0,464.0,100.0,1540.0,1540.0,1499.0,464.0,315.0,67.88793103448276,149.0,32.112068965517246,41.0,41.0,100.0,31.0,75.60975609756098,464.0,435.0,201.0,46.206896551724135,0.0,0.0,999.0,29.0,19.0,65.51724137931035
257,1723.0,0.0,1540.0,505.0,132938.0,505.0,505.0,100.0,0.0,0.0,1540.0,1337.0,86.81818181818181,179.0,11.623376623376624,0.0,0.0,13.0,0.8441558441558441,0.0,0.0,11.0,0.7142857142857143,0.0,0.0,1540.0,1450.0,94.15584415584416,90.0,5.844155844155844,1540.0,33.0,2.142857142857143,33.0,100.0,0.0,0.0,1507.0,97.85714285714285,1466.0,97.27936297279362,41.0,2.72063702720637,505.0,505.0,100.0,0.0,0.0,860.0,860.0,100.0,0.0,0.0,0.0,0.0,505.0,435.0,86.13861386138613,29.0,5.742574257425743,41.0,8.118811881188119,1509.0,1394.0,92.3790589794566,115.0,7.620941020543406,1014.0,0.0,0.0,33.0,3.2544378698224854,249.0,24.556213017751478,20.0,1.9723865877712032,503.0,49.60552268244576,209.0,20.611439842209073,464.0,0.0,0.0,464.0,100.0,1540.0,1540.0,1499.0,464.0,315.0,67.88793103448276,149.0,32.112068965517246,41.0,41.0,100.0,31.0,75.60975609756098,464.0,435.0,201.0,46.206896551724135,0.0,0.0,999.0,29.0,19.0,65.51724137931035
258,1726.0,0.0,1540.0,505.0,132938.0,505.0,505.0,100.0,0.0,0.0,1540.0,1337.0,86.81818181818181,179.0,11.623376623376624,0.0,0.0,13.0,0.8441558441558441,0.0,0.0,11.0,0.7142857142857143,0.0,0.0,1540.0,1450.0,94.15584415584416,90.0,5.844155844155844,1540.0,33.0,2.142857142857143,33.0,100.0,0.0,0.0,1507.0,97.85714285714285,1466.0,97.27936297279362,41.0,2.72063702720637,505.0,505.0,100.0,0.0,0.0,860.0,860.0,100.0,0.0,0.0,0.0,0.0,505.0,435.0,86.13861386138613,29.0,5.742574257425743,41.0,8.118811881188119,1509.0,1394.0,92.3790589794566,115.0,7.620941020543406,1014.0,0.0,0.0,33.0,3.2544378698224854,249.0,24.556213017751478,20.0,1.9723865877712032,503.0,49.60552268244576,209.0,20.611439842209073,464.0,0.0,0.0,464.0,100.0,1540.0,1540.0,1499.0,464.0,315.0,67.88793103448276,149.0,32.112068965517246,41.0,41.0,100.0,31.0,75.60975609756098,464.0,435.0,201.0,46.206896551724135,0.0,0.0,999.0,29.0,19.0,65.51724137931035
259,1707.0,0.0,1590.0,484.0,139219.0,484.0,484.0,100.0,0.0,0.0,1590.0,1418.0,89.18238993710692,0.0,0.0,0.0,0.0,64.0,4.0251572327044025,18.0,1.1320754716981132,0.0,0.0,90.0,5.660377358490567,1590.0,1539.0,96.79245283018868,51.0,3.207547169811321,1584.0,5.0,0.31565656565656564,0.0,0.0,5.0,100.0,1579.0,99.68434343434343,1573.0,99.62001266624446,6.0,0.37998733375554145,484.0,484.0,100.0,0.0,0.0,836.0,764.0,91.38755980861244,0.0,0.0,8.0,0.9569377990430622,484.0,400.0,82.64462809917356,73.0,15.082644628099173,11.0,2.272727272727273,1583.0,1435.0,90.65066329753633,148.0,9.349336702463676,1004.0,7.0,0.697211155378486,71.0,7.071713147410359,176.0,17.52988047808765,58.0,5.776892430278884,501.0,49.9003984063745,191.0,19.023904382470118,473.0,0.0,0.0,473.0,100.0,1590.0,1590.0,1579.0,473.0,299.0,63.213530655391125,174.0,36.78646934460888,23.0,23.0,100.0,0.0,0.0,473.0,400.0,154.0,38.5,49.0,25.0,0.5102,24.0,8.0,33.33333333333333
260,1802.0,0.0,1473.0,564.0,32167.0,496.0,298.0,60.08064516129033,198.0,39.91935483870967,1473.0,841.0,57.09436524100475,608.0,41.27630685675492,0.0,0.0,0.0,0.0,0.0,0.0,0.0,0.0,24.0,1.6293279022403258,1473.0,1462.0,99.25322471147318,11.0,0.7467752885268161,1449.0,320.0,22.084195997239476,213.0,66.5625,107.0,33.4375,1129.0,77.91580400276052,998.0,88.39681133746679,131.0,11.603188662533215,564.0,496.0,87.94326241134752,68.0,12.056737588652481,620.0,567.0,91.45161290322581,0.0,0.0,0.0,0.0,496.0,149.0,30.040322580645164,186.0,37.5,161.0,32.45967741935484,1463.0,1246.0,85.16746411483254,217.0,14.832535885167463,1049.0,272.0,25.92945662535748,403.0,38.41754051477598,242.0,23.069590085795998,37.0,3.5271687321258343,72.0,6.863679694947569,23.0,2.19256434699714,335.0,86.0,25.671641791044774,249.0,74.32835820895522,1473.0,1449.0,1211.0,335.0,102.0,30.447761194029848,233.0,69.55223880597015,23.0,23.0,100.0,0.0,0.0,335.0,149.0,41.0,27.516778523489933,39.0,9.0,0.23076,147.0,23.0,15.646258503401361
261,1801.0,0.0,1355.0,831.0,43625.0,623.0,391.0,62.76083467094703,232.0,37.23916532905297,1355.0,1229.0,90.70110701107012,109.0,8.044280442804428,0.0,0.0,6.0,0.44280442804428044,0.0,0.0,11.0,0.8118081180811807,0.0,0.0,1355.0,1326.0,97.85977859778598,29.0,2.1402214022140225,1341.0,261.0,19.463087248322147,52.0,19.923371647509576,209.0,80.07662835249042,1080.0,80.53691275167785,870.0,80.55555555555556,210.0,19.444444444444446,831.0,623.0,74.9699157641396,208.0,25.03008423586041,706.0,659.0,93.34277620396601,0.0,0.0,34.0,4.815864022662889,623.0,269.0,43.17817014446228,57.0,9.149277688603531,297.0,47.67255216693419,1355.0,1099.0,81.1070110701107,256.0,18.8929889298893,844.0,63.0,7.464454976303317,261.0,30.924170616113745,185.0,21.919431279620852,73.0,8.649289099526067,134.0,15.876777251184834,128.0,15.165876777251185,326.0,43.0,13.190184049079754,283.0,86.80981595092024,1355.0,1355.0,922.0,326.0,238.0,73.00613496932516,88.0,26.993865030674847,23.0,23.0,100.0,0.0,0.0,326.0,269.0,79.0,29.36802973977695,17.0,8.0,0.47058,40.0,0.0,0.0
262,1803.0,0.0,1817.0,627.0,53258.0,596.0,440.0,73.8255033557047,156.0,26.174496644295303,1817.0,1376.0,75.72922399559714,178.0,9.796367638965329,0.0,0.0,0.0,0.0,0.0,0.0,198.0,10.89708310401761,65.0,3.577325261419923,1817.0,1602.0,88.16730875068795,215.0,11.832691249312052,1817.0,311.0,17.116125481563017,261.0,83.92282958199357,50.0,16.077170418006432,1506.0,82.88387451843698,1360.0,90.30544488711818,146.0,9.694555112881806,627.0,596.0,95.05582137161085,31.0,4.944178628389154,844.0,790.0,93.60189573459715,0.0,0.0,41.0,4.857819905213271,596.0,316.0,53.02013422818792,97.0,16.2751677852349,183.0,30.70469798657718,1784.0,1677.0,94.00224215246637,107.0,5.997757847533633,1107.0,141.0,12.737127371273713,453.0,40.921409214092144,248.0,22.40289069557362,75.0,6.775067750677506,139.0,12.556458897922312,51.0,4.607046070460704,413.0,69.0,16.707021791767556,344.0,83.29297820823246,1817.0,1817.0,1621.0,413.0,229.0,55.44794188861986,184.0,44.55205811138014,23.0,23.0,100.0,0.0,0.0,413.0,316.0,85.0,26.89873417721519,5.0,0.0,0.0,92.0,65.0,70.65217391304348
263,1811.0,0.0,1817.0,627.0,53258.0,596.0,440.0,73.8255033557047,156.0,26.174496644295303,1817.0,1376.0,75.72922399559714,178.0,9.796367638965329,0.0,0.0,0.0,0.0,0.0,0.0,198.0,10.89708310401761,65.0,3.577325261419923,1817.0,1602.0,88.16730875068795,215.0,11.832691249312052,1817.0,311.0,17.116125481563017,261.0,83.92282958199357,50.0,16.077170418006432,1506.0,82.88387451843698,1360.0,90.30544488711818,146.0,9.694555112881806,627.0,596.0,95.05582137161085,31.0,4.944178628389154,844.0,790.0,93.60189573459715,0.0,0.0,41.0,4.857819905213271,596.0,316.0,53.02013422818792,97.0,16.2751677852349,183.0,30.70469798657718,1784.0,1677.0,94.00224215246637,107.0,5.997757847533633,1107.0,141.0,12.737127371273713,453.0,40.921409214092144,248.0,22.40289069557362,75.0,6.775067750677506,139.0,12.556458897922312,51.0,4.607046070460704,413.0,69.0,16.707021791767556,344.0,83.29297820823246,1817.0,1817.0,1621.0,413.0,229.0,55.44794188861986,184.0,44.55205811138014,23.0,23.0,100.0,0.0,0.0,413.0,316.0,85.0,26.89873417721519,5.0,0.0,0.0,92.0,65.0,70.65217391304348
264,1807.0,0.0,1333.0,623.0,29256.0,577.0,444.0,76.94974003466204,133.0,23.050259965337954,1333.0,1257.0,94.29857464366091,0.0,0.0,0.0,0.0,0.0,0.0,0.0,0.0,64.0,4.801200300075019,12.0,0.9002250562640659,1333.0,1269.0,95.19879969992499,64.0,4.801200300075019,1310.0,229.0,17.480916030534353,67.0,29.257641921397383,162.0,70.74235807860262,1081.0,82.51908396946564,943.0,87.2340425531915,138.0,12.76595744680851,623.0,577.0,92.61637239165329,46.0,7.3836276083467105,480.0,389.0,81.04166666666667,0.0,0.0,8.0,1.6666666666666667,577.0,275.0,47.66031195840554,88.0,15.251299826689774,214.0,37.088388214904676,1333.0,1247.0,93.54838709677419,86.0,6.451612903225806,1097.0,347.0,31.631722880583407,307.0,27.985414767547855,256.0,23.336371923427528,57.0,5.195989061075661,99.0,9.02461257976299,31.0,2.8258887876025525,363.0,8.0,2.203856749311295,355.0,97.7961432506887,1333.0,1333.0,1010.0,363.0,182.0,50.13774104683195,181.0,49.862258953168045,23.0,23.0,100.0,0.0,0.0,363.0,275.0,46.0,16.727272727272727,31.0,20.0,0.64516,57.0,29.0,50.877192982456144
265,1809.0,0.0,1333.0,623.0,29256.0,577.0,444.0,76.94974003466204,133.0,23.050259965337954,1333.0,1257.0,94.29857464366091,0.0,0.0,0.0,0.0,0.0,0.0,0.0,0.0,64.0,4.801200300075019,12.0,0.9002250562640659,1333.0,1269.0,95.19879969992499,64.0,4.801200300075019,1310.0,229.0,17.480916030534353,67.0,29.257641921397383,162.0,70.74235807860262,1081.0,82.51908396946564,943.0,87.2340425531915,138.0,12.76595744680851,623.0,577.0,92.61637239165329,46.0,7.3836276083467105,480.0,389.0,81.04166666666667,0.0,0.0,8.0,1.6666666666666667,577.0,275.0,47.66031195840554,88.0,15.251299826689774,214.0,37.088388214904676,1333.0,1247.0,93.54838709677419,86.0,6.451612903225806,1097.0,347.0,31.631722880583407,307.0,27.985414767547855,256.0,23.336371923427528,57.0,5.195989061075661,99.0,9.02461257976299,31.0,2.8258887876025525,363.0,8.0,2.203856749311295,355.0,97.7961432506887,1333.0,1333.0,1010.0,363.0,182.0,50.13774104683195,181.0,49.862258953168045,23.0,23.0,100.0,0.0,0.0,363.0,275.0,46.0,16.727272727272727,31.0,20.0,0.64516,57.0,29.0,50.877192982456144
266,1813.0,0.0,1333.0,623.0,29256.0,577.0,444.0,76.94974003466204,133.0,23.050259965337954,1333.0,1257.0,94.29857464366091,0.0,0.0,0.0,0.0,0.0,0.0,0.0,0.0,64.0,4.801200300075019,12.0,0.9002250562640659,1333.0,1269.0,95.19879969992499,64.0,4.801200300075019,1310.0,229.0,17.480916030534353,67.0,29.257641921397383,162.0,70.74235807860262,1081.0,82.51908396946564,943.0,87.2340425531915,138.0,12.76595744680851,623.0,577.0,92.61637239165329,46.0,7.3836276083467105,480.0,389.0,81.04166666666667,0.0,0.0,8.0,1.6666666666666667,577.0,275.0,47.66031195840554,88.0,15.251299826689774,214.0,37.088388214904676,1333.0,1247.0,93.54838709677419,86.0,6.451612903225806,1097.0,347.0,31.631722880583407,307.0,27.985414767547855,256.0,23.336371923427528,57.0,5.195989061075661,99.0,9.02461257976299,31.0,2.8258887876025525,363.0,8.0,2.203856749311295,355.0,97.7961432506887,1333.0,1333.0,1010.0,363.0,182.0,50.13774104683195,181.0,49.862258953168045,23.0,23.0,100.0,0.0,0.0,363.0,275.0,46.0,16.727272727272727,31.0,20.0,0.64516,57.0,29.0,50.877192982456144
267,1814.0,0.0,1333.0,623.0,29256.0,577.0,444.0,76.94974003466204,133.0,23.050259965337954,1333.0,1257.0,94.29857464366091,0.0,0.0,0.0,0.0,0.0,0.0,0.0,0.0,64.0,4.801200300075019,12.0,0.9002250562640659,1333.0,1269.0,95.19879969992499,64.0,4.801200300075019,1310.0,229.0,17.480916030534353,67.0,29.257641921397383,162.0,70.74235807860262,1081.0,82.51908396946564,943.0,87.2340425531915,138.0,12.76595744680851,623.0,577.0,92.61637239165329,46.0,7.3836276083467105,480.0,389.0,81.04166666666667,0.0,0.0,8.0,1.6666666666666667,577.0,275.0,47.66031195840554,88.0,15.251299826689774,214.0,37.088388214904676,1333.0,1247.0,93.54838709677419,86.0,6.451612903225806,1097.0,347.0,31.631722880583407,307.0,27.985414767547855,256.0,23.336371923427528,57.0,5.195989061075661,99.0,9.02461257976299,31.0,2.8258887876025525,363.0,8.0,2.203856749311295,355.0,97.7961432506887,1333.0,1333.0,1010.0,363.0,182.0,50.13774104683195,181.0,49.862258953168045,23.0,23.0,100.0,0.0,0.0,363.0,275.0,46.0,16.727272727272727,31.0,20.0,0.64516,57.0,29.0,50.877192982456144
268,1804.0,0.0,1926.0,903.0,37204.0,749.0,531.0,70.89452603471294,218.0,29.10547396528705,1926.0,1017.0,52.80373831775701,764.0,39.66770508826583,0.0,0.0,0.0,0.0,0.0,0.0,119.0,6.178608515057113,26.0,1.3499480789200415,1926.0,1723.0,89.46002076843197,203.0,10.539979231568017,1926.0,322.0,16.71858774662513,168.0,52.17391304347826,154.0,47.82608695652174,1604.0,83.28141225337488,1428.0,89.02743142144638,176.0,10.972568578553615,903.0,749.0,82.94573643410853,154.0,17.05426356589147,812.0,804.0,99.01477832512316,0.0,0.0,0.0,0.0,749.0,271.0,36.18157543391188,210.0,28.037383177570092,268.0,35.78104138851803,1926.0,1714.0,88.99273104880582,212.0,11.007268951194185,1276.0,229.0,17.946708463949843,467.0,36.5987460815047,142.0,11.128526645768025,169.0,13.244514106583072,197.0,15.438871473354233,72.0,5.6426332288401255,481.0,96.0,19.95841995841996,385.0,80.04158004158003,1926.0,1926.0,1596.0,481.0,164.0,34.0956340956341,317.0,65.9043659043659,330.0,268.0,81.21212121212122,46.0,13.939393939393941,481.0,271.0,89.0,32.84132841328413,20.0,0.0,0.0,190.0,61.0,32.10526315789474
269,1805.0,0.0,1926.0,903.0,37204.0,749.0,531.0,70.89452603471294,218.0,29.10547396528705,1926.0,1017.0,52.80373831775701,764.0,39.66770508826583,0.0,0.0,0.0,0.0,0.0,0.0,119.0,6.178608515057113,26.0,1.3499480789200415,1926.0,1723.0,89.46002076843197,203.0,10.539979231568017,1926.0,322.0,16.71858774662513,168.0,52.17391304347826,154.0,47.82608695652174,1604.0,83.28141225337488,1428.0,89.02743142144638,176.0,10.972568578553615,903.0,749.0,82.94573643410853,154.0,17.05426356589147,812.0,804.0,99.01477832512316,0.0,0.0,0.0,0.0,749.0,271.0,36.18157543391188,210.0,28.037383177570092,268.0,35.78104138851803,1926.0,1714.0,88.99273104880582,212.0,11.007268951194185,1276.0,229.0,17.946708463949843,467.0,36.5987460815047,142.0,11.128526645768025,169.0,13.244514106583072,197.0,15.438871473354233,72.0,5.6426332288401255,481.0,96.0,19.95841995841996,385.0,80.04158004158003,1926.0,1926.0,1596.0,481.0,164.0,34.0956340956341,317.0,65.9043659043659,330.0,268.0,81.21212121212122,46.0,13.939393939393941,481.0,271.0,89.0,32.84132841328413,20.0,0.0,0.0,190.0,61.0,32.10526315789474
270,1806.0,0.0,1926.0,903.0,37204.0,749.0,531.0,70.89452603471294,218.0,29.10547396528705,1926.0,1017.0,52.80373831775701,764.0,39.66770508826583,0.0,0.0,0.0,0.0,0.0,0.0,119.0,6.178608515057113,26.0,1.3499480789200415,1926.0,1723.0,89.46002076843197,203.0,10.539979231568017,1926.0,322.0,16.71858774662513,168.0,52.17391304347826,154.0,47.82608695652174,1604.0,83.28141225337488,1428.0,89.02743142144638,176.0,10.972568578553615,903.0,749.0,82.94573643410853,154.0,17.05426356589147,812.0,804.0,99.01477832512316,0.0,0.0,0.0,0.0,749.0,271.0,36.18157543391188,210.0,28.037383177570092,268.0,35.78104138851803,1926.0,1714.0,88.99273104880582,212.0,11.007268951194185,1276.0,229.0,17.946708463949843,467.0,36.5987460815047,142.0,11.128526645768025,169.0,13.244514106583072,197.0,15.438871473354233,72.0,5.6426332288401255,481.0,96.0,19.95841995841996,385.0,80.04158004158003,1926.0,1926.0,1596.0,481.0,164.0,34.0956340956341,317.0,65.9043659043659,330.0,268.0,81.21212121212122,46.0,13.939393939393941,481.0,271.0,89.0,32.84132841328413,20.0,0.0,0.0,190.0,61.0,32.10526315789474
271,1812.0,0.0,1926.0,903.0,37204.0,749.0,531.0,70.89452603471294,218.0,29.10547396528705,1926.0,1017.0,52.80373831775701,764.0,39.66770508826583,0.0,0.0,0.0,0.0,0.0,0.0,119.0,6.178608515057113,26.0,1.3499480789200415,1926.0,1723.0,89.46002076843197,203.0,10.539979231568017,1926.0,322.0,16.71858774662513,168.0,52.17391304347826,154.0,47.82608695652174,1604.0,83.28141225337488,1428.0,89.02743142144638,176.0,10.972568578553615,903.0,749.0,82.94573643410853,154.0,17.05426356589147,812.0,804.0,99.01477832512316,0.0,0.0,0.0,0.0,749.0,271.0,36.18157543391188,210.0,28.037383177570092,268.0,35.78104138851803,1926.0,1714.0,88.99273104880582,212.0,11.007268951194185,1276.0,229.0,17.946708463949843,467.0,36.5987460815047,142.0,11.128526645768025,169.0,13.244514106583072,197.0,15.438871473354233,72.0,5.6426332288401255,481.0,96.0,19.95841995841996,385.0,80.04158004158003,1926.0,1926.0,1596.0,481.0,164.0,34.0956340956341,317.0,65.9043659043659,330.0,268.0,81.21212121212122,46.0,13.939393939393941,481.0,271.0,89.0,32.84132841328413,20.0,0.0,0.0,190.0,61.0,32.10526315789474
272,1817.0,0.0,1926.0,903.0,37204.0,749.0,531.0,70.89452603471294,218.0,29.10547396528705,1926.0,1017.0,52.80373831775701,764.0,39.66770508826583,0.0,0.0,0.0,0.0,0.0,0.0,119.0,6.178608515057113,26.0,1.3499480789200415,1926.0,1723.0,89.46002076843197,203.0,10.539979231568017,1926.0,322.0,16.71858774662513,168.0,52.17391304347826,154.0,47.82608695652174,1604.0,83.28141225337488,1428.0,89.02743142144638,176.0,10.972568578553615,903.0,749.0,82.94573643410853,154.0,17.05426356589147,812.0,804.0,99.01477832512316,0.0,0.0,0.0,0.0,749.0,271.0,36.18157543391188,210.0,28.037383177570092,268.0,35.78104138851803,1926.0,1714.0,88.99273104880582,212.0,11.007268951194185,1276.0,229.0,17.946708463949843,467.0,36.5987460815047,142.0,11.128526645768025,169.0,13.244514106583072,197.0,15.438871473354233,72.0,5.6426332288401255,481.0,96.0,19.95841995841996,385.0,80.04158004158003,1926.0,1926.0,1596.0,481.0,164.0,34.0956340956341,317.0,65.9043659043659,330.0,268.0,81.21212121212122,46.0,13.939393939393941,481.0,271.0,89.0,32.84132841328413,20.0,0.0,0.0,190.0,61.0,32.10526315789474
273,1101.0,0.0,1790.0,998.0,28676.0,720.0,448.0,62.22222222222222,272.0,37.77777777777778,1790.0,968.0,54.07821229050279,789.0,44.07821229050279,0.0,0.0,0.0,0.0,0.0,0.0,0.0,0.0,33.0,1.8435754189944136,1790.0,1790.0,100.0,0.0,0.0,1790.0,360.0,20.11173184357542,284.0,78.88888888888889,76.0,21.11111111111111,1430.0,79.88826815642457,1170.0,81.81818181818183,260.0,18.181818181818183,998.0,720.0,72.14428857715431,278.0,27.85571142284569,888.0,740.0,83.33333333333334,0.0,0.0,0.0,0.0,720.0,314.0,43.611111111111114,129.0,17.916666666666668,277.0,38.47222222222222,1790.0,1659.0,92.68156424581005,131.0,7.318435754189945,1089.0,97.0,8.907254361799815,605.0,55.55555555555556,230.0,21.120293847566572,97.0,8.907254361799815,35.0,3.213957759412305,25.0,2.295684113865932,443.0,97.0,21.896162528216703,346.0,78.1038374717833,1790.0,1761.0,1454.0,443.0,201.0,45.372460496613996,242.0,54.627539503386004,307.0,277.0,90.22801302931596,167.0,54.39739413680782,443.0,314.0,156.0,49.681528662420384,0.0,0.0,999.0,129.0,104.0,80.62015503875969
274,1111.0,0.0,1790.0,998.0,28676.0,720.0,448.0,62.22222222222222,272.0,37.77777777777778,1790.0,968.0,54.07821229050279,789.0,44.07821229050279,0.0,0.0,0.0,0.0,0.0,0.0,0.0,0.0,33.0,1.8435754189944136,1790.0,1790.0,100.0,0.0,0.0,1790.0,360.0,20.11173184357542,284.0,78.88888888888889,76.0,21.11111111111111,1430.0,79.88826815642457,1170.0,81.81818181818183,260.0,18.181818181818183,998.0,720.0,72.14428857715431,278.0,27.85571142284569,888.0,740.0,83.33333333333334,0.0,0.0,0.0,0.0,720.0,314.0,43.611111111111114,129.0,17.916666666666668,277.0,38.47222222222222,1790.0,1659.0,92.68156424581005,131.0,7.318435754189945,1089.0,97.0,8.907254361799815,605.0,55.55555555555556,230.0,21.120293847566572,97.0,8.907254361799815,35.0,3.213957759412305,25.0,2.295684113865932,443.0,97.0,21.896162528216703,346.0,78.1038374717833,1790.0,1761.0,1454.0,443.0,201.0,45.372460496613996,242.0,54.627539503386004,307.0,277.0,90.22801302931596,167.0,54.39739413680782,443.0,314.0,156.0,49.681528662420384,0.0,0.0,999.0,129.0,104.0,80.62015503875969
275,1102.0,0.0,3891.0,1437.0,64955.0,1355.0,1154.0,85.1660516605166,201.0,14.833948339483394,3891.0,2608.0,67.02647134412747,1049.0,26.959650475456183,0.0,0.0,67.0,1.7219223849910048,0.0,0.0,94.0,2.4158314058082753,73.0,1.8761243896170652,3891.0,3740.0,96.11924955024416,151.0,3.8807504497558467,3891.0,190.0,4.883063479825238,97.0,51.05263157894737,93.0,48.94736842105264,3701.0,95.11693652017476,3384.0,91.43474736557687,317.0,8.565252634423128,1437.0,1355.0,94.2936673625609,82.0,5.706332637439109,1975.0,1930.0,97.72151898734177,0.0,0.0,0.0,0.0,1355.0,804.0,59.335793357933575,177.0,13.062730627306273,374.0,27.601476014760145,3797.0,3316.0,87.3321042928628,481.0,12.667895707137214,2570.0,178.0,6.926070038910506,704.0,27.39299610894942,697.0,27.120622568093385,210.0,8.171206225680933,533.0,20.739299610894943,248.0,9.649805447470818,981.0,103.0,10.499490316004078,878.0,89.50050968399592,3891.0,3891.0,3481.0,981.0,361.0,36.799184505606526,620.0,63.20081549439348,410.0,374.0,91.21951219512195,123.0,30.0,981.0,804.0,473.0,58.83084577114428,13.0,0.0,0.0,164.0,77.0,46.95121951219512
276,1106.0,0.0,3891.0,1437.0,64955.0,1355.0,1154.0,85.1660516605166,201.0,14.833948339483394,3891.0,2608.0,67.02647134412747,1049.0,26.959650475456183,0.0,0.0,67.0,1.7219223849910048,0.0,0.0,94.0,2.4158314058082753,73.0,1.8761243896170652,3891.0,3740.0,96.11924955024416,151.0,3.8807504497558467,3891.0,190.0,4.883063479825238,97.0,51.05263157894737,93.0,48.94736842105264,3701.0,95.11693652017476,3384.0,91.43474736557687,317.0,8.565252634423128,1437.0,1355.0,94.2936673625609,82.0,5.706332637439109,1975.0,1930.0,97.72151898734177,0.0,0.0,0.0,0.0,1355.0,804.0,59.335793357933575,177.0,13.062730627306273,374.0,27.601476014760145,3797.0,3316.0,87.3321042928628,481.0,12.667895707137214,2570.0,178.0,6.926070038910506,704.0,27.39299610894942,697.0,27.120622568093385,210.0,8.171206225680933,533.0,20.739299610894943,248.0,9.649805447470818,981.0,103.0,10.499490316004078,878.0,89.50050968399592,3891.0,3891.0,3481.0,981.0,361.0,36.799184505606526,620.0,63.20081549439348,410.0,374.0,91.21951219512195,123.0,30.0,981.0,804.0,473.0,58.83084577114428,13.0,0.0,0.0,164.0,77.0,46.95121951219512
277,1107.0,0.0,3891.0,1437.0,64955.0,1355.0,1154.0,85.1660516605166,201.0,14.833948339483394,3891.0,2608.0,67.02647134412747,1049.0,26.959650475456183,0.0,0.0,67.0,1.7219223849910048,0.0,0.0,94.0,2.4158314058082753,73.0,1.8761243896170652,3891.0,3740.0,96.11924955024416,151.0,3.8807504497558467,3891.0,190.0,4.883063479825238,97.0,51.05263157894737,93.0,48.94736842105264,3701.0,95.11693652017476,3384.0,91.43474736557687,317.0,8.565252634423128,1437.0,1355.0,94.2936673625609,82.0,5.706332637439109,1975.0,1930.0,97.72151898734177,0.0,0.0,0.0,0.0,1355.0,804.0,59.335793357933575,177.0,13.062730627306273,374.0,27.601476014760145,3797.0,3316.0,87.3321042928628,481.0,12.667895707137214,2570.0,178.0,6.926070038910506,704.0,27.39299610894942,697.0,27.120622568093385,210.0,8.171206225680933,533.0,20.739299610894943,248.0,9.649805447470818,981.0,103.0,10.499490316004078,878.0,89.50050968399592,3891.0,3891.0,3481.0,981.0,361.0,36.799184505606526,620.0,63.20081549439348,410.0,374.0,91.21951219512195,123.0,30.0,981.0,804.0,473.0,58.83084577114428,13.0,0.0,0.0,164.0,77.0,46.95121951219512
278,1110.0,0.0,3891.0,1437.0,64955.0,1355.0,1154.0,85.1660516605166,201.0,14.833948339483394,3891.0,2608.0,67.02647134412747,1049.0,26.959650475456183,0.0,0.0,67.0,1.7219223849910048,0.0,0.0,94.0,2.4158314058082753,73.0,1.8761243896170652,3891.0,3740.0,96.11924955024416,151.0,3.8807504497558467,3891.0,190.0,4.883063479825238,97.0,51.05263157894737,93.0,48.94736842105264,3701.0,95.11693652017476,3384.0,91.43474736557687,317.0,8.565252634423128,1437.0,1355.0,94.2936673625609,82.0,5.706332637439109,1975.0,1930.0,97.72151898734177,0.0,0.0,0.0,0.0,1355.0,804.0,59.335793357933575,177.0,13.062730627306273,374.0,27.601476014760145,3797.0,3316.0,87.3321042928628,481.0,12.667895707137214,2570.0,178.0,6.926070038910506,704.0,27.39299610894942,697.0,27.120622568093385,210.0,8.171206225680933,533.0,20.739299610894943,248.0,9.649805447470818,981.0,103.0,10.499490316004078,878.0,89.50050968399592,3891.0,3891.0,3481.0,981.0,361.0,36.799184505606526,620.0,63.20081549439348,410.0,374.0,91.21951219512195,123.0,30.0,981.0,804.0,473.0,58.83084577114428,13.0,0.0,0.0,164.0,77.0,46.95121951219512
279,1112.0,0.0,3891.0,1437.0,64955.0,1355.0,1154.0,85.1660516605166,201.0,14.833948339483394,3891.0,2608.0,67.02647134412747,1049.0,26.959650475456183,0.0,0.0,67.0,1.7219223849910048,0.0,0.0,94.0,2.4158314058082753,73.0,1.8761243896170652,3891.0,3740.0,96.11924955024416,151.0,3.8807504497558467,3891.0,190.0,4.883063479825238,97.0,51.05263157894737,93.0,48.94736842105264,3701.0,95.11693652017476,3384.0,91.43474736557687,317.0,8.565252634423128,1437.0,1355.0,94.2936673625609,82.0,5.706332637439109,1975.0,1930.0,97.72151898734177,0.0,0.0,0.0,0.0,1355.0,804.0,59.335793357933575,177.0,13.062730627306273,374.0,27.601476014760145,3797.0,3316.0,87.3321042928628,481.0,12.667895707137214,2570.0,178.0,6.926070038910506,704.0,27.39299610894942,697.0,27.120622568093385,210.0,8.171206225680933,533.0,20.739299610894943,248.0,9.649805447470818,981.0,103.0,10.499490316004078,878.0,89.50050968399592,3891.0,3891.0,3481.0,981.0,361.0,36.799184505606526,620.0,63.20081549439348,410.0,374.0,91.21951219512195,123.0,30.0,981.0,804.0,473.0,58.83084577114428,13.0,0.0,0.0,164.0,77.0,46.95121951219512
280,1103.0,0.0,2715.0,1015.0,83400.0,916.0,844.0,92.13973799126637,72.0,7.860262008733625,2715.0,2088.0,76.90607734806629,499.0,18.37937384898711,0.0,0.0,91.0,3.3517495395948433,0.0,0.0,0.0,0.0,37.0,1.3627992633517496,2715.0,2695.0,99.2633517495396,20.0,0.7366482504604052,2677.0,83.0,3.100485618229361,39.0,46.98795180722892,44.0,53.01204819277109,2594.0,96.89951438177063,2448.0,94.3716268311488,146.0,5.628373168851195,1015.0,916.0,90.2463054187192,99.0,9.753694581280788,1323.0,1259.0,95.16250944822373,0.0,0.0,0.0,0.0,916.0,669.0,73.0349344978166,95.0,10.37117903930131,152.0,16.593886462882097,2683.0,2456.0,91.53932165486395,227.0,8.460678345136042,1852.0,253.0,13.660907127429805,399.0,21.544276457883367,461.0,24.892008639308855,109.0,5.885529157667387,420.0,22.67818574514039,210.0,11.339092872570195,764.0,41.0,5.366492146596859,723.0,94.63350785340315,2715.0,2715.0,2522.0,764.0,454.0,59.424083769633505,310.0,40.575916230366495,193.0,152.0,78.75647668393782,74.0,38.34196891191709,764.0,669.0,267.0,39.91031390134529,40.0,19.0,0.47499,55.0,17.0,30.909090909090907
281,1105.0,0.0,2715.0,1015.0,83400.0,916.0,844.0,92.13973799126637,72.0,7.860262008733625,2715.0,2088.0,76.90607734806629,499.0,18.37937384898711,0.0,0.0,91.0,3.3517495395948433,0.0,0.0,0.0,0.0,37.0,1.3627992633517496,2715.0,2695.0,99.2633517495396,20.0,0.7366482504604052,2677.0,83.0,3.100485618229361,39.0,46.98795180722892,44.0,53.01204819277109,2594.0,96.89951438177063,2448.0,94.3716268311488,146.0,5.628373168851195,1015.0,916.0,90.2463054187192,99.0,9.753694581280788,1323.0,1259.0,95.16250944822373,0.0,0.0,0.0,0.0,916.0,669.0,73.0349344978166,95.0,10.37117903930131,152.0,16.593886462882097,2683.0,2456.0,91.53932165486395,227.0,8.460678345136042,1852.0,253.0,13.660907127429805,399.0,21.544276457883367,461.0,24.892008639308855,109.0,5.885529157667387,420.0,22.67818574514039,210.0,11.339092872570195,764.0,41.0,5.366492146596859,723.0,94.63350785340315,2715.0,2715.0,2522.0,764.0,454.0,59.424083769633505,310.0,40.575916230366495,193.0,152.0,78.75647668393782,74.0,38.34196891191709,764.0,669.0,267.0,39.91031390134529,40.0,19.0,0.47499,55.0,17.0,30.909090909090907
282,1509.0,0.0,3162.0,1168.0,84201.0,1168.0,1057.0,90.49657534246576,111.0,9.503424657534246,3162.0,2161.0,68.34282099936749,637.0,20.14547754585705,0.0,0.0,0.0,0.0,0.0,0.0,346.0,10.942441492726122,18.0,0.5692599620493358,3162.0,2816.0,89.05755850727388,346.0,10.942441492726122,3162.0,225.0,7.115749525616698,195.0,86.66666666666667,30.0,13.333333333333334,2937.0,92.88425047438331,2474.0,84.23561457269322,463.0,15.764385427306776,1168.0,1168.0,100.0,0.0,0.0,1430.0,1298.0,90.76923076923077,0.0,0.0,0.0,0.0,1168.0,825.0,70.63356164383562,86.0,7.363013698630137,257.0,22.003424657534246,3112.0,2743.0,88.1426735218509,352.0,11.311053984575835,2309.0,189.0,8.185361628410567,599.0,25.941966219142486,549.0,23.776526634906887,280.0,12.126461671719358,457.0,19.792117799913385,235.0,10.17756604590732,911.0,38.0,4.171240395170143,873.0,95.82875960482986,3162.0,3162.0,2669.0,911.0,568.0,62.34906695938529,343.0,37.65093304061471,193.0,152.0,78.75647668393782,74.0,38.34196891191709,911.0,825.0,254.0,30.787878787878785,48.0,23.0,0.47916,38.0,38.0,100.0
283,1816.0,0.0,3162.0,1168.0,84201.0,1168.0,1057.0,90.49657534246576,111.0,9.503424657534246,3162.0,2161.0,68.34282099936749,637.0,20.14547754585705,0.0,0.0,0.0,0.0,0.0,0.0,346.0,10.942441492726122,18.0,0.5692599620493358,3162.0,2816.0,89.05755850727388,346.0,10.942441492726122,3162.0,225.0,7.115749525616698,195.0,86.66666666666667,30.0,13.333333333333334,2937.0,92.88425047438331,2474.0,84.23561457269322,463.0,15.764385427306776,1168.0,1168.0,100.0,0.0,0.0,1430.0,1298.0,90.76923076923077,0.0,0.0,0.0,0.0,1168.0,825.0,70.63356164383562,86.0,7.363013698630137,257.0,22.003424657534246,3112.0,2743.0,88.1426735218509,352.0,11.311053984575835,2309.0,189.0,8.185361628410567,599.0,25.941966219142486,549.0,23.776526634906887,280.0,12.126461671719358,457.0,19.792117799913385,235.0,10.17756604590732,911.0,38.0,4.171240395170143,873.0,95.82875960482986,3162.0,3162.0,2669.0,911.0,568.0,62.34906695938529,343.0,37.65093304061471,193.0,152.0,78.75647668393782,74.0,38.34196891191709,911.0,825.0,254.0,30.787878787878785,48.0,23.0,0.47916,38.0,38.0,100.0
284,1104.0,0.0,6308.0,2475.0,69113.0,2440.0,2199.0,90.12295081967213,241.0,9.877049180327868,6308.0,4869.0,77.18769816106531,1241.0,19.673430564362715,0.0,0.0,0.0,0.0,0.0,0.0,153.0,2.4254914394419784,45.0,0.7133798351299936,6308.0,6084.0,96.44895370957515,224.0,3.551046290424857,6296.0,445.0,7.067979669631512,356.0,80.0,89.0,20.0,5851.0,92.93202033036849,4885.0,83.49000170910955,966.0,16.509998290890447,2475.0,2440.0,98.58585858585859,35.0,1.4141414141414141,3281.0,3192.0,97.28741237427614,30.0,0.9143553794574825,0.0,0.0,2440.0,1231.0,50.45081967213115,420.0,17.21311475409836,789.0,32.33606557377049,6171.0,5882.0,95.31680440771349,289.0,4.683195592286501,4202.0,180.0,4.283674440742503,898.0,21.3707758210376,1191.0,28.3436458829129,139.0,3.3079485959067108,1223.0,29.105188005711568,571.0,13.588767253688719,1651.0,146.0,8.84312537855845,1505.0,91.15687462144155,6308.0,6308.0,5241.0,1651.0,688.0,41.67171411265899,963.0,58.328285887341,109.0,98.0,89.90825688073394,55.0,50.45871559633027,1651.0,1231.0,688.0,55.88952071486596,0.0,0.0,999.0,420.0,265.0,63.095238095238095
285,1108.0,0.0,6308.0,2475.0,69113.0,2440.0,2199.0,90.12295081967213,241.0,9.877049180327868,6308.0,4869.0,77.18769816106531,1241.0,19.673430564362715,0.0,0.0,0.0,0.0,0.0,0.0,153.0,2.4254914394419784,45.0,0.7133798351299936,6308.0,6084.0,96.44895370957515,224.0,3.551046290424857,6296.0,445.0,7.067979669631512,356.0,80.0,89.0,20.0,5851.0,92.93202033036849,4885.0,83.49000170910955,966.0,16.509998290890447,2475.0,2440.0,98.58585858585859,35.0,1.4141414141414141,3281.0,3192.0,97.28741237427614,30.0,0.9143553794574825,0.0,0.0,2440.0,1231.0,50.45081967213115,420.0,17.21311475409836,789.0,32.33606557377049,6171.0,5882.0,95.31680440771349,289.0,4.683195592286501,4202.0,180.0,4.283674440742503,898.0,21.3707758210376,1191.0,28.3436458829129,139.0,3.3079485959067108,1223.0,29.105188005711568,571.0,13.588767253688719,1651.0,146.0,8.84312537855845,1505.0,91.15687462144155,6308.0,6308.0,5241.0,1651.0,688.0,41.67171411265899,963.0,58.328285887341,109.0,98.0,89.90825688073394,55.0,50.45871559633027,1651.0,1231.0,688.0,55.88952071486596,0.0,0.0,999.0,420.0,265.0,63.095238095238095
286,1109.0,0.0,6308.0,2475.0,69113.0,2440.0,2199.0,90.12295081967213,241.0,9.877049180327868,6308.0,4869.0,77.18769816106531,1241.0,19.673430564362715,0.0,0.0,0.0,0.0,0.0,0.0,153.0,2.4254914394419784,45.0,0.7133798351299936,6308.0,6084.0,96.44895370957515,224.0,3.551046290424857,6296.0,445.0,7.067979669631512,356.0,80.0,89.0,20.0,5851.0,92.93202033036849,4885.0,83.49000170910955,966.0,16.509998290890447,2475.0,2440.0,98.58585858585859,35.0,1.4141414141414141,3281.0,3192.0,97.28741237427614,30.0,0.9143553794574825,0.0,0.0,2440.0,1231.0,50.45081967213115,420.0,17.21311475409836,789.0,32.33606557377049,6171.0,5882.0,95.31680440771349,289.0,4.683195592286501,4202.0,180.0,4.283674440742503,898.0,21.3707758210376,1191.0,28.3436458829129,139.0,3.3079485959067108,1223.0,29.105188005711568,571.0,13.588767253688719,1651.0,146.0,8.84312537855845,1505.0,91.15687462144155,6308.0,6308.0,5241.0,1651.0,688.0,41.67171411265899,963.0,58.328285887341,109.0,98.0,89.90825688073394,55.0,50.45871559633027,1651.0,1231.0,688.0,55.88952071486596,0.0,0.0,999.0,420.0,265.0,63.095238095238095
287,1810.0,0.0,6308.0,2475.0,69113.0,2440.0,2199.0,90.12295081967213,241.0,9.877049180327868,6308.0,4869.0,77.18769816106531,1241.0,19.673430564362715,0.0,0.0,0.0,0.0,0.0,0.0,153.0,2.4254914394419784,45.0,0.7133798351299936,6308.0,6084.0,96.44895370957515,224.0,3.551046290424857,6296.0,445.0,7.067979669631512,356.0,80.0,89.0,20.0,5851.0,92.93202033036849,4885.0,83.49000170910955,966.0,16.509998290890447,2475.0,2440.0,98.58585858585859,35.0,1.4141414141414141,3281.0,3192.0,97.28741237427614,30.0,0.9143553794574825,0.0,0.0,2440.0,1231.0,50.45081967213115,420.0,17.21311475409836,789.0,32.33606557377049,6171.0,5882.0,95.31680440771349,289.0,4.683195592286501,4202.0,180.0,4.283674440742503,898.0,21.3707758210376,1191.0,28.3436458829129,139.0,3.3079485959067108,1223.0,29.105188005711568,571.0,13.588767253688719,1651.0,146.0,8.84312537855845,1505.0,91.15687462144155,6308.0,6308.0,5241.0,1651.0,688.0,41.67171411265899,963.0,58.328285887341,109.0,98.0,89.90825688073394,55.0,50.45871559633027,1651.0,1231.0,688.0,55.88952071486596,0.0,0.0,999.0,420.0,265.0,63.095238095238095
288,1815.0,0.0,6308.0,2475.0,69113.0,2440.0,2199.0,90.12295081967213,241.0,9.877049180327868,6308.0,4869.0,77.18769816106531,1241.0,19.673430564362715,0.0,0.0,0.0,0.0,0.0,0.0,153.0,2.4254914394419784,45.0,0.7133798351299936,6308.0,6084.0,96.44895370957515,224.0,3.551046290424857,6296.0,445.0,7.067979669631512,356.0,80.0,89.0,20.0,5851.0,92.93202033036849,4885.0,83.49000170910955,966.0,16.509998290890447,2475.0,2440.0,98.58585858585859,35.0,1.4141414141414141,3281.0,3192.0,97.28741237427614,30.0,0.9143553794574825,0.0,0.0,2440.0,1231.0,50.45081967213115,420.0,17.21311475409836,789.0,32.33606557377049,6171.0,5882.0,95.31680440771349,289.0,4.683195592286501,4202.0,180.0,4.283674440742503,898.0,21.3707758210376,1191.0,28.3436458829129,139.0,3.3079485959067108,1223.0,29.105188005711568,571.0,13.588767253688719,1651.0,146.0,8.84312537855845,1505.0,91.15687462144155,6308.0,6308.0,5241.0,1651.0,688.0,41.67171411265899,963.0,58.328285887341,109.0,98.0,89.90825688073394,55.0,50.45871559633027,1651.0,1231.0,688.0,55.88952071486596,0.0,0.0,999.0,420.0,265.0,63.095238095238095
