	ASV1	ASV2	ASV3	ASV4	ASV5	ASV6	ASV7	ASV8	ASV9	ASV10	ASV11	ASV12	ASV13	ASV14	ASV15	ASV16	ASV17	ASV18	ASV19	ASV20	ASV21	ASV22	ASV23	ASV24	ASV25	ASV26	ASV27	ASV28	ASV29	ASV30	ASV31	ASV32	ASV33	ASV34	ASV35	ASV36	ASV37	ASV38	ASV39	ASV40	ASV41	ASV42	ASV43	ASV44	ASV45	ASV46	ASV47	ASV48	ASV49	ASV50	ASV51	ASV52	ASV53	ASV54	ASV55	ASV56	ASV57	ASV58	ASV59	ASV60	ASV61	ASV62	ASV63	ASV64	ASV65	ASV66	ASV67	ASV68	ASV69	ASV70	ASV71	ASV72	ASV73	ASV74	ASV75	ASV76	ASV77	ASV78	ASV79	ASV80	ASV81	ASV82	ASV83	ASV84	ASV85	ASV86	ASV87	ASV88	ASV89	ASV90	ASV91	ASV92	ASV93	ASV94	ASV95	ASV96	ASV97	ASV98	ASV99	ASV100	ASV101	ASV102	ASV103	ASV104	ASV105	ASV106	ASV107	ASV108	ASV109	ASV110	ASV111	ASV112	ASV113	ASV114	ASV115	ASV116	ASV117	ASV118	ASV119	ASV120	ASV121	ASV122	ASV123	ASV124	ASV125	ASV126	ASV127	ASV128	ASV129	ASV130	ASV131	ASV132	ASV133	ASV134	ASV135	ASV136	ASV137	ASV138	ASV139	ASV140	ASV141	ASV142	ASV143	ASV144	ASV145	ASV146	ASV147	ASV148	ASV149	ASV150	ASV151	ASV152	ASV153	ASV154	ASV155	ASV156	ASV157	ASV158	ASV159	ASV160	ASV161	ASV162	ASV163	ASV164	ASV165	ASV166	ASV167	ASV168	ASV169	ASV170	ASV171	ASV172	ASV173	ASV174	ASV175	ASV176	ASV177	ASV178	ASV179	ASV180	ASV181	ASV182	ASV183	ASV184	ASV185	ASV186	ASV187	ASV188	ASV189	ASV190	ASV191	ASV192	ASV193	ASV194	ASV195	ASV196	ASV197	ASV198	ASV199	ASV200	ASV201	ASV202	ASV203	ASV204	ASV205	ASV206	ASV207	ASV208	ASV209	ASV210	ASV211	ASV212	ASV213	ASV214	ASV215	ASV216	ASV217	ASV218	ASV219	ASV220	ASV221	ASV222	ASV223	ASV224	ASV225	ASV226	ASV227	ASV228	ASV229	ASV230	ASV231	ASV232	ASV233	ASV234	ASV235	ASV236	ASV237	ASV238	ASV239	ASV240	ASV241	ASV242	ASV243	ASV244	ASV245	ASV246	ASV247	ASV248	ASV249	ASV250	ASV251	ASV252	ASV253	ASV254	ASV255	ASV256	ASV257	ASV258	ASV259	ASV260	ASV261	ASV262	ASV263	ASV264	ASV265	ASV266	ASV267	ASV268	ASV269	ASV270	ASV271	ASV272	ASV273	ASV274	ASV275	ASV276	ASV277	ASV278	ASV279	ASV280	ASV281	ASV282	ASV283	ASV284	ASV285	ASV286	ASV287	ASV288	ASV289	ASV290	ASV291	ASV292	ASV293	ASV294	ASV295	ASV296	ASV297	ASV298	ASV299	ASV300	ASV301	ASV302	ASV303	ASV304	ASV305	ASV306	ASV307	ASV308	ASV309	ASV310	ASV311	ASV312	ASV313	ASV314	ASV315	ASV316	ASV317	ASV318	ASV319	ASV320	ASV321	ASV322	ASV323	ASV324	ASV325	ASV326	ASV327	ASV328	ASV329	ASV330	ASV331	ASV332	ASV333	ASV334	ASV335	ASV336	ASV337	ASV338	ASV339	ASV340	ASV341	ASV342	ASV343	ASV344	ASV345	ASV346	ASV347	ASV348	ASV349	ASV350	ASV351	ASV352	ASV353	ASV354	ASV355	ASV356	ASV357	ASV358	ASV359	ASV360	ASV361	ASV362	ASV363	ASV364	ASV365	ASV366	ASV367	ASV368	ASV369	ASV370	ASV371	ASV372	ASV373	ASV374	ASV375	ASV376	ASV377	ASV378	ASV379	ASV380	ASV381	ASV382	ASV383	ASV384	ASV385	ASV386	ASV387	ASV388	ASV389	ASV390	ASV391	ASV392	ASV393	ASV394	ASV395	ASV396	ASV397	ASV398	ASV399	ASV400	ASV401	ASV402	ASV403	ASV404	ASV405	ASV406	ASV407	ASV408	ASV409	ASV410	ASV411	ASV412	ASV413	ASV414	ASV415	ASV416	ASV417	ASV418	ASV419	ASV420	ASV421	ASV422	ASV423	ASV424	ASV425	ASV426	ASV427	ASV428	ASV429	ASV430	ASV431	ASV432	ASV433	ASV434	ASV435	ASV436	ASV437	ASV438	ASV439	ASV440	ASV441	ASV442	ASV443	ASV444	ASV445	ASV446	ASV447	ASV448	ASV449	ASV450	ASV451	ASV452	ASV453	ASV454	ASV455	ASV456	ASV457	ASV458	ASV459	ASV460	ASV461	ASV462	ASV463	ASV464	ASV465	ASV466	ASV467	ASV468	ASV469	ASV470	ASV471	ASV472	ASV473	ASV474	ASV475	ASV476	ASV477	ASV478	ASV479	ASV480	ASV481	ASV482	ASV483	ASV484	ASV485	ASV486	ASV487	ASV488	ASV489	ASV490	ASV491	ASV492	ASV493	ASV494	ASV495	ASV496	ASV497	ASV498	ASV499	ASV500	ASV501	ASV502	ASV503	ASV504	ASV505	ASV506	ASV507	ASV508	ASV509	ASV510	ASV511	ASV512	ASV513	ASV514	ASV515	ASV516	ASV517	ASV518	ASV519	ASV520	ASV521	ASV522	ASV523	ASV524	ASV525	ASV526	ASV527	ASV528	ASV529	ASV530	ASV531	ASV532	ASV533	ASV534	ASV535	ASV536	ASV537	ASV538	ASV539	ASV540	ASV541	ASV542	ASV543	ASV544	ASV545	ASV546	ASV547	ASV548	ASV549	ASV550	ASV551	ASV552	ASV553	ASV554	ASV555	ASV556	ASV557	ASV558	ASV559	ASV560	ASV561	ASV562	ASV563	ASV564	ASV565	ASV566	ASV567	ASV568	ASV569	ASV570	ASV571	ASV572	ASV573	ASV574	ASV575	ASV576	ASV577	ASV578	ASV579	ASV580	ASV581	ASV582	ASV583	ASV584	ASV585	ASV586	ASV587	ASV588	ASV589	ASV590	ASV591	ASV592	ASV593	ASV594	ASV595	ASV596	ASV597	ASV598	ASV599	ASV600	ASV601	ASV602	ASV603	ASV604	ASV605	ASV606	ASV607	ASV608	ASV609	ASV610	ASV611	ASV612	ASV613	ASV614	ASV615	ASV616	ASV617	ASV618	ASV619	ASV620	ASV621	ASV622	ASV623	ASV624	ASV625	ASV626	ASV627	ASV628	ASV629	ASV630	ASV631	ASV632	ASV633	ASV634	ASV635	ASV636	ASV637	ASV638	ASV639	ASV640	ASV641	ASV642	ASV643	ASV644	ASV645	ASV646	ASV647	ASV648	ASV649	ASV650	ASV651	ASV652	ASV653	ASV654	ASV655	ASV656	ASV657	ASV658	ASV659	ASV660	ASV661	ASV662	ASV663	ASV664	ASV665	ASV666	ASV667	ASV668	ASV669	ASV670	ASV671	ASV672	ASV673	ASV674	ASV675	ASV676	ASV677	ASV678	ASV679	ASV680	ASV681	ASV682	ASV683	ASV684	ASV685	ASV686	ASV687	ASV688	ASV689	ASV690	ASV691	ASV692	ASV693	ASV694	ASV695	ASV696	ASV697	ASV698	ASV699	ASV700	ASV701	ASV702	ASV703	ASV704	ASV705	ASV706	ASV707	ASV708	ASV709	ASV710	ASV711	ASV712	ASV713	ASV714	ASV715	ASV716	ASV717	ASV718	ASV719	ASV720	ASV721	ASV722	ASV723	ASV724	ASV725	ASV726	ASV727	ASV728	ASV729	ASV730	ASV731	ASV732	ASV733	ASV734	ASV735	ASV736	ASV737	ASV738	ASV739	ASV740	ASV741	ASV742	ASV743	ASV744	ASV745	ASV746	ASV747	ASV748	ASV749	ASV750	ASV751	ASV752	ASV753	ASV754	ASV755	ASV756	ASV757	ASV758	ASV759	ASV760	ASV761	ASV762	ASV763	ASV764	ASV765	ASV766	ASV767	ASV768	ASV769	ASV770	ASV771	ASV772	ASV773	ASV774	ASV775	ASV776	ASV777	ASV778	ASV779	ASV780	ASV781	ASV782	ASV783	ASV784	ASV785	ASV786	ASV787	ASV788	ASV789	ASV790	ASV791	ASV792	ASV793	ASV794	ASV795	ASV796	ASV797	ASV798	ASV799	ASV800	ASV801	ASV802	ASV803	ASV804	ASV805	ASV806	ASV807	ASV808	ASV809	ASV810	ASV811	ASV812	ASV813	ASV814	ASV815	ASV816	ASV817	ASV818	ASV819	ASV820	ASV821	ASV822	ASV823	ASV824	ASV825	ASV826	ASV827	ASV828	ASV829	ASV830	ASV831	ASV832	ASV833	ASV834	ASV835	ASV836	ASV837	ASV838	ASV839	ASV840	ASV841	ASV842	ASV843	ASV844	ASV845	ASV846	ASV847	ASV848	ASV849	ASV850	ASV851	ASV852	ASV853	ASV854	ASV855	ASV856	ASV857	ASV858	ASV859	ASV860	ASV861	ASV862	ASV863	ASV864	ASV865	ASV866	ASV867	ASV868	ASV869	ASV870	ASV871	ASV872	ASV873	ASV874	ASV875	ASV876	ASV877	ASV878	ASV879	ASV880	ASV881	ASV882	ASV883	ASV884	ASV885	ASV886	ASV887	ASV888	ASV889	ASV890	ASV891	ASV892	ASV893	ASV894	ASV895	ASV896	ASV897	ASV898	ASV899	ASV900	ASV901	ASV902	ASV903	ASV904	ASV905	ASV906	ASV907	ASV908	ASV909	ASV910	ASV911	ASV912	ASV913	ASV914	ASV915	ASV916	ASV917	ASV918	ASV919	ASV920	ASV921	ASV922	ASV923	ASV924	ASV925	ASV926	ASV927	ASV928	ASV929	ASV930	ASV931	ASV932	ASV933	ASV934	ASV935	ASV936	ASV937	ASV938	ASV939	ASV940	ASV941	ASV942	ASV943	ASV944	ASV945	ASV946	ASV947	ASV948	ASV949	ASV950	ASV951	ASV952	ASV953	ASV954	ASV955	ASV956	ASV957	ASV958	ASV959	ASV960	ASV961	ASV962	ASV963	ASV964	ASV965	ASV966	ASV967	ASV968	ASV969	ASV970	ASV971	ASV972	ASV973	ASV974	ASV975	ASV976	ASV977	ASV978	ASV979	ASV980	ASV981	ASV982	ASV983	ASV984	ASV985	ASV986	ASV987	ASV988	ASV989	ASV990	ASV991	ASV992	ASV993	ASV994	ASV995	ASV996	ASV997	ASV998	ASV999	ASV1000	ASV1001	ASV1002	ASV1003	ASV1004	ASV1005	ASV1006	ASV1007	ASV1008	ASV1009	ASV1010	ASV1011	ASV1012	ASV1013	ASV1014	ASV1015	ASV1016	ASV1017	ASV1018	ASV1019	ASV1020	ASV1021	ASV1022	ASV1023	ASV1024	ASV1025	ASV1026	ASV1027	ASV1028	ASV1029	ASV1030	ASV1031	ASV1032	ASV1033	ASV1034	ASV1035	ASV1036	ASV1037	ASV1038	ASV1039	ASV1040	ASV1041	ASV1042	ASV1043	ASV1044	ASV1045	ASV1046	ASV1047	ASV1048	ASV1049	ASV1050	ASV1051	ASV1052	ASV1053	ASV1054	ASV1055	ASV1056	ASV1057	ASV1058	ASV1059	ASV1060	ASV1061	ASV1062	ASV1063	ASV1064	ASV1065	ASV1066	ASV1067	ASV1068	ASV1069	ASV1070	ASV1071	ASV1072	ASV1073	ASV1074	ASV1075	ASV1076	ASV1077	ASV1078	ASV1079	ASV1080	ASV1081	ASV1082	ASV1083	ASV1084	ASV1085	ASV1086	ASV1087	ASV1088	ASV1089	ASV1090	ASV1091	ASV1092	ASV1093	ASV1094	ASV1095	ASV1096	ASV1097	ASV1098	ASV1099	ASV1100	ASV1101	ASV1102	ASV1103	ASV1104	ASV1105	ASV1106	ASV1107	ASV1108	ASV1109	ASV1110	ASV1111	ASV1112	ASV1113	ASV1114	ASV1115	ASV1116	ASV1117	ASV1118	ASV1119	ASV1120	ASV1121	ASV1122	ASV1123	ASV1124	ASV1125	ASV1126	ASV1127	ASV1128	ASV1129	ASV1130	ASV1131	ASV1132	ASV1133	ASV1134	ASV1135	ASV1136	ASV1137	ASV1138	ASV1139	ASV1140	ASV1141	ASV1142	ASV1143	ASV1144	ASV1145	ASV1146	ASV1147	ASV1148	ASV1149	ASV1150	ASV1151	ASV1152	ASV1153	ASV1154	ASV1155	ASV1156	ASV1157	ASV1158	ASV1159	ASV1160	ASV1161	ASV1162	ASV1163	ASV1164	ASV1165	ASV1166	ASV1167	ASV1168	ASV1169	ASV1170	ASV1171	ASV1172	ASV1173	ASV1174	ASV1175	ASV1176	ASV1177	ASV1178	ASV1179	ASV1180	ASV1181	ASV1182	ASV1183	ASV1184	ASV1185	ASV1186	ASV1187	ASV1188	ASV1189	ASV1190	ASV1191	ASV1192	ASV1193	ASV1194	ASV1195	ASV1196	ASV1197	ASV1198	ASV1199	ASV1200	ASV1201	ASV1202	ASV1203	ASV1204	ASV1205	ASV1206	ASV1207	ASV1208	ASV1209	ASV1210	ASV1211	ASV1212	ASV1213	ASV1214	ASV1215	ASV1216	ASV1217	ASV1218	ASV1219	ASV1220	ASV1221	ASV1222	ASV1223	ASV1224	ASV1225	ASV1226	ASV1227	ASV1228	ASV1229	ASV1230	ASV1231	ASV1232	ASV1233	ASV1234	ASV1235	ASV1236	ASV1237	ASV1238	ASV1239	ASV1240	ASV1241	ASV1242	ASV1243	ASV1244	ASV1245	ASV1246	ASV1247	ASV1248	ASV1249	ASV1250	ASV1251	ASV1252	ASV1253
W1x1102	0	0	0	0	0	0	0	0	11	0	0	0	0	0	0	0	11	0	0	0	0	0	0	0	0	0	0	0	0	0	0	0	0	0	0	0	0	0	0	0	0	0	4	0	0	0	0	0	0	0	0	0	0	0	0	0	0	0	0	30	0	0	0	0	0	0	0	0	0	0	0	0	0	0	0	0	0	0	0	0	0	0	0	0	0	0	0	0	0	0	0	0	644	25	0	8	0	0	0	0	0	0	0	0	0	0	0	0	0	0	0	0	0	0	0	0	144	0	153	0	0	0	0	0	0	75	0	0	22	0	0	0	0	0	0	0	0	0	0	0	0	0	0	0	0	0	0	0	0	0	0	0	0	0	0	0	0	0	0	74	0	0	0	0	0	48	12	0	0	0	0	0	0	0	0	0	0	0	0	0	92	0	0	0	0	0	0	0	437	0	0	0	0	0	0	0	0	0	0	0	0	0	72	0	51	0	0	0	0	0	0	0	0	0	0	0	0	0	0	0	0	0	0	0	0	0	0	0	0	0	0	0	0	0	0	0	0	0	0	0	0	0	0	0	0	0	0	0	2	0	0	13	0	0	68	23	0	0	0	0	0	0	0	0	0	0	0	0	0	0	4	0	0	0	98	99	0	194	0	72	63	427	0	0	0	0	0	0	0	0	0	0	0	0	0	0	0	0	0	0	0	0	0	0	0	0	60	0	0	0	0	0	0	0	0	0	0	0	0	0	233	85	0	609	203	0	0	0	0	231	0	0	0	0	0	0	0	0	0	0	0	0	0	0	0	45	0	0	0	0	24	51	0	0	0	0	0	0	0	0	0	0	28	0	0	0	0	0	0	0	0	0	0	0	0	0	0	0	9	0	0	0	0	0	0	0	0	296	0	0	0	0	34	0	0	0	147	0	0	0	0	0	0	0	0	169	0	0	0	0	0	0	92	0	0	0	0	0	0	0	489	92	0	0	955	7	1015	0	272	237	0	0	0	0	0	0	0	0	0	0	0	0	0	0	7	0	0	0	0	0	0	0	0	0	0	0	0	0	0	595	0	0	170	0	950	271	8269	2597	471	0	322	509	1988	0	0	0	0	0	0	0	0	0	0	0	0	0	0	0	20	0	0	0	0	0	0	0	0	0	4	0	0	0	0	0	0	0	0	0	0	0	0	0	0	3	0	0	0	0	0	0	0	0	0	0	0	0	0	0	0	0	0	0	0	0	0	0	0	0	0	0	0	0	0	0	0	0	0	0	0	0	0	0	0	0	0	0	0	0	0	0	0	0	0	0	0	0	0	0	0	0	0	0	0	0	0	0	0	0	0	0	30	0	0	0	0	0	0	0	0	0	0	0	0	0	0	0	0	0	0	0	0	0	0	0	0	0	0	0	0	0	0	0	0	0	0	0	0	0	0	0	0	0	0	0	0	0	0	0	20	17	0	0	0	0	0	0	0	0	0	0	0	0	0	0	0	0	0	0	0	0	0	0	0	0	0	0	0	0	0	0	0	0	0	0	0	0	0	0	0	0	0	7	0	0	0	0	0	0	0	0	0	14	0	0	0	0	23	431	103	0	5	0	0	0	0	0	0	0	0	0	0	0	0	0	61	179	0	0	0	0	0	0	0	0	5	26	0	0	0	0	641	0	100	0	28	0	0	0	0	0	0	0	0	0	0	0	0	0	0	0	0	0	0	0	0	0	0	0	0	0	0	0	0	0	0	0	0	0	0	0	0	0	0	0	0	0	0	0	0	0	0	0	0	0	0	0	0	0	0	0	0	0	0	0	0	0	0	0	39	5	0	0	0	0	0	0	0	0	0	0	0	0	0	0	0	0	0	0	0	0	0	0	32	0	0	0	0	0	0	0	12	11	0	0	0	0	0	0	85	5	200	0	10	0	19	0	7	0	0	0	0	0	0	0	0	0	0	0	0	0	0	0	0	0	0	0	0	0	0	0	9	272	0	0	0	10	1037	0	0	0	0	0	0	0	0	0	0	0	0	0	0	0	0	0	0	0	0	13	0	0	0	0	27	0	0	77	367	0	0	0	169	0	0	0	0	0	0	0	0	0	0	11	0	0	0	0	0	0	160	0	664	118	0	0	0	0	0	0	0	0	0	4	0	0	0	0	0	0	0	0	0	0	0	0	0	0	0	0	0	0	9	0	0	0	0	0	0	34	10	0	0	4	1990	0	0	0	0	482	0	31	0	0	0	0	0	0	0	0	211	0	17	2	0	0	0	0	0	0	0	0	0	33	0	0	0	0	0	60	494	0	0	0	0	246	6	0	0	0	13	0	0	0	0	0	0	0	0	0	0	0	0	0	0	0	0	0	0	0	0	3283	0	929	0	610	697	434	0	0	0	0	0	0	0	0	0	0	0	0	0	0	0	0	330	0	13	0	0	0	0	0	0	0	0	0	0	209	0	0	0	0	0	0	0	0	683	14	0	561	0	0	0	0	200	404	0	0	0	0	0	0	0	0	0	0	0	0	0	0	0	0	0	0	0	0	0	0	0	0	0	0	0	0	0	0	0	0	0	0	0	0	0	0	0	0	0	0	0	0	0	0	0	0	0	0	0	0	0	0	0	0	0	0	0	0	0	0	0	0	0	0	7	0	0	0	0	4	0	0	0	0	0	0	0	0	0	0	0	0	0	0	0	0	0	0	0	0	93	0	0	0	0	0	0	0	0	0	0	0	0	0	0	0	0	0	0	0	0	0	0	0	0	0	0	0	0	0	0	0	0	0	0	0	0	0	0	23	246	0	0	0	0	0	0	0	0	0	0	0	0	31	0	0	0	0	0	0	0	0	0	96	0	0	16	0	0	0	52	0	0	0	0	0	93
W1x1103	0	0	0	0	0	0	0	0	0	0	0	23	0	0	0	0	0	0	0	0	0	0	16	0	0	15	0	0	0	0	0	0	0	0	0	0	0	0	0	0	0	0	0	0	0	0	0	0	0	0	0	2	0	0	0	0	0	0	0	115	0	0	0	0	0	0	0	0	0	0	0	0	0	0	0	0	0	0	0	0	0	0	0	0	0	0	0	0	0	0	0	0	0	21	0	0	0	54	0	0	0	0	0	0	0	0	0	0	0	0	0	0	0	0	0	0	0	256	84	0	0	0	0	0	0	0	0	0	191	0	0	35	0	0	33	0	0	0	0	0	0	0	0	0	0	0	0	0	0	0	0	0	0	0	0	0	0	0	0	10	0	0	12	0	0	9	0	0	0	0	0	0	0	0	0	0	313	21	12	24	0	0	0	0	0	0	0	0	0	50	0	0	0	286	0	17	0	0	0	0	210	73	58	12	25	0	151	0	45	86	0	0	70	0	0	0	19	0	0	0	0	0	5	0	0	0	0	0	0	0	0	0	0	0	0	322	0	0	0	0	0	0	0	0	293	0	0	0	0	54	313	22	146	48	94	0	0	0	0	0	0	8	0	0	0	0	0	0	0	0	0	21	0	73	0	0	81	66	361	149	103	99	60	0	387	0	0	0	9	0	0	0	0	0	0	0	0	0	0	0	0	0	73	0	0	0	25	21	0	0	0	0	0	0	0	0	0	0	0	0	0	49	22	104	116	8	0	0	0	95	0	6	0	0	0	0	0	0	0	0	0	0	0	0	0	0	182	157	37	0	0	94	0	0	0	0	0	0	0	0	381	0	0	17	0	113	5	0	0	0	0	0	0	0	0	0	0	0	0	0	11	0	0	0	0	0	0	0	0	0	0	0	7	0	0	0	57	0	18	408	124	0	53	19	0	6	21	0	0	0	29	0	36	0	0	0	0	0	0	0	159	899	0	96	145	260	139	0	134	207	0	138	0	0	0	0	0	0	0	0	0	0	0	0	0	0	0	0	0	0	0	0	0	0	0	0	0	0	0	0	0	0	117	6792	325	65	2482	422	538	0	73	222	8984	0	0	0	0	0	0	0	0	0	0	0	0	18	0	0	0	0	0	0	0	0	0	0	0	0	11	0	0	0	0	0	0	0	0	0	0	0	0	0	0	0	0	0	0	0	0	0	0	0	0	0	0	0	0	0	0	0	0	0	0	0	0	0	0	0	0	0	0	0	0	0	0	0	0	0	0	0	0	0	0	0	0	0	5	0	4	58	18	38	0	0	0	58	0	0	0	0	0	0	0	0	0	0	0	0	0	0	22	0	0	22	0	0	0	0	0	0	56	0	0	0	0	0	0	0	0	0	0	0	0	0	0	0	57	0	0	0	8	0	0	0	0	0	615	0	0	0	0	0	0	0	0	32	0	50	39	58	15	0	0	92	108	0	0	0	0	0	7	0	0	34	0	0	0	0	0	0	0	0	0	0	0	0	0	0	0	0	0	0	86	0	0	0	0	0	0	38	0	0	0	0	27	0	0	0	0	0	0	162	0	12	24	0	145	0	0	0	0	0	0	0	0	0	0	0	0	0	0	0	0	0	0	0	0	0	0	0	2	0	0	0	0	45	0	0	0	0	0	0	40	0	0	0	0	0	0	0	0	0	0	0	0	0	0	0	0	0	0	0	0	0	0	0	0	0	0	0	0	0	0	0	6	0	0	0	53	0	0	0	0	0	0	0	0	0	0	10	0	0	0	0	0	0	0	0	0	0	0	89	0	0	0	0	42	89	24	37	69	0	22	679	0	0	0	0	0	0	0	0	0	0	0	0	0	0	0	0	0	0	0	0	45	56	0	0	0	0	0	52	0	0	0	0	0	42	218	75	180	0	6	0	41	276	0	0	0	0	0	0	0	0	0	0	0	0	0	0	0	0	0	0	0	0	0	2	0	0	62	0	0	0	72	0	0	0	0	0	0	0	0	0	0	0	0	0	0	0	0	0	198	0	0	0	47	8	0	41	0	477	14	0	0	191	175	104	2130	10	65	147	0	0	0	0	0	0	0	0	0	0	0	0	0	0	0	0	38	0	0	44	0	327	14	13	0	0	0	0	0	0	0	0	0	0	0	0	0	0	0	0	0	0	0	0	0	0	0	0	0	0	0	0	67	0	38	0	164	0	0	0	0	457	0	0	163	49	0	0	0	0	0	0	19	0	0	0	0	0	0	0	0	0	0	0	0	0	0	0	0	0	0	90	0	307	0	0	40	0	0	92	27	41	2	0	0	0	0	0	0	0	0	172	0	125	13	0	0	0	0	0	0	0	0	0	0	502	1048	242	22	269	90	963	180	148	0	0	0	0	0	0	0	0	0	0	0	0	0	0	0	5	102	0	13	89	0	0	12	22	0	0	0	160	0	55	0	0	0	0	144	66	57	0	162	294	647	31	101	20	27	0	74	122	0	0	4	0	0	0	0	0	0	0	0	0	0	19	0	0	0	0	0	0	0	0	0	5	0	0	0	0	0	0	0	9	6	0	0	0	0	0	0	0	0	0	0	0	8	0	17	0	0	0	0	0	0	0	0	0	0	0	0	0	0	0	0	0	0	0	0	0	0	0	0	0	29	0	0	0	0	0	0	0	0	0	0	0	0	0	0	0	3	0	0	0	0	0	0	0	0	0	0	0	0	0	0	0	0	0	0	0	0	0	0	0	0	0	0	0	0	0	0	0	0	0	0	0	0	0	0	0	0	0	0	23	0	48	22	227	0	0	4	0	0	0	0	0	0	0	0	0	0	0	0	0	0	0	0	13	0	51	0	0	54	0	20	0	13	0	0	0	0
W1x1106	0	0	0	0	0	0	0	0	0	0	0	0	0	0	0	0	0	0	0	0	0	0	0	0	0	15	0	0	0	0	0	0	0	0	0	0	0	0	0	0	0	0	0	0	0	0	0	0	0	0	0	0	0	0	0	0	0	0	0	0	0	0	0	0	0	0	0	0	0	0	0	0	0	0	0	0	0	0	0	0	0	0	0	0	0	0	0	0	0	0	0	191	0	27	0	17	0	0	0	0	0	0	4	0	0	0	0	0	0	0	0	0	0	22	0	0	0	0	0	0	0	0	0	0	37	27	0	0	0	0	155	30	0	0	0	0	0	0	0	0	0	0	0	0	0	0	0	0	0	0	0	0	0	0	0	0	0	0	0	0	0	0	0	0	0	0	0	0	0	18	0	0	0	57	0	0	0	15	0	0	0	0	0	0	0	0	0	0	0	0	0	0	0	0	0	0	0	0	0	0	0	0	69	366	83	0	0	0	0	0	0	0	0	0	0	0	0	0	0	0	0	0	0	12	0	0	0	0	0	0	0	0	0	0	0	0	0	0	0	0	0	18	0	0	0	0	0	21	0	132	0	120	8	0	103	83	954	0	0	0	0	0	0	0	0	0	0	0	0	32	0	28	0	0	0	0	0	195	672	70	168	517	56	0	36	0	0	0	0	0	0	0	0	0	0	0	0	0	0	401	0	0	0	232	31	667	0	0	118	0	0	0	0	0	0	668	0	0	0	0	0	0	5	151	95	22	0	107	0	48	0	0	0	0	0	0	0	0	0	0	0	0	0	0	0	89	0	0	0	0	200	0	0	0	0	0	0	0	0	0	0	15	0	0	0	0	0	0	0	0	0	0	0	0	0	0	0	0	0	0	0	0	0	0	0	0	0	0	0	0	0	0	0	0	0	0	0	0	0	0	0	200	0	0	0	42	0	0	0	0	0	0	0	0	0	0	0	0	3	0	121	829	0	366	0	29	179	171	46	285	0	0	0	0	13	0	0	0	0	0	0	0	0	0	0	0	0	0	0	0	0	0	0	0	0	0	0	0	0	0	0	0	154	0	207	11675	918	340	459	4059	1001	1088	70	0	0	0	0	0	0	0	0	9	0	0	0	0	0	0	0	0	0	0	0	0	0	0	0	0	0	0	0	0	0	0	0	0	0	0	0	0	0	0	0	0	0	0	0	0	0	0	0	0	0	0	0	0	0	0	0	0	0	0	0	0	0	0	0	0	0	0	0	0	0	0	0	0	0	0	0	0	0	0	0	0	0	0	0	0	0	0	0	0	0	0	0	0	0	0	0	0	0	0	0	0	0	18	0	0	0	0	0	0	0	0	0	0	0	0	0	0	0	0	0	0	0	0	0	0	0	0	0	0	0	0	0	0	0	0	0	0	0	0	0	0	0	0	0	0	0	0	0	0	0	0	0	0	0	0	113	58	41	0	38	10	0	0	0	0	0	0	0	0	0	0	0	0	0	0	0	0	0	0	0	0	0	0	0	0	0	0	0	0	0	0	0	0	58	0	0	0	0	0	0	0	0	0	0	0	0	0	0	15	0	0	0	0	0	0	0	0	0	0	0	0	0	47	0	0	0	0	0	0	0	0	0	0	0	0	0	0	0	0	0	0	0	54	0	0	0	0	0	0	0	0	0	0	0	0	0	0	0	0	0	0	0	0	0	0	0	0	0	0	0	0	0	0	0	0	0	0	0	68	0	0	0	0	0	0	0	50	0	0	15	0	0	0	0	0	0	0	0	0	0	0	0	0	0	0	0	0	0	0	0	0	0	0	0	0	94	0	0	0	0	0	0	0	0	0	0	0	0	0	0	0	0	0	0	0	15	0	0	0	0	0	0	0	0	0	0	0	0	363	0	0	19	0	0	68	0	24	0	0	0	0	0	0	16	0	0	0	0	0	0	0	0	0	0	0	28	0	0	0	0	0	0	0	0	0	0	0	33	0	0	0	0	0	0	80	2	0	0	0	0	0	0	0	0	0	0	0	0	0	0	0	0	0	0	0	0	0	0	0	84	20	0	0	0	353	0	101	0	0	0	0	0	0	0	0	0	0	0	0	0	0	0	0	0	0	0	430	0	0	48	12	0	0	0	0	0	0	0	0	0	0	0	0	0	0	0	0	0	0	0	0	0	55	0	0	0	0	0	0	0	0	8	0	0	90	0	0	0	45	97	0	0	0	37	115	0	0	0	0	0	0	0	0	0	0	0	0	0	0	0	0	0	0	0	0	0	0	0	0	0	0	0	49	0	179	0	0	0	0	380	19	0	0	0	0	0	0	0	0	0	0	0	0	44	0	0	0	0	0	0	0	0	0	0	0	172	136	14	0	0	132	121	0	8393	0	0	0	0	0	0	0	0	0	0	0	0	0	0	0	0	0	9	0	0	0	70	0	0	0	0	0	0	79	0	0	0	0	0	0	0	0	0	8	738	0	407	13	64	0	74	0	61	0	0	0	0	0	0	0	0	4	0	0	0	0	0	0	0	0	0	0	0	0	0	0	66	0	0	0	0	0	0	0	0	0	0	0	0	0	0	0	0	0	0	0	0	0	0	0	0	0	0	0	0	0	0	0	0	0	0	0	0	0	0	0	0	0	88	0	0	0	43	0	0	0	0	0	0	0	0	0	0	0	0	0	0	0	0	0	0	0	0	0	0	0	0	0	0	0	0	0	0	0	0	0	0	0	0	0	0	0	0	0	0	0	0	0	0	0	0	0	0	0	0	0	0	0	0	0	0	0	0	21	0	0	0	0	0	0	0	0	0	0	0	0	0	0	0	0	0	0	0	0	0	0	0	397	0	0	0	0	16	0	14	0	0	0	0	0	0
W1x1110	0	0	0	0	0	0	0	0	0	0	0	0	220	0	0	0	36	0	0	0	0	150	102	0	0	0	0	0	0	0	0	0	0	0	0	0	0	0	0	0	0	0	0	0	0	0	0	76	0	0	0	0	0	0	0	0	0	0	0	0	0	0	0	0	0	0	0	92	0	0	0	0	0	0	0	0	0	0	0	0	0	0	0	0	0	0	0	0	0	0	0	0	0	3	0	0	0	597	0	242	0	0	0	0	0	0	0	0	0	0	98	0	0	0	0	0	0	0	19	0	0	0	0	0	0	0	0	0	32	0	0	0	0	0	0	0	0	0	16	0	0	0	0	0	0	0	0	0	0	0	0	0	0	0	0	0	0	0	0	0	0	0	0	0	0	0	0	0	0	0	0	157	0	0	0	0	0	0	0	0	0	0	0	0	0	0	8	0	0	0	0	0	0	0	85	10	0	0	0	19	593	0	15	16	12	7030	0	0	0	218	14	66	0	2	0	0	0	0	0	0	0	0	0	0	0	0	0	0	0	0	0	0	0	0	0	0	0	0	0	0	0	0	0	0	0	0	0	0	0	0	49	8	117	0	0	0	0	0	0	0	0	0	0	0	0	0	0	0	0	0	100	0	0	0	0	0	925	20	0	0	0	0	1418	0	0	0	0	0	0	0	0	0	0	0	0	0	0	0	0	0	0	0	0	0	0	0	0	46	0	0	0	0	0	0	0	0	0	0	0	0	0	0	15	35	0	9	0	0	0	0	0	0	0	0	0	0	0	0	0	0	0	6	0	0	0	0	0	0	0	0	13	3	0	0	0	0	0	0	12	0	0	0	0	2	0	461	0	0	0	0	0	0	0	0	0	0	0	0	0	0	0	0	0	0	0	0	0	0	0	0	0	0	0	0	0	53	0	456	0	56	0	0	0	123	0	0	0	0	0	0	0	0	20	0	0	0	0	0	0	0	0	48	151	0	8	709	0	62	11	0	0	0	0	0	118	0	0	0	0	0	18	0	0	0	0	19	0	0	0	0	0	0	0	0	0	0	0	0	0	0	0	0	15	9	16	19	1714	28	34	0	30	0	4417	0	0	0	0	0	0	0	0	0	0	0	0	0	0	0	0	0	0	0	0	119	0	0	0	0	0	0	0	0	0	0	0	0	0	0	0	0	0	0	0	0	0	0	0	0	0	0	0	0	0	0	0	0	0	0	0	0	0	0	0	79	0	0	0	0	0	0	0	0	0	0	0	0	0	0	0	0	0	0	0	0	0	0	0	0	0	0	0	0	0	0	0	0	0	26	0	0	0	0	0	0	0	0	0	0	0	0	26	0	0	0	0	0	0	0	0	0	0	0	0	0	0	0	0	0	0	0	0	0	0	0	33	0	0	0	0	0	0	0	0	0	0	0	0	20	0	0	0	0	0	0	0	0	0	0	0	12	0	0	0	0	0	19	0	0	0	0	0	0	0	0	0	0	0	0	0	0	0	0	0	0	0	0	0	0	26	0	0	0	0	0	0	0	0	0	0	0	0	0	0	0	20	0	0	0	0	0	0	239	0	156	0	0	93	0	0	15	0	0	0	0	0	10	0	0	0	0	0	0	0	0	0	0	0	0	0	0	0	0	0	0	0	0	0	0	0	0	0	0	10	0	0	0	0	0	0	0	0	0	0	0	0	0	0	0	0	0	0	0	0	0	0	0	0	0	0	0	0	0	0	0	0	0	6	0	0	0	0	0	0	0	0	0	0	0	0	0	0	0	0	0	0	0	0	0	0	0	0	0	0	0	0	0	0	174	0	0	0	0	0	16	0	0	0	0	0	0	0	0	0	0	0	0	0	26	0	0	0	0	0	0	271	0	0	0	0	0	0	4	0	15	395	0	0	119	189	285	0	38	0	0	0	0	0	0	0	0	0	0	0	0	0	0	0	0	0	0	0	0	0	0	0	0	0	0	0	0	0	0	0	0	0	0	0	0	0	0	0	0	0	0	0	0	0	0	0	0	0	0	224	0	0	0	0	7	0	0	0	0	0	0	0	0	110	0	160	0	26	0	0	0	0	0	0	279	0	0	0	0	0	0	0	0	0	0	0	0	0	0	0	83	0	27	0	0	261	0	0	0	0	0	0	0	0	0	0	0	0	0	0	0	0	0	0	0	0	11	15	0	10	0	0	0	0	0	293	0	0	0	0	0	0	0	120	0	0	0	0	0	0	0	0	0	0	0	0	0	0	64	0	0	0	0	0	0	0	115	0	0	0	0	453	2308	0	0	0	2405	0	0	0	0	0	0	0	0	0	0	0	0	0	0	0	0	0	174	0	0	0	0	0	0	0	0	0	31	773	18	67	0	0	68	0	40	0	0	0	0	0	0	0	0	0	0	0	0	0	15	0	0	0	0	0	0	0	0	52	0	0	0	0	604	0	0	0	0	0	0	101	0	0	0	122	798	0	0	17	44	0	0	0	15	0	0	0	0	0	0	0	0	0	0	0	0	0	0	0	0	0	0	0	31	0	0	0	0	0	0	0	0	0	0	0	0	0	0	0	0	0	0	0	0	0	0	0	0	0	0	0	0	0	0	0	0	0	0	0	0	0	113	0	0	0	0	0	0	0	0	24	0	0	0	0	124	0	0	0	0	0	0	0	0	0	0	0	0	0	0	0	32	0	0	0	0	135	0	0	0	0	0	0	0	0	0	0	0	0	0	0	0	0	0	0	0	0	0	7	0	0	6	0	0	0	0	0	0	0	0	0	0	0	0	0	0	0	32	0	16	0	0	0	0	0	0	0	0	0	0	0	0	0	0	0	0	0	0	0	0	642	112	0	0	0	133	33	0	0	6	0	0	0
W1x1201	0	0	0	0	0	0	0	0	0	0	0	95	0	0	0	0	0	0	0	0	0	0	0	0	0	0	0	0	0	0	0	0	0	0	10	0	0	0	0	0	0	0	0	0	0	0	0	0	0	0	0	0	0	0	0	0	0	0	0	0	0	0	0	0	0	0	0	0	16	0	0	0	0	0	0	0	0	0	0	0	0	0	0	0	0	0	0	33	0	0	0	0	0	0	0	0	0	0	0	0	0	0	0	0	0	0	0	0	0	0	0	0	0	0	0	0	0	0	102	366	0	0	0	0	0	0	62	0	0	0	0	0	0	0	0	0	0	0	0	0	0	0	0	0	0	0	0	0	12	0	0	8	0	0	0	0	0	0	0	0	0	0	0	0	0	44	0	0	0	0	0	142	0	0	0	0	0	24	5	0	0	0	0	0	0	0	0	0	0	15	0	0	0	120	149	0	0	0	69	0	581	0	329	0	51	0	0	0	0	0	55	0	0	0	0	72	0	0	0	0	0	0	10	0	0	0	0	0	0	0	0	0	0	15	0	0	0	16	0	0	7	0	0	0	0	0	0	10	0	0	130	0	651	58	305	78	0	0	0	0	0	0	9	5	100	0	0	0	0	0	32	0	55	0	51	166	71	39	178	68	647	110	618	211	314	0	0	15	0	0	0	0	0	0	0	0	0	0	0	0	15	0	0	0	0	0	112	0	0	0	0	0	18	0	0	110	0	0	0	0	0	677	11	84	466	193	0	0	0	71	25	22	0	0	0	0	0	0	0	0	0	8	0	0	0	99	0	0	0	0	0	151	0	0	0	0	0	0	0	0	0	0	0	0	0	0	177	0	0	0	0	0	0	0	0	0	6	0	0	0	0	0	0	0	0	14	0	0	0	122	0	0	112	61	0	0	0	41	219	154	92	0	269	120	0	110	0	0	0	0	0	0	50	0	0	73	0	0	18	0	550	350	0	0	358	104	77	996	44	172	0	0	0	0	0	0	0	0	219	0	0	0	0	0	23	0	0	0	0	0	0	0	0	0	0	0	85	0	0	0	0	97	45	20	479	117	2735	234	226	0	168	129	413	0	0	0	0	0	0	0	0	0	0	0	0	0	0	0	0	44	0	0	0	13	0	0	58	0	0	0	0	0	0	0	0	0	0	0	0	0	0	0	0	0	0	0	0	0	0	0	0	0	0	0	0	0	0	0	13	0	0	0	0	0	0	0	0	0	0	0	0	0	0	0	0	0	0	0	0	0	0	0	0	0	0	0	0	0	0	97	0	32	0	0	5	0	0	0	0	0	27	0	41	0	0	0	0	0	0	0	0	0	0	0	0	0	0	0	0	0	40	0	0	0	26	0	0	0	0	0	71	0	0	0	0	0	44	0	8	0	18	0	0	0	17	0	3325	142	0	0	0	0	0	0	0	0	0	0	17	0	104	0	0	111	93	0	0	0	0	0	11	7	0	0	0	0	0	0	0	0	0	0	0	0	0	0	0	38	0	0	0	0	0	0	0	0	0	0	0	0	0	0	0	0	0	0	0	0	0	0	0	46	0	84	0	0	24	0	0	0	0	0	0	0	0	20	281	26	0	0	0	0	0	0	0	0	0	0	0	0	5	0	0	0	0	60	0	0	113	0	0	0	45	8	0	0	0	0	0	0	0	0	0	0	0	0	0	0	0	23	0	0	0	0	0	0	0	0	0	0	0	0	0	0	0	0	0	73	0	0	0	0	34	0	0	0	0	0	0	0	0	0	0	0	0	0	0	0	0	0	0	65	0	16	0	0	11	164	0	0	0	447	10	536	0	0	0	0	0	0	0	0	0	0	0	0	0	0	0	0	0	0	0	0	0	12	0	0	0	0	0	468	0	13	118	0	0	101	243	196	406	0	0	0	0	394	25	0	0	0	0	0	0	0	0	0	0	0	0	0	0	292	0	0	0	0	40	0	17	0	40	0	0	0	0	0	0	13	0	0	0	0	0	0	0	0	0	0	0	0	0	0	0	0	0	0	82	0	0	0	0	1238	165	0	0	52	106	317	10	358	2261	0	0	0	0	0	0	0	0	0	0	0	0	0	0	0	0	0	377	0	0	0	21	90	0	0	0	0	85	0	0	3	0	0	0	0	0	0	0	0	0	0	0	0	0	0	0	0	0	0	0	102	0	0	88	0	93	49	0	0	0	0	21	0	0	0	0	55	0	0	0	0	0	0	9	0	0	0	0	0	0	6	0	10	0	0	0	0	0	0	0	0	9	56	92	0	0	0	35	0	0	0	0	13	0	0	7	0	0	0	0	0	0	0	0	0	0	0	0	0	0	0	0	0	0	0	0	1538	1464	106	6202	159	0	27	1653	184	129	0	0	6	17	0	0	0	0	0	0	0	0	0	0	23	282	0	30	48	0	90	8	4	0	0	26	256	0	33	0	0	0	0	38	0	863	0	0	263	0	0	380	18	69	1535	0	80	29	0	0	0	0	0	0	0	0	0	0	0	0	0	0	0	0	0	0	0	0	0	0	0	0	0	0	0	0	0	0	0	0	0	0	0	0	0	0	0	0	0	0	0	56	0	0	0	0	0	13	0	0	0	0	0	0	0	0	0	0	69	0	0	0	0	62	0	0	0	0	0	0	0	0	0	0	0	3	0	0	0	0	0	0	0	0	0	11	0	0	0	0	0	0	0	0	0	20	0	0	0	0	0	0	0	0	0	0	0	0	0	0	0	0	0	88	0	0	0	0	0	0	0	0	0	0	0	0	0	147	132	0	126	0	210	0	0	0	0	0	0	0	0	0	14	0	0	0	0	0	0	0	0	0	27	0	39	125	94	1163	0	0	0	339	0	0	0	0
W1x1202	0	0	0	0	0	0	0	0	0	34	0	0	0	0	0	0	0	0	0	0	0	0	28	0	0	0	0	13	0	0	0	0	0	0	0	0	0	0	0	0	0	21	0	0	0	0	166	0	0	0	0	0	0	0	0	0	0	0	0	0	56	0	0	0	0	0	0	0	0	0	0	0	0	0	0	40	0	44	0	0	0	0	0	0	0	0	0	0	0	0	771	0	0	0	0	0	257	200	0	17	0	0	8	0	2	0	0	32	0	0	0	0	0	0	0	0	0	0	0	36	55	0	0	262	62	9	0	231	0	420	0	0	0	0	0	0	0	0	0	0	0	0	0	0	0	56	0	0	0	0	0	0	0	0	0	0	0	0	0	0	0	0	0	0	0	19	0	0	0	0	0	0	0	0	113	0	0	0	0	0	0	0	0	0	0	0	0	0	0	0	0	15	0	0	0	18	0	168	0	1053	922	46	37	47	0	0	0	0	0	0	33	39	0	81	0	0	0	0	0	34	0	0	0	0	0	0	72	0	0	0	0	0	0	0	0	0	0	0	0	0	0	0	0	0	0	0	0	0	12	0	0	0	68	55	53	24	0	0	0	0	0	0	0	0	0	0	0	0	0	0	0	0	0	0	0	0	0	0	184	0	288	49	91	0	0	26	0	0	0	0	0	65	0	39	0	0	0	0	0	0	0	0	0	24	0	0	0	608	65	0	0	0	0	0	0	0	0	0	0	0	0	0	758	0	0	63	0	0	61	0	0	0	0	0	0	0	0	0	0	0	0	11	0	0	34	10	0	0	0	0	126	24	0	0	0	0	0	0	0	37	0	0	0	71	0	0	0	0	0	0	0	0	0	0	0	0	0	0	0	0	0	0	0	0	0	0	0	0	0	0	0	0	0	0	0	33	5	83	0	0	0	0	0	0	0	0	0	0	9	0	0	20	0	0	0	0	0	0	0	0	0	0	68	136	11	246	68	0	36	111	0	0	71	0	0	0	0	0	0	0	0	0	0	0	0	0	0	0	0	0	0	0	0	0	23	0	0	0	0	0	0	353	20	0	214	0	2051	295	998	0	465	66	128	0	25	0	0	0	0	0	0	0	0	0	0	0	0	0	0	0	0	0	61	0	0	0	0	0	0	0	0	79	0	0	0	8	0	0	0	0	0	0	0	25	0	0	0	0	0	0	0	0	0	0	0	0	0	0	0	0	0	0	0	0	0	23	0	0	0	16	0	0	0	0	0	0	0	0	0	0	0	0	0	0	0	0	0	0	0	0	18	0	0	0	0	0	0	0	134	0	0	0	0	23	0	0	0	0	0	0	0	0	0	0	29	0	0	26	0	0	0	0	0	0	0	62	0	0	0	0	0	0	0	0	0	0	0	0	0	0	0	0	0	17	0	71	0	21	0	0	0	0	0	0	0	0	0	0	0	41	0	0	398	34	0	116	0	0	0	0	0	0	0	0	0	52	0	0	0	35	0	0	0	0	0	0	0	0	0	0	0	0	0	0	43	0	0	0	0	0	0	0	36	0	0	0	0	0	0	0	0	0	0	9	0	0	0	0	0	0	0	0	0	0	0	0	0	0	54	0	0	0	0	0	0	0	0	0	0	0	0	0	0	0	0	0	0	0	0	0	0	0	0	0	0	0	0	0	0	0	0	0	0	0	0	42	0	0	0	0	16	0	0	0	0	0	0	0	0	0	27	0	0	0	0	316	11	104	56	0	0	0	0	17	0	0	0	0	0	0	0	0	0	0	0	0	0	0	0	0	0	0	0	24	32	0	0	47	0	45	0	0	0	0	0	0	0	0	0	0	0	0	0	0	0	0	0	0	355	11	223	0	0	0	32	0	0	0	0	0	0	0	0	430	0	0	0	104	0	137	0	0	0	0	0	75	0	0	0	0	0	0	16	0	0	0	0	0	0	0	0	0	0	0	0	0	24	0	0	0	0	0	0	0	0	28	0	0	0	0	0	0	0	8	0	0	0	0	0	0	5	0	0	0	0	0	0	0	0	0	0	0	22	95	0	37	0	0	0	0	0	0	25	0	0	9	0	0	0	0	0	0	0	0	0	0	0	0	0	0	0	0	34	0	0	0	0	0	0	0	0	0	33	0	0	0	0	0	0	0	0	0	0	0	0	0	39	0	8	0	0	0	303	0	0	0	0	0	351	0	93	199	0	0	0	0	42	54	0	0	0	40	0	0	0	3	0	0	216	0	0	0	25	0	0	0	0	0	0	0	0	0	0	0	133	0	0	36	66	0	0	0	0	9	0	0	0	0	0	0	0	0	98	0	0	0	0	0	0	0	0	0	0	0	0	0	36	150	813	55	1506	0	75	0	155	0	0	0	0	0	0	0	0	0	0	0	0	0	0	0	16	0	0	0	0	0	0	0	920	54	0	55	0	72	0	0	0	0	0	32	0	0	0	0	251	588	0	0	134	1377	20	0	0	64	0	0	0	0	0	48	0	0	0	0	0	0	0	0	0	0	38	0	0	0	0	0	25	0	0	0	0	0	0	0	0	0	0	0	0	0	0	0	0	0	0	0	7	0	0	0	0	0	0	0	0	0	0	0	0	0	0	24	57	0	0	0	0	0	0	41	0	123	0	63	0	18	22	118	0	0	0	0	0	0	0	0	0	0	0	0	0	0	0	0	0	0	0	0	0	0	0	0	0	16	0	0	0	0	257	0	0	0	0	0	0	0	0	0	0	0	0	77	0	0	0	0	0	0	0	0	0	0	0	0	181	0	0	0	108	0	0	0	72	0	0	0	0	0	0	0	0	0	0	0	0	0	0	0	0	0	0	27	0	0	0	0	0	0	0	37	0	21	0
W1x1216	0	0	0	0	0	0	0	0	0	0	0	0	0	0	0	0	0	0	0	0	0	0	0	0	0	0	0	0	0	0	0	0	0	0	0	0	0	0	0	0	0	0	0	0	0	0	0	0	0	0	0	0	0	0	0	0	0	0	0	0	0	0	0	0	0	0	0	0	0	0	0	0	0	0	0	8	0	0	0	0	0	0	0	0	0	0	0	0	0	0	0	0	0	0	0	0	0	0	0	0	0	0	0	0	0	0	0	0	0	0	0	0	0	0	0	0	0	0	0	0	0	0	12	0	0	0	0	20	0	0	0	0	0	0	0	2	461	0	0	0	0	0	0	0	0	6	0	0	0	0	0	0	0	0	0	0	0	0	0	0	0	0	0	0	0	0	0	0	0	0	0	0	0	0	0	15	0	0	0	0	0	0	0	0	0	0	0	0	0	0	0	0	0	0	0	0	0	0	0	62	0	0	0	0	0	0	0	0	0	0	0	0	0	0	0	0	0	0	0	0	0	0	0	0	0	0	0	0	0	0	0	0	0	0	0	0	0	0	0	0	0	0	0	0	0	0	0	0	0	0	0	0	0	0	0	0	0	0	0	0	0	0	0	0	0	0	0	0	0	0	0	0	0	0	0	0	0	0	598	3	26	0	0	0	0	0	0	0	0	0	0	0	0	0	0	0	0	0	0	0	0	0	0	10	0	0	24	51	0	0	0	0	0	0	0	0	0	0	0	497	0	0	48	0	0	0	0	0	0	17	0	0	0	0	0	0	0	0	0	0	0	0	0	0	0	0	0	0	0	0	0	0	0	0	0	0	0	0	0	0	0	0	0	0	0	0	0	0	0	0	0	0	0	0	0	0	0	0	0	0	0	0	0	0	0	0	0	0	51	0	0	0	0	0	0	0	0	0	0	0	0	0	0	0	0	30	0	0	0	0	0	0	0	0	0	0	0	0	0	0	1772	0	0	0	0	0	18	0	0	0	0	0	0	0	0	0	0	0	0	0	0	0	0	0	0	0	0	0	0	0	75	36	0	0	0	0	0	0	0	0	0	0	0	962	1109	29	5	1526	0	0	0	0	11	0	0	0	0	0	0	0	0	0	0	0	0	0	0	0	0	0	0	0	0	0	0	0	0	0	0	0	0	0	0	0	27	0	0	0	0	0	0	0	0	0	0	0	0	0	0	0	0	0	0	0	0	0	0	0	0	0	0	0	293	0	0	0	0	0	0	0	0	0	0	0	0	0	0	0	0	0	0	0	0	0	0	0	0	0	0	0	0	0	0	0	0	0	0	0	0	0	0	0	0	0	0	0	0	0	0	0	0	0	0	0	0	0	0	0	0	0	0	0	0	0	0	0	0	0	0	0	0	0	0	0	0	0	0	0	0	0	0	0	0	0	0	0	0	0	0	0	0	0	0	0	0	0	0	0	0	0	0	0	0	0	0	0	0	0	0	0	0	0	0	0	0	0	0	0	0	0	0	0	0	0	0	0	0	249	0	0	0	0	0	0	0	0	0	0	0	0	0	0	13	0	0	0	0	0	0	0	0	0	0	0	0	0	0	0	0	0	0	0	0	0	0	0	0	0	0	0	0	0	0	0	0	0	0	0	0	0	0	0	0	0	0	0	0	0	0	0	0	0	0	0	0	0	0	0	0	0	0	0	0	0	0	0	0	0	0	178	0	0	0	0	0	0	0	0	0	0	0	0	0	0	0	0	0	0	0	0	0	0	0	0	0	0	0	0	0	0	0	0	0	0	0	0	0	0	0	0	0	0	0	0	0	0	0	0	0	0	0	0	0	0	0	0	0	0	0	0	0	0	0	0	0	0	0	0	0	278	0	0	0	0	0	0	0	0	0	0	301	0	0	1345	0	0	0	0	41	0	0	0	0	0	0	0	0	0	0	0	0	0	0	0	0	0	0	0	0	0	0	0	0	0	0	0	0	0	0	0	0	0	0	0	0	0	0	0	0	0	0	0	0	0	0	0	0	0	0	0	0	0	0	0	0	0	0	0	0	0	0	0	0	0	0	0	0	0	0	0	0	0	0	0	0	0	0	0	0	0	0	0	0	0	0	0	0	0	49	0	0	0	0	0	0	0	0	0	0	0	19	0	0	0	0	0	0	0	0	0	0	0	0	0	0	0	0	0	0	0	0	0	0	0	0	0	0	0	0	0	0	0	0	0	0	0	0	0	0	0	0	0	0	0	0	0	0	0	0	0	0	0	0	0	0	0	0	0	0	0	0	0	0	0	0	0	0	0	0	0	0	0	0	0	0	0	0	0	0	0	0	0	44	0	0	0	0	0	0	0	0	0	0	0	0	0	0	0	0	0	95	0	0	0	154	13242	0	0	0	0	0	0	0	0	0	0	0	0	0	0	0	0	0	0	0	0	0	0	11	0	0	0	0	0	0	0	1934	0	0	0	0	0	0	0	0	0	0	0	0	7376	5	0	0	3036	0	0	0	0	0	0	0	0	0	0	0	0	0	0	0	0	0	0	0	0	0	0	0	0	0	0	0	0	0	0	0	0	0	0	0	0	0	0	0	0	0	0	0	0	0	0	0	0	0	0	0	0	0	0	0	0	0	0	0	0	0	0	0	120	0	0	0	0	0	0	0	0	0	24	0	0	0	0	0	0	0	0	0	0	0	0	0	0	0	0	0	0	0	0	0	0	0	0	0	0	0	0	0	0	0	0	0	0	0	0	0	0	0	0	0	0	0	0	0	0	0	0	0	0	0	0	0	0	0	0	0	0	0	0	10	0	0	0	12	0	0	0	0	0	0	0	0	0	0	0	0	0	0	0	0	0	0	0	0	0	0	0	0	0	0	0	0	0	0
W1x1301	0	0	0	0	0	0	0	0	6	0	0	25	0	0	0	0	0	0	0	0	0	0	0	0	0	0	0	0	0	0	0	0	0	0	0	0	0	0	0	0	0	0	0	0	0	0	0	0	0	0	0	0	0	0	0	0	0	0	0	0	0	0	0	0	0	0	0	0	0	0	0	0	0	0	0	0	0	0	0	0	0	0	0	0	0	0	0	0	0	0	0	0	0	0	0	9	0	0	0	0	0	0	0	0	0	0	0	0	0	0	0	0	0	0	0	0	0	0	218	0	0	0	23	0	0	0	0	0	0	0	0	81	0	0	0	0	0	0	0	0	0	0	0	0	0	0	0	0	0	0	0	0	0	53	0	17	0	0	0	0	0	0	0	0	0	62	0	0	0	0	0	0	0	0	0	0	0	0	4	0	24	0	0	0	0	0	0	0	0	25	0	0	0	19	0	0	0	0	0	0	24	39	60	0	21	0	0	0	25	0	33	0	0	0	0	59	0	0	0	0	0	0	58	0	0	0	0	0	0	0	0	0	0	0	0	0	0	0	0	0	0	0	0	0	0	0	0	29	0	0	0	73	13	136	0	0	0	0	0	0	0	12	0	0	94	0	0	0	0	68	0	30	0	18	29	52	0	163	2777	217	156	129	70	0	0	0	0	0	0	0	0	0	0	0	0	0	3	0	0	0	0	0	0	0	0	0	24	0	0	0	0	0	0	0	0	41	0	0	0	0	0	155	0	392	97	81	0	0	0	42	13	0	0	0	0	0	0	0	0	45	0	0	0	0	0	0	0	0	0	134	0	36	0	0	0	0	0	54	0	0	0	0	49	0	0	0	18	0	0	0	0	0	0	0	0	0	0	0	0	0	0	0	0	0	0	0	0	0	0	0	0	0	21	14	0	0	0	0	192	19	24	0	9	0	0	124	0	0	0	0	0	0	0	84	0	0	0	0	0	0	81	106	54	0	11	126	31	49	267	1230	0	0	0	0	58	0	31	0	0	0	0	0	0	0	0	0	0	0	0	0	0	0	0	0	0	0	0	877	0	0	0	0	578	41	1824	259	563	506	997	64	358	943	397	0	0	0	0	0	0	0	0	0	0	0	0	0	0	0	0	0	0	0	0	0	0	0	0	0	0	0	0	0	0	0	0	0	0	0	0	0	0	0	0	0	0	0	0	0	0	0	0	0	0	0	0	0	0	0	0	0	0	0	0	0	0	0	0	0	0	0	0	0	0	0	0	0	5	0	0	0	0	0	0	0	0	0	0	0	0	830	0	84	0	0	0	24	0	8	0	0	0	0	14	0	0	0	0	0	0	0	0	0	0	87	0	0	0	0	0	0	0	0	0	0	0	0	0	0	0	0	0	0	0	0	0	0	0	0	0	0	18	0	0	0	0	0	0	0	0	0	0	0	0	0	0	0	47	0	191	0	53	0	0	0	31	0	0	0	0	0	0	0	0	0	0	0	0	0	0	0	0	0	0	0	0	0	9	0	0	0	0	0	0	0	0	0	0	0	0	0	0	0	0	0	0	0	0	0	0	28	0	12	0	0	28	0	0	0	0	0	84	0	0	0	0	0	0	0	0	0	0	0	0	0	0	0	0	0	0	0	0	0	0	0	0	42	0	57	18	0	0	0	101	0	0	0	0	0	0	0	0	0	23	0	0	0	0	0	0	5	0	0	0	0	0	24	0	0	0	0	0	0	0	0	0	0	0	0	70	4	33	0	0	0	0	0	0	0	0	9	0	0	0	0	0	0	0	0	0	0	0	0	0	0	0	0	141	0	23	54	0	43	325	0	0	0	0	0	0	0	0	0	0	0	0	0	0	0	0	0	0	0	29	0	0	0	0	0	0	0	0	34	0	0	0	0	0	0	354	13	89	0	14	0	57	0	0	0	0	0	0	0	0	0	0	15	0	0	0	0	0	0	0	0	0	0	0	0	0	0	63	0	0	0	0	0	0	0	0	0	0	0	0	0	0	0	0	0	0	0	0	0	0	0	0	0	102	0	0	0	0	230	114	0	0	0	116	36	0	165	0	0	0	0	0	0	0	0	0	12	0	0	0	0	0	0	0	0	503	0	0	0	0	15	132	0	0	0	0	0	2	0	0	0	0	0	0	0	0	0	0	0	0	0	0	0	0	0	0	0	10	0	0	55	0	0	0	129	3	0	0	58	17	0	0	0	0	66	0	0	0	0	0	0	109	0	0	0	0	0	0	0	0	0	0	0	0	0	0	0	0	0	6	153	0	310	0	53	0	0	0	0	0	101	0	0	0	0	0	0	0	0	0	0	0	0	0	0	0	0	0	0	0	0	0	0	0	748	213	504	0	572	99	0	55	0	184	0	0	0	25	0	0	0	0	0	0	0	0	0	0	0	624	0	41	22	0	0	0	0	0	0	0	0	0	87	0	0	0	0	0	102	13	0	0	30	0	0	185	12	49	0	0	90	0	0	29	0	0	0	0	0	0	0	0	0	0	67	0	0	0	0	0	0	0	0	0	0	0	0	0	0	0	0	0	0	0	0	0	0	0	0	0	0	43	0	0	0	14	228	15	0	0	0	12	4	0	0	0	0	0	0	0	0	0	0	0	0	0	0	0	0	0	0	0	0	0	0	0	0	0	0	0	0	0	0	0	0	0	0	0	0	0	0	0	0	0	0	0	0	0	0	0	0	124	0	0	0	0	0	0	0	0	0	0	0	0	0	0	0	0	0	0	0	0	0	0	0	0	0	0	0	0	0	0	58	0	23	0	0	0	0	0	8	0	0	27	0	0	0	9	0	45	0	0	0	0	0	0	31	0	8	192	0	131	58	0	0	0	0	0	0	0
W1x1305	0	0	0	0	0	0	0	0	0	0	0	0	0	0	0	0	0	0	0	0	0	0	0	0	0	0	0	0	0	0	0	0	0	0	0	0	0	0	0	0	0	0	0	0	0	0	0	4	0	0	0	0	0	0	0	0	0	0	0	0	0	0	0	0	0	0	0	0	0	0	0	0	0	0	0	0	0	0	0	0	0	5	0	0	0	0	0	0	0	0	0	0	0	117	0	0	0	19	0	0	0	0	0	0	0	0	0	0	0	0	0	0	0	14	0	0	0	0	56	62	0	0	40	0	21	11	0	0	0	0	0	52	0	0	0	0	0	0	0	0	0	0	0	0	0	0	0	0	0	0	0	0	0	0	0	0	0	0	0	0	0	0	0	0	0	0	0	0	0	0	0	0	0	0	0	0	0	0	0	0	0	0	0	0	0	0	0	0	0	0	0	0	0	0	0	42	0	0	124	0	86	214	250	71	62	0	0	0	0	0	0	31	0	0	0	0	0	0	0	0	0	0	0	0	0	0	0	0	0	0	0	0	0	0	0	0	0	0	0	0	0	0	0	0	0	0	0	0	0	493	0	87	0	98	0	498	0	0	0	0	0	0	0	0	0	0	0	0	0	0	0	0	0	0	0	0	89	105	266	567	88	329	28	0	0	0	0	0	0	0	0	0	0	0	0	0	0	0	0	0	0	0	0	0	0	697	82	0	0	0	0	0	0	0	0	0	0	0	0	0	0	149	0	349	172	969	0	0	0	360	0	0	0	0	0	0	0	0	0	0	0	0	157	0	0	258	0	0	0	0	0	341	0	0	0	0	0	0	0	0	0	0	65	0	0	23	0	0	0	0	0	0	0	0	0	0	0	0	0	0	0	0	0	0	0	0	0	0	26	0	0	0	0	0	0	0	74	25	0	0	84	0	0	0	0	149	0	0	0	0	0	0	0	0	0	0	0	0	0	0	740	0	0	358	873	0	344	0	544	468	0	0	0	0	0	0	0	6	0	11	0	0	0	0	9	0	0	0	0	0	0	0	0	0	0	0	0	0	0	0	0	11	0	32	2421	28	1787	2098	2117	0	4333	492	449	0	0	0	0	0	13	21	0	0	0	0	0	0	0	0	0	0	0	0	0	0	0	0	0	0	0	0	0	0	0	0	0	0	0	0	0	0	0	0	0	0	0	0	0	0	0	0	0	0	0	0	0	0	0	0	0	0	0	0	0	0	0	0	0	0	0	0	0	0	0	0	0	0	9	0	0	4	0	0	0	0	0	0	0	0	0	0	0	0	0	12	0	0	0	0	0	0	0	0	0	2	0	22	0	0	0	0	0	0	0	0	0	0	0	0	0	0	55	0	0	0	0	0	0	0	0	0	14	0	0	0	0	0	0	0	0	0	0	0	0	0	0	0	0	0	0	0	0	0	0	0	0	0	0	0	0	115	0	0	0	0	0	0	0	0	0	0	0	0	0	0	0	0	0	0	0	0	0	0	0	0	11	0	0	0	0	0	0	0	0	0	0	0	0	0	0	0	0	0	0	0	0	0	0	0	0	0	0	0	0	0	0	0	0	0	0	0	78	0	72	25	0	0	0	0	0	0	0	0	0	0	0	0	0	0	0	0	0	0	0	0	0	76	890	0	0	0	0	20	34	0	0	0	0	0	0	0	0	0	8	0	0	0	0	0	0	30	0	0	0	0	0	0	0	0	0	17	0	45	0	0	0	0	0	0	0	0	0	0	0	0	0	0	0	0	0	0	0	0	0	0	0	0	0	0	0	0	0	0	0	0	0	0	0	0	0	0	0	0	0	0	0	0	0	0	0	0	0	0	0	0	0	0	0	0	0	0	0	0	0	0	0	5	0	0	0	0	98	40	0	0	35	0	0	0	0	0	410	30	0	0	114	0	19	0	0	0	0	0	0	0	0	0	0	0	0	0	0	0	0	0	0	0	0	0	0	0	139	0	0	0	0	0	0	121	0	0	0	0	0	0	0	0	0	0	0	0	0	0	0	0	0	34	0	12	0	0	0	0	249	703	0	396	808	288	76	201	173	0	0	0	0	0	0	0	0	35	0	0	0	0	0	0	0	0	0	0	0	0	0	0	0	5	0	281	0	0	0	0	0	0	0	0	0	0	0	0	0	0	0	0	0	0	0	0	0	0	0	0	0	0	0	0	0	103	31	0	1685	0	0	0	0	0	0	248	0	10	0	0	26	0	0	0	0	0	0	0	27	0	0	0	0	0	0	7	0	0	0	0	0	0	0	0	0	0	52	0	403	0	0	71	0	0	0	0	0	0	0	0	0	0	0	0	0	0	0	0	0	0	0	36	0	0	0	2567	126	649	42	1777	7116	0	934	541	0	0	11	0	0	0	0	0	0	0	0	0	0	0	0	0	42	0	0	0	109	0	9	0	0	0	0	0	0	121	0	0	0	0	0	0	0	0	274	30	0	242	558	0	90	0	949	306	0	0	0	0	0	0	0	0	0	0	0	0	0	0	0	0	0	0	0	0	0	0	0	0	0	0	0	0	0	0	0	0	0	0	0	0	0	0	0	0	0	0	0	0	0	0	0	0	0	0	0	0	0	0	0	0	0	0	0	0	0	0	0	0	0	0	0	0	0	0	0	0	0	0	0	0	0	0	0	0	0	0	0	0	0	0	0	0	0	0	0	0	0	0	0	0	0	0	0	0	0	0	0	0	0	0	0	0	0	0	0	0	0	0	0	0	0	0	0	0	0	0	0	7	0	0	0	0	0	0	0	21	0	0	0	0	0	0	0	0	0	0	0	0	0	28	0	0	0	0	0	0	0	0	0	0	0	0	82	0	0	0	19	36	0	0	0	0	0
W1x1306	8	0	0	0	0	0	0	0	0	30	0	16	0	0	0	0	4	0	0	0	0	0	0	0	0	0	0	0	0	0	0	0	26	0	0	0	0	0	0	0	0	0	0	0	0	0	0	0	0	0	0	0	0	0	47	0	0	0	0	0	0	0	0	0	0	12	0	0	9	38	0	0	0	0	0	0	2	0	0	0	0	0	0	4	0	0	0	0	0	0	0	0	0	16	0	46	0	15	0	0	0	0	0	0	0	0	0	0	0	0	0	0	0	30	0	0	0	60	144	0	0	0	37	211	85	80	113	0	0	0	0	65	0	0	0	0	0	0	0	0	0	0	0	0	0	0	0	0	0	0	0	0	0	21	0	0	0	0	0	0	0	0	0	0	0	16	0	0	0	0	0	0	0	0	0	0	0	14	23	0	0	0	0	0	0	0	0	0	0	51	0	0	33	0	0	33	0	55	0	21	13	531	99	15	122	0	0	0	0	45	73	0	29	0	0	0	0	0	0	0	0	0	0	0	0	0	0	0	0	0	0	0	0	0	0	0	0	0	0	0	0	0	0	0	0	11	0	17	0	277	83	85	25	124	100	154	0	0	11	0	0	12	0	0	0	0	0	0	0	0	0	0	0	0	0	1915	209	436	643	109	264	381	65	141	97	0	0	0	0	0	0	0	5	0	7	0	8	0	0	0	0	0	0	20	92	404	0	0	0	0	0	0	0	0	0	0	0	0	0	0	232	55	35	201	130	30	1462	0	47	88	25	0	0	0	0	0	0	0	0	0	0	0	0	51	0	126	0	0	0	101	107	0	36	0	0	0	0	28	0	0	0	39	12	0	133	0	6	0	0	0	0	0	0	0	0	0	0	0	0	0	0	0	0	0	0	0	12	28	0	0	0	0	14	49	0	0	202	39	51	0	0	0	15	0	0	32	0	0	0	0	0	0	0	0	0	0	0	0	0	0	102	495	42	859	29	341	224	0	313	456	0	0	0	0	0	0	0	0	0	0	0	0	0	0	0	0	0	0	0	0	0	0	0	0	0	0	0	114	0	0	0	40	117	517	1759	156	2468	1776	1540	44	1580	2169	854	0	6	0	0	0	0	0	0	0	0	0	0	0	21	0	0	0	0	0	0	4	0	0	0	0	0	0	0	0	0	0	0	0	0	0	0	0	0	0	0	0	0	0	0	0	0	0	0	0	0	0	0	44	0	0	0	0	0	0	146	39	0	0	0	0	0	0	0	0	0	0	0	0	0	0	0	0	0	0	0	0	0	0	0	0	0	0	42	22	0	0	0	9	0	17	0	0	0	0	0	0	0	5	0	0	87	0	0	0	0	19	0	0	0	0	0	0	0	0	0	0	13	0	0	0	0	0	0	0	0	0	0	0	0	0	0	0	11	0	0	0	0	0	0	19	0	0	0	0	0	0	0	0	0	134	61	21	71	0	0	16	15	0	0	0	0	0	0	0	0	23	0	0	0	0	0	0	0	0	0	0	0	0	0	0	0	0	0	0	0	0	0	0	0	10	0	0	0	0	0	0	4	0	0	0	0	0	0	0	0	0	32	0	12	0	0	0	17	0	0	22	0	49	0	0	0	0	0	0	0	0	0	0	0	0	0	11	0	0	0	0	0	43	0	0	53	0	0	0	54	0	0	0	0	0	6	0	0	0	0	0	419	0	0	0	0	0	0	0	0	0	0	5	0	0	0	0	0	0	0	26	0	0	0	54	60	4	35	0	0	0	0	0	0	0	0	8	0	0	13	0	0	0	0	0	0	0	0	0	0	0	0	0	50	0	72	61	0	17	53	0	0	0	0	0	0	0	0	0	69	0	0	0	0	0	0	0	0	0	0	0	0	0	0	0	0	0	19	121	0	0	108	0	0	0	66	0	438	0	0	0	25	18	170	0	0	0	0	0	0	0	30	0	0	0	0	10	0	0	0	0	0	0	0	0	0	0	46	0	0	0	0	0	0	25	0	0	0	0	0	0	0	0	0	0	0	0	0	0	0	0	244	0	28	14	0	0	0	348	1090	750	0	143	64	45	0	47	34	15	0	0	0	0	0	0	0	0	0	0	0	0	0	0	0	0	83	0	0	0	57	65	24	8	0	0	15	0	0	0	0	0	0	0	0	0	0	0	0	0	0	0	0	0	0	0	0	0	27	0	0	0	0	0	0	86	18	0	0	142	245	0	0	0	66	136	0	0	214	0	0	0	22	0	0	0	0	68	0	18	0	0	0	0	0	0	0	0	0	0	0	34	0	72	770	599	0	0	0	0	0	71	0	0	0	0	0	0	0	0	0	0	184	0	37	0	0	0	0	0	0	0	0	0	0	236	103	874	28	860	25	419	835	129	91	0	0	0	0	0	0	0	0	0	0	0	0	0	0	0	142	0	30	19	0	16	0	32	0	0	0	31	0	58	0	0	0	0	24	0	0	0	589	206	0	73	452	38	730	0	583	878	0	0	4	0	54	0	0	0	0	0	0	0	0	18	7	52	0	0	0	0	0	0	0	8	0	0	0	0	0	0	0	0	0	0	0	0	0	0	0	0	0	0	0	0	0	0	9	0	0	0	0	0	0	0	0	0	0	0	4	0	0	0	0	16	0	0	0	0	0	0	0	0	26	0	0	0	0	0	0	9	0	0	0	0	0	0	0	0	0	0	0	0	0	0	0	0	0	0	0	0	0	0	0	0	0	0	0	0	0	0	0	0	0	0	0	0	0	0	0	0	0	0	0	0	0	0	0	0	0	0	0	64	0	0	0	0	0	0	0	0	0	0	0	15	0	9	0	0	0	0	0	0	0	0	0	0	0	0	41	0	45	0	7	0	0	0	0	0	0
W1x1307	0	0	0	0	0	0	0	0	0	0	0	0	0	13	0	0	40	0	119	0	0	0	92	0	0	0	0	0	0	0	0	0	0	0	0	0	0	0	0	0	0	0	0	0	0	0	0	0	0	0	0	0	0	0	0	10	0	0	0	0	0	0	107	0	0	0	0	0	5	0	4	0	0	0	0	0	0	0	0	0	0	0	0	0	0	0	0	0	0	0	0	0	0	28	0	25	0	0	0	52	0	0	0	0	0	0	0	0	0	0	0	0	0	27	0	0	0	205	35	61	0	0	27	365	312	17	49	0	0	0	98	11	0	0	0	0	0	0	0	0	0	0	0	0	0	0	0	0	0	0	0	0	0	0	0	0	0	0	0	0	0	0	0	0	0	22	0	0	0	0	175	0	0	0	0	0	0	0	8	0	0	0	0	0	0	0	0	0	0	0	0	0	0	0	0	0	28	485	67	0	58	0	72	66	61	0	0	0	0	82	226	36	13	0	0	115	0	0	0	0	0	0	0	0	0	0	0	0	0	0	0	0	0	0	0	0	0	0	0	0	0	0	0	0	0	0	0	0	0	0	0	113	88	31	0	130	0	0	0	0	0	0	0	0	0	36	0	0	0	59	29	13	0	89	13	0	714	354	67	177	37	76	1276	0	892	0	0	0	0	0	0	0	0	0	0	0	0	0	0	0	6	0	0	72	118	0	0	0	0	0	0	0	0	0	0	0	0	98	0	0	424	42	9	146	55	384	0	0	1425	0	0	0	0	0	0	0	0	0	0	0	0	4	0	0	0	0	0	0	0	122	0	0	0	0	0	0	0	0	0	71	683	28	0	0	0	0	0	0	0	0	0	0	0	0	0	0	0	0	0	0	0	0	0	0	0	0	0	0	0	0	0	0	11	0	60	0	20	140	0	147	0	0	0	0	0	20	0	0	0	0	0	0	0	13	0	0	0	0	0	0	52	0	608	0	307	219	153	0	186	310	0	0	0	0	30	0	0	0	0	0	0	0	0	0	0	0	0	0	0	0	0	0	0	0	0	0	0	0	0	0	0	0	21	18	1642	0	2611	488	1609	0	2192	628	0	0	0	0	0	0	0	0	0	0	0	0	0	0	0	0	0	0	0	0	0	0	0	0	0	0	0	0	0	0	0	0	0	0	0	0	0	0	0	0	0	0	0	0	0	0	0	0	0	0	0	0	0	0	0	0	0	0	0	0	0	0	0	0	0	0	0	0	0	0	0	0	0	0	0	0	0	0	0	0	0	0	0	0	0	0	0	0	33	0	0	16	0	0	0	0	0	0	0	0	0	29	0	0	9	0	0	0	0	0	0	0	0	0	0	0	0	0	0	0	0	0	0	0	0	0	0	0	0	0	0	0	0	0	21	0	0	0	37	0	0	0	0	0	0	0	0	0	0	0	0	0	0	0	0	2	0	16	139	0	0	0	0	5	0	0	0	17	0	0	0	0	0	0	0	0	0	0	38	0	0	0	0	0	0	0	0	0	0	0	0	0	0	0	16	0	0	0	0	0	0	0	0	0	0	0	0	0	0	7	0	36	0	0	0	0	0	0	46	0	0	0	0	0	0	0	0	0	0	0	0	0	0	0	0	0	0	0	0	0	0	0	0	30	0	0	0	0	0	2579	0	0	0	0	0	0	0	0	0	0	0	0	83	0	0	0	0	0	0	0	0	0	0	0	0	0	0	0	0	51	0	0	0	0	0	57	0	0	0	0	0	0	0	0	0	0	0	0	0	0	0	0	0	0	0	0	0	0	0	0	0	6	0	0	0	13	0	0	0	0	0	0	0	0	0	0	0	0	0	0	0	0	0	0	59	0	0	0	0	0	0	0	0	74	23	9	0	0	49	21	0	0	168	0	0	38	140	115	27	0	0	0	0	0	20	0	0	0	0	0	0	0	0	0	0	0	0	0	0	0	0	0	0	0	0	0	0	0	29	0	0	0	0	0	0	40	0	0	0	0	0	0	0	0	0	0	0	0	0	0	0	0	0	0	0	0	0	0	85	0	111	404	0	105	270	118	46	0	204	0	0	0	0	0	0	0	0	0	0	0	0	0	0	0	0	0	0	0	0	12	246	204	0	25	0	0	31	0	0	0	0	0	0	0	0	0	0	0	0	0	0	0	0	0	0	0	0	0	0	121	0	0	0	0	0	309	107	0	151	369	0	0	0	0	197	62	0	0	0	0	0	0	0	0	0	0	0	83	17	33	0	0	0	0	0	0	0	0	0	0	0	0	51	0	0	0	0	0	0	0	4	55	50	0	0	0	0	0	20	0	0	0	0	0	46	0	0	0	0	0	0	12	0	0	0	466	176	698	19	0	3438	445	176	289	0	0	11	11	0	0	0	0	0	0	0	0	17	0	0	0	0	0	30	0	0	0	0	30	0	0	0	47	0	82	0	0	0	0	0	0	0	0	408	340	0	606	311	10	419	765	553	125	0	0	0	0	0	0	0	0	0	0	0	0	0	0	0	0	0	0	0	0	0	0	0	0	0	0	0	0	0	0	0	0	0	0	0	0	0	0	0	0	0	0	0	0	0	0	0	0	0	0	0	0	0	0	0	0	0	0	0	0	0	0	0	0	0	0	12	0	0	0	0	0	0	0	0	0	0	0	0	0	0	0	0	0	0	0	0	0	0	0	0	0	0	0	0	0	0	0	0	0	0	0	0	0	0	0	0	0	0	0	0	0	0	0	0	0	0	0	0	0	0	0	0	0	0	0	0	0	0	0	0	14	0	0	0	0	0	0	0	0	0	0	0	0	0	0	0	0	0	0	22	0	0	0	0	0	0	127	0	0	0	0	0	87	0	0	0	0	0
W1x1308	0	0	0	0	0	0	0	0	0	0	0	0	0	0	0	0	0	0	0	0	0	0	0	0	0	0	0	0	0	5	0	0	0	0	0	0	0	0	0	0	0	0	0	0	0	0	0	0	0	0	0	0	0	0	0	0	0	0	0	0	0	0	0	0	0	12	0	0	0	0	0	0	0	0	4	0	0	0	0	0	0	0	0	0	0	0	0	0	6	0	0	0	136	39	0	0	0	0	0	4	0	0	0	0	0	0	0	0	0	0	0	0	0	0	0	0	0	0	172	0	0	0	28	0	8	7	0	0	0	0	715	0	0	0	0	0	0	0	0	0	0	0	0	0	0	0	0	0	0	0	0	0	0	33	0	0	0	0	0	0	0	0	0	0	0	0	0	0	0	0	0	0	0	0	0	0	0	0	0	0	0	0	0	0	0	0	0	106	0	0	0	0	0	0	0	0	0	19	0	0	40	393	404	0	318	0	0	0	0	31	0	11	3	0	0	0	0	0	0	0	0	0	0	0	0	0	0	0	0	0	0	0	6	0	0	0	199	0	0	0	0	0	0	0	0	0	0	0	0	82	0	179	0	0	218	71	180	0	0	0	0	0	0	0	0	0	0	0	0	0	0	0	62	0	54	461	0	207	276	233	259	196	0	379	0	0	0	0	0	0	0	0	0	0	0	0	0	0	0	599	0	0	0	30	58	0	14	0	0	0	0	0	0	0	0	0	0	0	0	0	151	148	0	135	897	294	0	0	16	85	0	0	0	0	0	0	0	0	0	0	0	0	0	0	0	53	0	0	0	0	0	0	13	0	0	0	0	0	0	57	0	0	0	0	43	0	0	0	0	0	0	0	0	0	0	0	0	0	0	0	0	0	0	0	0	0	0	0	12	0	0	0	0	0	0	0	275	2	0	0	80	0	0	0	0	86	0	0	0	0	0	0	0	0	0	0	0	0	0	0	748	489	0	665	522	24	767	857	276	317	0	0	0	0	0	0	0	0	0	21	0	0	0	0	0	0	0	0	0	0	0	0	0	0	0	0	0	0	0	0	0	0	123	14	1244	0	5113	836	3190	0	2839	3152	1138	0	0	0	0	0	12	0	0	0	0	0	0	0	0	0	0	0	0	0	0	0	0	0	0	0	5	0	0	0	0	0	0	0	0	0	0	0	0	0	0	0	0	0	0	0	0	0	0	0	0	0	11	0	0	0	0	0	0	0	0	0	0	0	0	0	0	0	0	0	0	20	0	0	0	0	0	0	0	0	0	0	0	0	0	0	0	0	0	42	0	19	0	0	0	0	0	0	0	0	0	0	0	8	0	0	0	0	0	0	0	0	0	0	0	0	0	0	0	0	0	0	0	0	0	0	0	0	0	0	0	0	26	0	3	0	0	0	0	0	0	0	4	0	0	0	0	0	0	0	0	0	0	0	0	0	0	59	94	0	0	0	0	0	0	21	0	0	0	0	0	0	0	0	0	0	0	22	0	0	0	0	0	0	0	0	0	0	0	0	0	0	0	0	0	0	0	0	0	0	0	0	0	0	0	0	0	0	0	13	0	0	0	0	17	0	0	0	0	0	83	0	0	30	0	0	0	0	0	0	0	0	0	0	0	0	0	0	0	0	0	0	0	0	0	0	0	0	0	0	45	0	0	0	0	0	0	0	0	0	0	0	0	0	0	0	0	0	0	0	0	0	0	0	0	0	0	0	207	22	0	0	0	0	0	0	0	8	0	0	0	0	0	0	0	0	0	0	0	0	0	0	0	0	0	0	0	0	0	0	0	0	0	0	0	8	18	0	0	0	0	0	0	0	0	0	0	0	0	0	0	0	0	0	0	0	0	13	0	0	0	0	7	8	0	0	0	0	407	0	0	0	31	0	0	0	5	0	0	0	0	0	0	28	20	0	0	0	0	0	0	0	0	0	0	0	0	0	0	0	0	0	0	0	0	0	0	0	63	0	0	0	0	510	0	85	0	0	0	0	0	0	0	0	0	0	0	0	0	0	0	0	0	0	0	0	0	0	0	0	22	351	20	447	478	0	83	75	22	0	0	0	0	0	0	0	0	30	0	9	0	0	0	0	0	0	15	0	0	87	35	0	0	0	0	0	0	0	0	0	0	20	0	0	0	0	0	0	0	0	0	0	0	0	0	0	0	0	17	0	0	0	0	0	0	197	15	0	0	0	0	0	0	0	0	184	0	0	0	0	0	0	0	0	0	0	120	0	0	0	0	0	0	0	0	0	0	0	0	0	0	0	0	0	19	0	0	0	0	0	0	47	0	0	0	0	14	0	0	0	0	0	0	0	0	0	0	0	0	0	0	0	0	0	0	1076	13	279	13	2709	1187	374	1035	409	0	0	0	0	0	0	0	0	0	0	0	0	0	0	0	0	42	0	83	0	0	0	0	0	0	0	0	0	0	101	0	0	0	0	0	0	0	0	2606	18	0	198	1135	0	187	0	0	1026	0	12	0	0	0	0	0	0	0	0	0	0	0	0	0	0	0	0	0	0	0	0	0	0	0	0	0	0	0	0	0	0	0	0	0	0	0	0	0	0	0	0	0	0	0	0	0	0	0	0	0	0	0	0	0	0	0	0	0	20	0	0	0	0	136	0	0	0	0	0	0	0	0	0	0	0	0	0	0	0	0	0	0	0	0	0	0	0	0	0	0	0	0	0	0	0	0	0	0	0	0	0	0	0	0	0	0	0	0	0	0	0	0	0	0	0	0	0	0	0	0	0	0	0	0	0	0	0	0	0	0	18	0	0	0	0	0	0	0	0	0	0	0	15	15	13	5	0	0	0	0	0	0	0	0	8	0	0	68	85	0	0	0	75	0	0	0	0	0
W1x1309	0	0	0	0	0	0	0	0	0	0	0	23	0	0	0	0	0	0	0	0	0	0	0	0	0	0	0	0	0	0	0	0	0	0	0	0	0	0	0	0	0	0	0	0	0	0	0	0	0	0	0	0	0	0	0	0	0	0	0	0	0	0	0	0	0	0	30	0	0	0	0	0	0	0	0	0	0	0	0	0	0	4	0	0	0	0	0	0	0	0	0	0	0	31	0	21	0	0	0	0	0	0	0	0	0	0	0	0	0	0	0	0	0	11	0	0	0	5	25	0	0	0	32	0	0	36	0	16	0	0	9	17	0	0	0	0	0	0	0	0	0	0	0	0	0	0	0	0	0	0	0	0	0	0	0	0	0	0	0	0	0	0	0	0	0	33	0	0	0	0	0	0	0	11	0	0	0	0	0	0	0	0	0	0	0	0	0	0	0	0	0	0	0	0	0	0	0	0	0	36	0	577	27	35	40	0	0	0	33	0	0	0	0	0	169	0	0	0	0	0	0	0	0	0	0	0	0	0	0	0	0	0	0	0	0	0	0	0	0	0	0	0	0	0	0	0	0	15	0	0	0	47	0	0	0	0	505	0	0	0	0	0	0	0	19	0	0	0	0	0	0	11	18	0	0	0	0	513	0	102	0	108	0	101	0	0	0	0	0	0	0	0	0	0	0	0	0	0	0	0	0	0	0	183	39	0	0	0	0	0	0	0	0	0	0	0	0	0	0	0	128	61	16	424	161	0	0	380	0	54	0	0	0	0	0	0	0	49	0	0	0	0	0	0	0	37	0	0	0	0	44	181	0	0	0	0	0	0	0	0	0	10	0	0	0	0	0	0	0	0	0	0	0	0	0	0	0	0	0	0	0	0	0	0	0	0	0	0	0	0	0	0	0	0	0	0	54	0	0	0	23	0	0	0	0	126	0	0	0	0	24	0	0	39	0	8	0	0	0	0	107	97	0	0	973	43	76	94	234	2257	0	0	0	0	0	0	0	0	0	0	0	0	0	0	0	0	0	0	0	0	0	0	0	0	0	0	0	0	0	0	0	0	202	49	328	10686	780	732	317	4576	192	704	0	0	0	0	0	0	24	0	0	0	0	0	0	0	0	0	0	0	0	0	0	0	0	12	0	0	0	0	0	0	0	0	0	0	0	0	0	0	0	0	0	4	0	0	0	0	0	0	0	0	0	0	0	0	0	0	0	0	0	0	0	0	0	0	0	0	0	0	0	0	0	0	0	0	0	0	0	0	0	0	0	0	0	0	14	0	0	0	0	0	0	22	0	0	0	0	0	0	0	0	0	0	0	0	0	0	0	0	0	0	0	0	0	0	0	0	0	0	0	0	0	3	0	0	0	0	0	0	0	0	0	0	0	0	0	0	0	0	0	0	0	0	0	0	0	0	0	0	0	0	0	0	0	0	0	0	0	33	0	0	0	3	0	0	0	0	0	0	0	0	0	0	0	0	7	0	0	0	0	0	0	0	8	0	0	0	0	0	0	0	0	0	0	0	0	0	0	0	0	0	0	0	0	0	0	0	0	0	0	24	0	0	0	0	0	0	0	119	0	0	0	11	0	17	0	0	0	0	0	0	0	0	0	0	0	0	0	0	0	0	0	0	0	52	0	14	0	0	48	14	47	0	0	0	0	0	0	0	0	0	33	0	0	0	0	0	0	0	0	0	0	0	0	0	0	0	0	0	0	0	0	0	0	11	0	0	0	21	0	14	0	0	0	0	0	0	0	0	0	0	0	0	0	0	0	0	0	0	0	0	0	0	0	0	0	0	0	0	0	0	0	0	0	0	5	0	0	0	0	0	0	0	0	0	0	0	0	0	0	0	0	0	0	0	0	0	0	0	0	116	29	0	0	0	0	0	22	0	0	0	0	0	68	0	31	0	0	0	0	0	0	0	0	0	0	0	0	0	0	0	0	0	0	0	0	0	0	0	73	0	0	0	0	37	0	137	0	0	0	0	0	0	0	0	0	0	0	0	0	0	0	0	0	0	0	0	0	0	0	0	32	0	0	461	410	285	0	0	17	0	0	213	0	0	0	0	0	0	0	0	0	0	0	0	0	0	8	342	143	0	0	0	0	0	0	0	0	0	0	0	0	0	0	0	0	0	0	0	0	0	0	0	11	0	0	0	0	0	0	0	0	54	0	0	0	0	0	0	0	0	149	0	0	0	0	0	0	0	0	0	0	0	0	0	0	0	0	0	0	0	0	0	0	0	0	0	0	0	0	0	0	0	0	0	8	15	64	0	0	0	0	61	0	0	0	0	0	0	0	0	0	0	0	106	0	0	0	0	0	0	0	0	0	0	0	462	8	370	13	376	154	0	134	208	0	0	0	0	0	0	0	0	0	0	0	0	0	0	0	0	0	0	158	0	0	0	11	0	8	0	0	0	0	93	0	0	0	0	0	0	0	0	104	7	330	670	135	0	25	0	0	60	10	0	0	0	0	0	0	0	0	0	0	0	0	0	0	0	0	0	0	0	0	0	0	0	0	0	0	0	0	0	0	0	0	0	11	0	0	0	0	0	0	0	0	0	0	0	9	0	0	0	0	0	0	0	0	0	0	0	0	0	0	0	0	0	0	0	0	0	0	0	0	0	0	0	0	0	0	0	8	0	0	0	0	0	0	0	4	0	0	0	0	0	0	0	0	0	0	0	0	0	0	0	0	0	0	0	0	0	0	0	0	0	0	0	0	0	0	0	0	0	0	0	0	0	0	0	0	0	0	0	0	0	442	0	0	0	0	0	0	0	0	0	0	0	0	0	0	0	0	52	0	0	0	0	0	0	0	0	7	0	18	0	0	10	12	0	0	0	0
W1x1311	0	0	0	0	0	0	0	0	0	8	0	0	96	0	0	0	0	0	0	0	0	0	60	0	0	0	0	0	0	0	0	0	0	0	0	0	0	0	0	0	0	0	0	36	0	0	0	46	0	0	0	0	0	0	0	26	0	0	0	25	0	0	0	0	0	0	0	0	0	0	0	0	0	0	0	0	0	0	0	0	0	0	0	0	0	0	0	0	0	0	18	0	0	0	0	15	0	317	0	0	0	0	0	0	0	0	0	0	0	0	0	0	0	0	0	0	0	221	0	0	0	0	22	0	293	17	293	0	27	32	0	0	0	0	0	0	0	0	0	0	0	0	0	0	0	0	0	0	0	0	0	0	51	0	0	0	0	0	0	0	0	0	0	0	0	0	0	0	0	0	196	0	0	0	0	0	0	0	0	0	0	0	0	0	0	0	17	0	0	0	0	0	189	0	0	0	15	625	94	76	0	0	0	85	50	0	686	0	0	0	76	151	33	12	0	0	0	0	0	0	0	0	0	0	0	0	0	0	0	0	0	0	0	0	0	0	0	0	0	0	0	0	0	0	0	0	686	0	0	0	0	0	1269	0	0	97	0	0	0	0	0	0	0	0	0	0	0	0	0	0	248	0	0	0	0	0	2408	152	93	67	0	197	2441	0	1192	0	0	0	0	0	0	0	0	0	0	0	0	0	0	0	0	1248	0	57	57	0	0	41	0	0	0	0	0	1241	0	0	0	0	0	0	0	0	48	57	0	0	0	0	1878	78	0	0	0	0	0	0	0	0	0	0	0	21	0	0	0	73	0	0	0	0	248	0	0	0	0	0	0	0	0	330	0	37	0	0	0	0	0	0	0	0	0	0	0	0	0	78	0	0	0	0	0	0	0	0	0	0	0	0	0	0	0	0	0	0	0	0	0	417	0	0	0	0	0	0	0	12	0	0	0	0	0	0	0	0	0	0	0	0	0	0	29	0	617	0	10	64	173	0	136	112	0	0	0	0	0	0	0	0	0	0	0	0	0	0	0	0	0	0	0	0	0	0	0	0	0	0	0	0	0	0	0	723	0	649	662	40	1196	535	1347	0	2390	111	0	20	5	0	0	0	0	0	0	0	0	0	0	0	0	0	0	0	0	0	2	34	0	0	0	0	5	0	0	0	0	0	0	0	0	0	0	0	0	0	0	0	0	0	0	0	0	0	0	0	45	0	0	0	0	0	0	0	0	0	0	0	0	0	0	0	0	0	0	0	0	0	0	12	0	0	0	0	0	0	0	0	0	0	0	0	0	0	117	0	0	0	0	0	0	0	0	0	0	0	0	0	0	0	0	0	0	37	0	0	0	0	0	0	0	0	0	0	0	0	0	0	0	0	0	0	0	0	0	0	0	0	0	0	5	0	78	0	0	0	0	0	0	0	0	130	0	0	0	0	0	0	0	0	0	0	0	26	62	0	0	198	0	162	0	0	0	0	0	0	0	0	0	0	0	0	0	0	70	0	0	0	0	0	0	39	0	0	0	0	0	0	0	0	0	0	7	0	0	0	0	0	0	0	0	0	0	0	0	26	0	119	0	0	0	0	0	0	0	0	0	0	0	0	0	0	0	0	0	17	0	0	0	0	0	0	0	0	0	0	0	0	0	0	0	0	0	0	0	0	0	0	0	0	0	0	0	0	8	0	0	0	0	0	0	0	0	0	0	0	0	0	0	0	0	0	0	54	0	0	0	11	0	0	0	0	0	0	0	0	30	176	11	0	0	0	0	0	0	8	0	0	0	0	0	0	353	0	0	0	0	25	0	0	0	0	0	0	0	0	0	0	0	0	0	0	0	0	0	0	0	207	0	0	0	0	12	0	0	0	0	0	0	0	0	0	0	0	0	0	0	22	349	0	0	0	30	682	0	0	0	0	11	0	0	0	10	0	0	0	0	0	0	0	0	0	0	0	0	0	0	0	13	0	0	0	0	0	0	0	0	0	0	0	0	0	108	10	0	0	0	0	0	0	0	0	0	0	0	0	0	0	0	0	0	0	0	0	0	0	48	407	0	0	0	0	0	0	0	0	0	0	0	0	0	0	0	0	0	0	0	0	0	0	0	0	0	0	0	0	0	0	0	0	0	0	0	0	0	0	0	19	0	0	0	0	0	0	0	0	0	0	0	0	0	0	0	0	12	0	15	0	0	0	0	0	0	0	0	430	0	0	0	0	501	91	0	0	0	9	0	0	0	0	0	0	0	90	0	0	0	0	0	0	0	0	0	0	0	0	0	0	275	0	0	11	97	9	0	0	0	32	0	0	9	0	0	0	0	262	15	0	0	0	0	268	0	0	0	7	0	0	0	0	0	440	2753	325	52	174	3246	126	394	158	0	0	0	40	0	0	0	0	0	0	0	0	0	87	0	0	0	0	9	0	0	0	58	0	0	0	0	232	0	50	0	0	0	0	0	0	0	0	0	803	0	97	0	39	0	0	0	58	0	0	0	0	39	0	0	0	0	0	0	0	0	0	4	101	0	0	0	0	0	0	0	6	0	0	12	0	0	0	0	19	0	0	0	124	0	0	0	0	0	0	0	0	0	0	0	0	0	0	0	0	10	0	0	0	0	0	4	0	0	0	0	0	0	0	0	0	0	0	0	0	0	13	0	0	0	0	0	0	0	0	0	0	142	0	0	0	0	0	0	0	0	0	0	0	24	0	0	0	0	0	0	0	0	0	0	0	0	0	0	0	0	0	0	0	0	0	0	0	0	0	0	0	0	0	0	0	0	0	0	0	0	114	15	103	0	0	19	0	185	0	0	0	0	0	0	0	0	0	0	0	0	0	0	0	13	483	0	0	0	384	31	0	0	0	0	0	0
W1x1313	0	0	0	0	0	0	0	0	4	0	0	29	0	0	0	0	0	0	0	0	0	0	13	0	0	0	0	0	0	0	0	0	9	0	0	0	33	0	0	0	0	0	0	0	0	0	0	0	0	0	0	0	0	0	114	0	0	0	0	0	0	0	0	0	0	0	0	0	0	81	0	0	0	0	0	0	0	0	0	0	0	8	0	0	0	0	0	0	0	0	0	0	0	32	0	34	0	0	0	0	0	0	0	0	0	0	0	0	0	0	0	20	0	22	0	0	0	0	171	0	0	0	32	0	9	0	0	0	0	0	0	25	0	0	0	0	0	0	0	0	0	0	0	0	0	0	0	0	7	0	0	0	0	8	25	0	0	0	0	12	0	0	0	0	0	0	0	0	0	0	0	0	0	0	0	0	0	16	0	0	0	0	0	0	0	0	0	0	0	0	0	0	0	0	0	0	0	0	0	0	64	0	0	0	122	0	0	0	0	0	0	13	0	0	0	0	0	0	0	4	0	0	0	13	0	0	0	0	0	0	7	0	0	0	0	0	0	0	0	0	0	0	0	0	0	0	0	0	0	371	0	27	19	75	0	301	0	0	0	0	0	0	0	0	203	0	0	0	0	55	43	24	12	0	0	925	142	574	235	186	502	95	337	1549	0	0	0	0	0	0	0	0	0	0	0	0	0	0	0	0	0	0	0	20	63	0	162	0	0	0	0	0	54	0	75	0	0	303	96	0	0	425	0	307	285	0	0	0	0	266	56	0	0	0	0	0	0	0	0	0	0	0	0	0	0	108	0	0	0	214	353	0	0	0	0	0	0	0	0	0	0	0	0	0	0	0	0	0	0	0	0	0	0	0	0	0	7	0	0	0	7	0	0	0	0	0	0	0	0	0	0	0	0	0	0	76	106	86	68	42	79	187	484	0	0	304	0	0	0	0	0	0	0	0	0	76	0	0	114	0	104	0	531	785	164	177	104	0	556	390	0	0	0	0	0	0	0	0	0	0	0	0	0	0	6	0	0	0	15	0	0	0	0	0	0	0	0	0	0	0	0	0	0	0	585	0	2237	1270	1659	0	315	582	1084	0	0	0	0	0	8	0	0	0	0	0	0	0	0	0	0	0	0	0	0	0	0	0	0	0	34	0	0	0	0	8	0	0	0	0	0	0	0	0	0	0	0	0	0	21	0	0	0	0	0	0	15	0	0	0	0	0	0	0	0	0	0	0	0	0	0	0	0	0	0	0	0	0	0	0	6	0	0	0	0	0	0	0	11	0	0	14	0	0	0	13	0	0	0	0	0	0	0	0	27	0	0	0	0	0	0	0	0	0	0	0	0	0	0	0	6	0	0	0	0	0	0	0	0	0	0	0	0	0	0	0	0	0	0	0	0	0	58	0	0	0	20	0	0	6	0	0	0	0	0	0	0	0	0	0	11	23	12	0	0	43	0	14	104	0	0	0	0	0	0	0	0	0	0	0	0	0	0	0	0	0	0	0	0	0	0	0	0	0	0	0	0	0	0	20	0	0	0	0	0	0	0	0	0	0	0	0	0	31	0	29	0	0	45	0	0	0	77	0	0	0	0	45	0	21	0	0	0	0	0	0	0	0	0	0	0	0	4	0	0	0	0	209	0	0	59	0	53	0	52	0	0	0	0	0	0	0	0	0	16	0	0	0	0	0	0	0	0	0	0	0	0	0	0	0	0	0	0	54	0	0	0	0	5	0	0	0	0	0	0	0	0	0	0	0	0	0	0	0	0	0	0	0	0	0	0	0	0	0	0	13	0	0	0	0	26	0	0	0	0	98	143	0	0	0	0	0	0	0	0	0	0	0	0	0	11	17	0	0	0	0	18	0	0	0	0	0	40	157	0	0	172	0	0	261	0	96	0	0	0	0	0	34	125	0	0	0	0	0	0	0	0	0	0	0	0	0	0	0	0	0	0	0	0	0	0	0	84	0	0	0	0	353	0	58	0	0	0	0	0	0	0	0	0	0	0	0	0	0	0	0	0	0	0	8	0	0	0	0	325	107	0	306	115	0	0	394	2036	0	0	0	0	0	0	0	0	31	0	0	0	0	0	0	0	0	33	0	0	81	12	9	0	0	0	0	0	0	0	0	0	0	0	0	0	0	0	0	0	0	0	0	0	0	0	0	0	0	8	0	0	0	0	0	66	0	26	0	0	0	614	0	0	0	110	0	7	0	0	0	12	0	14	0	0	0	207	0	23	9	0	0	0	0	0	0	0	0	0	0	120	51	29	0	0	0	0	0	34	0	0	79	0	0	0	0	0	0	112	0	0	0	0	242	54	0	0	0	0	0	0	0	0	0	0	1050	901	332	1255	0	0	298	427	398	0	0	0	0	0	0	0	0	0	0	0	0	0	0	0	0	18	0	104	0	64	0	0	0	0	0	0	115	0	76	0	0	0	0	29	45	417	0	0	46	0	91	1236	0	55	0	0	108	41	0	0	0	0	0	0	0	0	0	0	0	24	0	0	0	0	0	0	0	0	0	0	8	0	0	0	0	0	0	0	0	0	0	0	0	16	0	0	0	0	0	0	223	0	0	23	0	0	0	0	0	0	0	0	0	0	0	0	0	0	38	0	52	0	0	0	12	0	0	0	0	0	0	0	0	0	0	0	0	0	0	0	0	0	0	0	0	0	0	0	0	0	0	0	0	0	0	0	0	0	0	0	0	12	0	0	0	0	0	0	0	0	0	0	0	0	0	0	0	0	0	0	0	0	0	0	0	0	0	95	27	0	0	0	0	0	0	0	0	0	0	0	0	0	0	0	0	0	0	0	0	0	0	0	0	0	0	65	0	0	0	18	0	0	0	0	0	0
W1x1314	0	0	0	0	0	0	0	0	0	0	0	0	0	0	0	0	0	0	0	0	0	0	22	0	0	0	0	0	0	0	0	0	0	0	0	0	0	0	0	0	0	0	0	0	0	0	0	0	0	0	0	0	0	0	0	0	0	0	0	0	0	246	0	0	0	0	0	0	0	0	0	0	0	0	0	0	0	0	0	0	0	0	0	0	0	0	0	0	0	0	0	0	0	0	0	12	0	44	0	0	0	0	0	0	0	0	0	0	0	0	0	0	0	9	0	0	0	244	47	0	0	0	13	0	0	0	0	0	0	0	0	28	0	0	0	0	0	0	0	0	0	0	0	0	0	0	0	0	0	0	0	0	0	0	0	0	0	0	0	0	0	0	0	0	0	0	0	0	0	0	0	0	0	0	0	0	0	0	0	0	0	0	0	0	0	0	0	0	0	148	0	0	0	228	0	41	0	0	0	0	930	44	0	8	80	0	0	0	0	0	51	78	0	0	0	582	0	0	0	0	0	0	0	0	0	0	0	0	0	0	0	0	0	0	0	0	0	0	0	0	0	0	0	0	268	0	0	0	0	0	3531	38	449	27	0	72	0	0	0	0	0	0	0	0	0	0	0	0	40	0	23	12	0	59	0	91	0	0	166	142	0	120	930	0	1461	0	0	0	0	0	0	0	0	0	0	0	0	0	0	0	0	0	0	0	0	0	0	0	0	0	0	0	0	0	0	0	0	0	199	0	113	79	0	98	26	145	0	0	0	77	0	0	0	0	0	0	0	0	0	0	0	0	0	0	0	20	0	0	0	83	0	0	0	0	0	0	0	0	0	0	0	18	17	0	0	0	0	0	0	0	0	0	0	0	0	0	0	0	0	0	0	0	0	0	0	0	0	0	0	0	0	0	0	0	0	0	65	0	0	2595	0	0	0	0	0	41	0	0	0	0	0	0	0	0	0	0	0	0	32	0	366	199	143	0	0	3705	289	397	204	176	0	0	0	0	0	0	0	0	0	0	0	0	0	0	0	0	0	0	0	0	0	0	0	0	0	0	0	0	0	0	0	0	139	14	508	0	0	332	831	6	600	384	0	0	0	0	163	0	0	42	0	0	0	0	0	0	0	0	0	0	0	0	0	0	0	0	0	0	7	0	0	0	0	0	0	0	0	0	0	0	0	0	0	0	0	0	0	0	0	0	0	0	0	0	0	0	0	0	0	0	0	0	0	0	0	0	0	0	0	0	0	0	0	0	0	0	0	0	0	0	0	0	0	0	0	0	5	0	0	0	0	0	0	3	0	0	0	0	0	0	0	0	0	0	0	0	0	0	0	0	0	0	0	0	0	0	0	0	0	0	0	0	0	0	0	0	0	0	0	0	0	0	0	0	0	0	0	0	0	0	0	0	0	0	0	0	0	0	0	0	0	0	0	0	0	0	0	0	0	14	12	0	0	214	0	0	0	0	0	0	0	0	0	0	0	0	0	0	0	0	0	0	0	0	0	0	0	0	0	0	0	0	231	0	0	0	0	0	0	0	0	0	0	0	0	0	0	0	0	0	0	13	0	51	0	0	0	0	0	0	19	0	50	0	0	0	0	39	0	0	0	0	0	0	0	0	0	0	0	0	0	0	0	0	0	0	0	1673	0	0	0	0	15	0	0	0	0	0	7	0	0	0	0	0	0	0	0	0	0	0	0	0	0	0	0	0	0	0	0	0	0	0	0	0	0	0	0	0	0	0	0	0	0	25	0	0	0	0	0	0	0	0	0	0	0	0	0	0	0	0	0	0	0	0	0	0	0	135	0	0	0	0	0	20	0	0	0	0	0	0	0	0	0	0	0	0	0	0	0	0	0	0	28	0	0	7	0	0	0	0	21	0	0	0	104	0	0	423	0	146	295	0	0	0	0	285	0	0	0	0	0	0	0	0	0	0	0	0	0	0	0	0	0	0	0	0	0	0	0	0	0	0	0	0	0	0	0	28	0	0	0	0	0	0	0	0	0	0	0	0	0	0	0	2	0	0	0	0	0	0	0	0	107	91	0	195	182	0	0	648	111	0	0	0	115	0	0	0	0	20	0	0	0	0	0	0	0	0	182	0	91	0	24	641	0	8	0	0	0	0	0	0	0	0	0	14	0	0	0	0	4	0	0	0	0	19	0	0	0	0	4	0	0	0	232	0	0	70	591	0	0	0	51	0	0	0	0	67	0	18	0	0	0	289	0	0	0	0	0	0	0	21	0	0	0	0	0	0	0	0	0	0	0	0	24	0	0	15	107	0	0	0	0	36	0	0	0	0	0	0	0	0	0	0	0	0	0	0	0	0	0	0	0	0	0	0	0	579	3905	264	428	142	0	294	563	0	0	0	0	0	0	0	0	0	0	0	0	0	0	0	0	0	49	0	0	230	0	227	8	26	0	0	0	398	0	30	0	0	0	0	0	0	0	0	199	44	0	159	68	0	138	231	0	255	0	0	0	0	0	0	0	0	0	0	0	0	0	0	0	0	0	0	0	0	0	0	0	0	0	0	0	0	0	0	0	0	0	0	0	0	0	0	0	0	0	0	0	0	0	0	0	0	0	0	0	0	0	0	0	0	0	0	0	0	0	0	0	7	0	0	0	0	0	0	0	0	0	0	0	0	0	0	0	0	0	0	0	0	0	0	0	0	0	0	0	0	10	0	0	0	0	0	0	0	0	0	0	0	0	0	0	0	0	0	0	0	0	0	0	0	0	0	0	0	0	0	0	0	0	0	0	0	0	0	0	0	0	618	0	0	0	0	0	0	0	0	0	0	0	0	0	0	0	0	0	0	0	0	0	0	0	0	0	0	0	0	0	0	176	0	0	46	0
W1x1320	0	0	0	0	0	0	0	0	0	0	0	0	0	0	0	0	0	0	0	43	0	0	0	0	0	0	0	0	0	21	0	0	0	0	36	0	19	0	0	0	0	0	0	0	0	0	0	0	0	0	0	0	0	0	0	0	0	0	0	0	0	0	0	0	0	0	0	0	0	0	0	0	0	0	0	0	0	0	0	0	0	0	0	0	0	0	0	0	0	0	0	0	0	22	0	0	0	9	0	0	0	0	0	0	0	0	0	0	0	0	0	0	0	0	0	0	0	0	388	0	0	0	0	0	0	0	14	0	217	0	0	0	0	0	0	0	73	0	0	0	0	0	0	0	0	0	0	0	0	0	0	0	0	0	0	0	0	0	0	41	0	0	0	0	0	112	0	0	0	29	0	17	0	0	0	0	0	18	0	0	0	0	0	0	0	0	0	0	0	0	0	0	0	0	0	16	0	0	87	0	43	0	319	1097	26	0	0	0	0	0	0	0	0	0	0	0	0	0	0	0	0	0	0	0	0	0	0	6	0	0	0	0	0	0	0	0	22	0	0	0	0	0	0	0	0	0	0	0	0	0	0	62	0	1341	400	20	0	0	0	0	0	0	0	0	0	0	0	0	422	0	0	14	0	0	91	557	16	123	500	183	417	311	11	84	0	0	0	0	0	0	0	0	0	0	0	0	5	0	0	0	0	0	0	0	21	0	40	0	81	0	0	0	0	0	0	0	0	0	0	0	213	73	0	100	570	221	0	0	0	185	0	0	0	0	0	0	0	0	0	0	0	0	0	20	0	42	0	0	0	0	0	0	0	0	0	0	0	0	0	0	0	0	0	0	82	0	0	0	0	0	0	0	0	0	0	0	0	0	0	0	0	0	11	0	0	12	0	0	0	0	0	100	0	120	15	299	138	26	0	0	1344	42	0	0	0	28	9	0	0	0	0	0	41	0	0	14	0	0	0	0	743	849	650	0	464	44	1165	0	205	235	0	0	0	0	0	0	0	0	0	8	0	0	0	0	0	4	0	0	0	0	0	0	132	0	0	0	0	0	0	0	0	0	183	1423	138	131	11957	619	1425	72	0	980	2252	0	0	0	0	0	0	0	0	10	0	0	0	0	0	0	8	0	0	0	0	0	0	0	0	0	27	0	0	0	0	0	0	0	0	0	0	0	0	0	0	0	0	0	0	0	0	0	0	0	0	0	12	0	0	0	0	0	0	0	0	0	0	0	0	0	0	0	0	0	0	0	0	0	0	0	0	0	0	0	0	0	13	0	28	0	0	0	0	93	0	0	0	0	0	0	0	0	0	0	103	0	0	0	0	0	0	0	54	0	0	0	0	0	0	0	0	0	0	0	0	0	77	0	0	0	0	0	0	0	0	0	9	0	0	0	0	0	4	0	0	0	0	0	0	0	0	0	0	0	0	0	0	0	0	8	53	0	13	0	0	2	193	74	41	0	0	0	0	0	0	0	0	0	0	0	0	15	0	0	0	0	0	0	0	0	0	0	0	0	0	0	0	0	0	0	0	0	0	0	0	0	0	0	0	0	0	0	0	205	0	0	0	0	29	0	81	0	22	0	0	0	0	0	0	0	0	0	0	0	39	0	0	0	0	0	0	0	8	0	0	0	0	104	0	10	378	0	222	0	145	77	0	0	0	0	6	0	0	0	0	0	0	0	0	0	0	0	0	0	0	0	0	0	0	0	0	0	0	0	0	0	0	0	0	0	0	28	0	0	0	0	0	0	0	0	0	0	0	0	0	0	0	0	0	0	0	0	0	0	0	0	0	0	0	0	0	4	0	0	0	0	0	0	0	0	0	22	0	0	0	0	0	0	0	0	0	0	0	0	0	0	7	56	0	0	0	0	108	81	0	0	14	0	0	0	0	33	0	0	0	0	24	0	0	0	0	0	0	0	0	0	0	0	0	0	135	0	0	0	0	0	0	0	0	0	0	0	153	0	0	0	0	346	0	6	0	0	0	0	0	0	0	0	0	0	0	0	0	0	107	0	0	0	20	28	0	0	0	1666	90	235	0	66	0	834	4815	0	548	0	0	0	0	0	0	0	0	24	0	0	0	0	0	0	0	0	0	0	0	0	32	0	0	0	0	0	0	0	0	0	0	0	0	0	0	0	0	0	0	0	0	0	0	0	0	0	0	0	56	0	0	0	0	0	0	128	20	0	0	0	74	0	0	0	0	347	24	12	0	0	8	0	7	0	0	0	432	0	0	0	0	0	0	0	0	0	0	0	0	0	0	0	32	0	269	0	0	0	194	178	0	16	0	0	2	0	0	0	0	0	0	0	0	0	0	0	0	0	0	0	0	0	0	0	0	735	11	555	18	119	0	757	225	0	0	0	0	0	0	0	0	0	0	0	0	10	0	0	0	0	44	0	4	0	0	0	0	0	0	0	0	10	0	183	0	0	0	0	86	0	0	0	188	86	0	0	490	18	67	0	2543	397	0	0	0	0	0	0	0	0	0	93	0	0	11	0	0	0	0	0	0	0	0	0	0	0	0	0	0	0	0	0	0	0	0	0	0	0	28	18	0	0	0	0	0	0	0	0	0	0	0	0	0	0	0	0	0	0	0	0	0	0	0	0	0	17	0	0	0	0	0	0	0	0	0	0	0	0	0	0	0	0	0	0	0	0	0	0	0	0	0	0	0	0	0	0	0	0	0	0	0	0	0	0	0	0	0	0	0	0	0	0	0	13	0	0	0	0	21	0	0	0	0	0	0	15	0	0	0	0	0	0	0	27	0	0	0	9	0	0	0	36	0	0	59	0	27	0	0	0	0	0	0	0	0	0	0	0	22	0	0	0	167	0	65	0	0	0	0	0	0
W1x1322	0	0	0	0	0	0	0	0	0	0	0	18	0	0	0	0	18	0	0	57	0	0	0	0	0	0	0	0	0	0	0	0	0	0	13	0	48	0	0	0	0	0	0	0	0	0	0	0	0	0	0	0	0	0	57	0	0	0	0	0	0	0	52	0	0	14	0	0	0	77	0	0	0	0	0	0	0	0	0	0	0	0	0	0	0	0	0	0	0	0	0	0	174	33	0	15	0	0	0	0	0	0	0	0	0	0	0	0	0	0	0	0	0	26	0	0	0	34	159	0	0	3	12	0	0	24	284	0	0	0	0	0	0	0	0	0	0	0	0	0	0	0	0	0	0	0	0	0	0	0	0	0	0	31	0	0	0	0	0	0	0	0	0	0	0	33	0	0	0	0	0	0	0	0	0	0	0	0	11	35	0	0	4	0	0	0	0	0	0	0	0	0	0	0	0	0	0	0	0	0	0	19	537	0	117	0	0	0	0	0	0	0	0	0	0	0	0	0	0	0	0	0	0	0	0	0	0	4	0	0	0	0	0	0	0	0	0	0	0	0	0	0	0	0	0	0	0	29	0	123	38	25	0	238	289	140	0	0	19	0	0	0	0	0	0	3	0	0	0	0	0	17	31	0	63	63	0	122	32	355	611	207	53	188	0	0	0	0	0	0	0	0	0	0	0	0	0	0	34	0	0	0	0	15	30	0	30	0	0	0	0	0	43	0	0	0	0	0	0	0	339	46	0	229	278	326	0	305	0	227	0	0	0	0	0	0	0	0	0	0	0	0	0	0	0	98	0	0	0	352	0	227	10	0	0	0	0	24	0	0	0	20	0	0	58	0	0	0	0	0	0	0	0	0	0	0	0	0	0	0	0	0	0	0	0	18	0	0	0	0	0	0	82	38	0	0	215	0	359	0	68	30	809	0	0	91	0	0	0	0	0	0	9	23	0	38	0	0	0	10	30	0	0	374	181	42	385	441	904	513	0	0	0	0	0	0	0	7	0	0	0	0	0	0	0	0	0	0	22	0	0	0	0	0	0	0	0	0	0	0	0	10	37	65	1756	46	4792	1013	982	0	906	1280	0	0	0	0	0	6	0	0	0	0	0	0	0	0	0	75	0	0	0	0	0	0	0	0	0	0	0	161	0	0	0	0	0	0	0	0	0	0	0	0	0	0	0	0	0	0	0	0	0	0	0	0	11	0	0	106	0	0	0	0	0	0	0	0	0	0	0	0	0	0	0	0	0	0	0	0	0	0	0	0	0	0	75	0	0	0	0	61	0	0	0	0	0	12	0	0	0	0	0	0	27	0	0	0	0	0	0	0	0	0	0	0	0	0	0	0	0	0	0	0	0	0	48	0	0	0	0	0	0	0	0	0	0	0	0	0	0	0	8	0	0	12	11	0	0	0	0	0	0	0	0	0	0	0	20	7	0	9	330	0	0	0	90	0	0	0	0	0	0	25	0	0	0	0	0	0	0	0	0	0	0	0	0	0	0	0	0	0	0	0	35	0	0	0	0	0	0	0	0	0	0	0	0	0	0	0	0	0	75	0	0	0	0	0	0	0	0	0	48	0	0	0	0	56	0	0	0	0	0	0	0	0	0	0	0	0	0	0	0	0	0	0	0	29	366	0	0	0	0	0	0	630	0	0	0	0	0	0	0	0	0	0	0	0	0	0	0	0	0	0	0	0	0	245	0	0	0	0	0	0	0	0	0	0	0	0	0	8	0	0	0	0	0	0	0	0	0	0	0	0	0	0	0	0	0	0	0	0	0	0	0	0	0	0	0	0	0	0	0	0	0	0	0	0	0	0	0	0	0	0	132	0	0	0	0	0	0	17	0	0	21	0	0	37	0	0	0	0	41	160	0	0	0	0	0	0	0	17	1527	0	35	0	27	0	418	0	0	0	0	0	0	0	41	0	0	0	0	0	0	141	0	0	0	0	0	10	265	0	0	0	0	0	0	0	0	99	0	0	0	0	0	0	0	0	0	0	0	0	0	0	0	65	0	0	56	0	0	0	0	93	135	48	0	203	0	0	680	36	70	0	0	0	0	0	0	0	0	26	0	17	0	0	0	0	0	0	35	0	120	0	183	0	0	0	0	0	0	0	0	0	0	0	0	0	0	0	0	0	0	0	0	0	0	0	0	0	0	0	0	0	0	0	0	0	0	128	0	0	0	0	0	0	47	0	0	168	0	0	0	0	14	0	16	0	0	0	277	0	23	0	0	0	0	0	0	0	0	0	0	0	59	0	0	0	0	60	79	0	0	603	399	136	0	0	0	0	0	0	52	0	0	0	0	0	0	0	0	0	0	0	0	0	0	356	0	840	26	948	0	100	1588	176	543	0	0	0	0	0	0	10	0	0	0	0	0	0	0	0	0	0	80	0	423	0	0	0	0	2	18	0	0	0	0	39	0	0	0	0	0	157	20	0	0	33	1716	193	828	0	288	0	0	1073	0	0	0	0	0	0	0	0	0	0	0	0	0	0	0	0	0	0	0	0	0	0	0	0	0	0	0	0	0	0	0	0	0	0	0	0	0	0	0	0	0	0	0	0	0	0	40	0	0	0	0	0	0	0	0	6	0	0	0	0	0	23	0	0	0	0	0	0	0	0	0	0	0	0	0	0	0	0	0	0	0	0	0	0	0	0	0	0	0	0	0	0	0	0	6	0	0	0	91	0	0	0	0	0	0	0	15	0	0	0	0	0	0	0	0	0	0	0	0	0	0	0	0	0	0	0	0	0	0	0	0	29	0	0	149	0	0	0	0	0	0	0	0	15	0	0	0	0	0	0	0	0	0	0	0	13	16	0	44	0	235	0	17	128	0	0	0	0	0
W1x1401	0	0	0	0	0	0	0	0	0	0	0	7	0	0	0	0	0	0	0	0	0	0	124	0	0	0	0	0	0	10	0	0	0	0	0	0	0	0	0	0	0	0	0	0	0	0	0	0	0	0	0	0	0	0	0	0	5	0	0	0	0	0	0	0	0	7	0	0	0	0	0	0	0	0	0	0	0	0	0	0	0	0	0	0	0	0	0	0	0	0	0	0	0	13	0	13	0	0	0	0	0	0	0	0	0	0	0	0	0	0	0	0	0	19	0	0	0	51	143	77	0	0	16	0	108	37	46	0	0	0	0	55	0	0	0	0	0	0	0	0	0	0	0	0	0	0	0	0	3	0	0	0	0	0	0	0	0	0	0	0	0	0	0	0	0	0	0	0	0	261	0	0	0	0	0	0	0	0	0	0	0	0	0	0	0	0	0	0	0	34	0	69	23	0	0	19	0	0	0	0	1585	10	0	0	51	0	0	0	0	0	104	169	36	0	0	314	0	0	0	0	0	0	0	0	5	0	0	0	0	0	0	0	0	0	0	0	0	0	0	0	0	0	0	0	0	0	0	0	0	139	1048	45	873	42	0	135	0	0	0	0	0	0	0	0	0	0	0	0	0	0	35	0	0	15	0	0	542	335	155	387	0	407	199	1549	954	0	0	0	0	0	0	0	0	0	0	0	0	0	0	0	0	0	0	12	78	0	0	0	0	0	0	0	0	0	0	0	0	0	0	0	0	0	0	72	48	0	0	763	32	176	70	0	0	0	0	0	0	0	0	0	0	0	0	0	0	51	0	0	0	66	0	0	0	0	0	0	0	0	0	0	491	22	298	0	34	0	0	0	0	0	0	0	0	0	0	0	0	0	0	0	0	0	0	0	0	0	0	0	0	0	0	0	0	24	0	0	23	99	0	589	145	0	0	0	0	46	0	0	0	0	0	0	0	24	0	11	0	0	10	0	108	306	610	0	301	1368	401	0	213	317	0	0	0	0	0	0	0	0	0	0	0	0	0	0	0	0	0	0	0	0	0	0	0	0	0	0	0	0	0	0	0	0	36	62	983	54	3439	1951	1492	0	1182	554	0	0	0	0	0	0	0	0	0	0	0	0	0	14	0	0	0	0	0	0	0	8	0	0	37	0	54	0	0	0	0	0	0	0	0	0	0	0	0	0	0	0	0	0	0	0	0	0	0	0	0	0	15	0	0	0	0	0	0	0	0	0	0	0	0	0	0	0	0	0	0	13	0	0	0	0	9	6	0	0	0	0	0	0	0	0	0	0	0	87	0	0	0	0	0	0	0	0	0	0	0	0	0	7	0	0	0	0	0	0	0	0	0	0	0	0	0	3	0	0	0	0	0	0	0	0	0	0	0	0	0	0	0	0	11	0	0	0	36	0	0	0	0	0	0	41	0	0	0	0	11	0	0	0	317	0	228	38	0	0	0	405	0	0	0	0	0	0	8	0	0	0	0	0	0	0	0	0	0	0	0	0	0	0	0	0	0	0	0	0	0	0	0	0	0	0	0	0	0	0	0	0	0	0	0	0	0	0	0	0	0	92	5	0	0	0	0	0	30	0	0	0	0	25	0	0	0	0	0	0	0	0	0	0	0	0	0	0	0	8	0	0	0	0	0	0	0	0	0	0	35	0	0	0	0	0	0	0	0	0	36	0	0	0	0	0	0	0	0	0	0	0	0	0	0	0	0	0	0	9	0	0	0	451	0	85	0	0	0	0	0	0	0	0	0	0	0	0	0	0	0	0	0	0	0	0	0	0	0	0	0	0	0	0	0	196	0	0	0	0	0	0	0	0	0	0	0	7	0	0	0	0	0	0	0	0	0	0	0	0	0	0	0	0	0	0	0	0	22	15	0	0	451	0	0	1540	0	524	0	0	0	0	70	362	0	0	0	0	0	0	0	0	0	0	0	0	0	0	0	0	0	0	0	0	0	0	0	0	0	0	0	0	0	0	0	67	0	0	0	0	0	0	0	0	0	0	0	0	0	0	0	0	0	0	0	17	0	0	0	0	224	406	0	385	310	0	0	1404	195	0	0	0	0	0	7	0	0	21	0	0	0	0	0	0	0	0	67	0	0	0	63	151	0	77	0	0	0	0	0	0	0	0	0	0	0	0	0	0	0	12	0	0	0	0	0	0	0	0	9	0	0	0	45	0	0	151	0	0	0	0	101	0	0	0	428	85	0	0	0	0	0	0	0	0	0	0	0	0	0	34	0	0	0	0	0	0	0	0	0	0	0	0	103	496	0	146	258	0	0	0	0	70	0	0	0	0	0	0	0	324	0	0	0	0	40	0	0	0	0	0	0	0	0	0	0	1619	4037	541	28	0	0	85	2035	650	0	0	28	0	0	0	0	0	0	0	0	0	6	0	0	0	75	0	0	0	0	50	0	0	3	0	0	994	0	120	0	0	0	0	0	0	0	0	0	1056	0	1271	0	0	213	622	0	183	0	0	0	0	0	0	0	0	0	0	0	0	0	0	0	55	0	0	0	0	0	0	0	0	0	0	0	3	0	0	0	0	0	0	0	0	12	0	0	0	0	0	0	0	0	0	0	0	0	0	0	0	0	5	0	0	0	0	0	0	0	0	0	0	0	0	0	0	0	0	0	0	0	0	0	0	0	0	0	0	0	0	0	0	0	0	0	0	0	0	0	0	0	0	0	0	0	0	0	0	0	0	0	0	0	0	0	0	0	0	0	0	0	0	0	0	11	0	0	0	0	0	0	0	0	0	0	0	0	0	0	17	0	480	0	0	0	0	0	21	0	0	0	0	19	0	7	0	0	0	0	0	0	0	0	0	0	219	0	0	99	0	11	32	0	0	0	0	0
W1x1402	0	0	0	0	10	0	0	0	0	0	0	37	0	0	0	0	0	0	0	0	10	164	0	0	0	0	0	0	0	0	0	11	0	0	0	0	0	0	0	0	13	0	0	0	0	0	0	0	0	0	0	0	0	0	0	0	0	0	0	0	0	0	0	0	0	12	0	0	0	0	0	0	0	0	0	0	0	0	0	0	0	0	0	0	0	0	0	0	0	0	0	0	0	43	94	13	0	20	0	75	0	0	0	0	0	0	0	0	0	0	0	0	0	0	0	0	0	122	34	0	0	0	33	0	21	8	0	0	0	55	0	8	0	0	0	0	0	0	0	0	0	0	10	28	0	0	6	0	0	0	0	8	0	0	0	0	0	18	0	0	0	0	0	0	0	0	666	35	0	0	0	0	0	0	0	0	0	0	24	0	7	0	0	0	0	0	0	0	0	29	0	0	0	449	324	0	32	0	178	81	416	109	81	24	101	127	66	0	0	81	0	45	0	14	0	180	0	0	7	0	0	0	0	4	0	0	0	0	0	0	0	0	0	0	0	0	0	15	0	0	0	0	0	0	0	0	0	0	0	178	533	48	428	14	0	86	245	0	0	0	0	0	0	0	0	0	63	0	0	0	0	16	0	60	44	0	61	235	476	128	32	136	224	0	934	4	0	0	0	0	0	0	0	0	0	0	6	0	0	0	734	0	0	55	32	0	0	0	0	0	0	0	0	0	301	0	0	0	0	0	0	0	73	75	229	11	0	0	378	173	0	0	0	0	0	0	0	0	0	0	0	0	0	0	0	47	0	0	0	0	48	0	0	0	0	0	0	0	0	0	0	0	0	26	13	241	0	0	0	0	0	0	0	0	0	0	0	0	0	0	0	0	0	75	0	0	0	0	0	69	0	0	0	22	0	0	17	0	0	107	25	0	259	0	0	0	0	0	0	0	0	0	0	26	0	37	0	0	9	0	86	356	0	0	459	82	439	0	201	192	0	0	0	0	35	0	0	0	0	0	0	0	0	0	0	0	0	0	0	0	0	0	0	0	0	0	0	0	0	0	0	0	163	94	224	0	242	613	351	7163	604	932	85	0	0	36	0	0	7	0	0	0	0	0	0	7	18	0	0	0	0	0	0	0	24	0	12	0	0	0	0	0	0	0	0	0	0	0	0	0	0	0	0	0	0	0	0	0	0	0	0	0	0	0	0	0	0	0	4	0	0	0	0	0	58	0	0	0	0	0	0	2	0	0	0	0	0	0	0	0	0	0	0	0	0	0	20	0	0	0	0	0	0	0	0	0	0	0	0	0	0	0	9	0	0	0	0	0	0	0	0	0	0	5	0	0	0	0	0	0	0	0	0	0	14	0	0	0	0	0	0	0	0	0	0	0	0	0	0	0	6	0	0	0	0	0	0	59	0	0	0	0	0	0	0	0	0	0	0	0	140	0	0	0	20	0	0	0	0	0	0	0	0	0	0	0	0	0	0	0	0	0	0	0	0	0	0	8	0	0	0	0	0	0	0	0	0	0	0	0	0	0	0	0	0	0	0	0	0	0	0	0	607	17	15	0	0	0	0	206	32	0	0	7	0	0	173	22	4	0	0	0	0	5	0	0	0	0	0	0	0	0	0	0	0	51	0	0	102	0	0	0	32	263	0	0	21	0	0	0	0	0	8	0	0	0	0	0	0	0	0	0	0	0	0	0	40	0	0	0	0	0	0	33	0	0	0	0	23	0	0	0	0	0	57	0	0	0	0	5	0	0	0	0	0	0	0	0	0	0	0	0	0	0	0	0	89	233	0	0	0	0	0	0	36	0	0	0	0	7	0	0	0	0	0	0	0	13	0	0	0	0	0	0	35	0	0	0	0	0	0	32	0	12	0	0	10	182	0	0	96	0	0	0	64	0	0	0	0	0	0	0	0	0	0	0	0	0	0	0	0	0	0	85	0	0	0	0	0	0	0	168	0	0	0	15	0	61	0	0	0	0	0	0	0	0	0	0	0	0	0	0	0	0	112	0	0	0	0	0	0	59	70	15	0	377	74	421	14	0	0	2	0	0	52	0	0	139	0	0	0	36	0	0	0	0	0	0	0	0	0	13	0	89	326	41	0	0	0	0	0	0	0	0	0	0	0	0	8	0	0	0	0	0	0	0	0	0	0	0	0	0	16	0	251	0	0	162	832	242	594	0	0	297	835	0	0	75	0	0	0	0	0	0	0	0	0	0	0	0	0	0	0	0	0	4	0	10	0	0	0	0	51	165	84	0	0	0	11	0	150	0	0	20	3	0	0	0	0	0	0	0	0	0	0	0	25	0	0	0	0	8	0	0	0	0	0	604	3789	321	34	705	67	183	266	0	4947	0	0	0	0	0	0	0	0	0	0	0	0	0	0	0	119	0	21	94	0	36	0	0	0	0	0	58	0	115	0	0	0	15	0	53	0	0	61	394	114	171	69	76	57	0	48	167	0	0	0	0	0	0	0	114	0	0	0	0	17	0	8	0	0	0	0	0	0	2	0	0	0	0	0	0	0	0	0	0	0	0	0	0	22	0	0	0	0	0	0	0	0	0	37	0	0	0	0	0	0	0	0	0	0	0	0	0	0	0	0	0	0	0	0	0	0	0	0	0	0	0	0	0	0	0	0	0	0	0	0	0	0	0	0	33	0	0	0	0	0	0	0	0	0	0	0	0	0	0	0	0	0	0	0	0	0	0	0	0	0	0	0	0	0	0	0	6	0	0	0	0	0	0	0	0	0	0	0	22	0	0	0	0	0	0	0	0	0	0	0	0	0	0	0	0	0	0	0	0	0	0	0	0	0	104	0	0	40	0	0	0	0	0	0	0	0
W1x1403	0	0	0	0	0	0	0	0	0	0	0	0	0	0	0	0	7	0	0	0	0	0	0	0	0	0	0	0	0	0	0	0	0	0	0	0	0	0	0	0	0	0	0	0	0	0	0	0	0	0	0	0	0	104	0	0	0	0	0	0	0	0	0	0	0	12	0	0	0	0	0	0	0	0	0	0	0	0	0	0	0	0	0	0	0	0	0	0	0	0	0	33	0	45	0	70	0	23	0	0	0	0	0	0	0	0	0	0	0	0	26	0	0	38	0	0	0	0	145	0	0	0	41	0	0	24	0	0	0	0	0	49	0	20	0	0	0	0	0	0	0	0	0	0	0	0	0	0	0	0	0	0	0	0	0	0	0	0	0	0	0	0	0	0	0	0	0	0	0	0	0	0	0	0	0	0	0	0	30	0	0	0	0	0	0	0	0	0	0	0	0	0	0	0	0	31	56	84	122	0	0	520	50	0	157	0	0	390	0	0	0	9	5	0	348	0	0	0	0	0	0	0	0	0	0	0	0	12	0	0	0	0	0	0	0	0	0	0	0	0	0	0	0	0	0	0	0	19	0	154	0	134	0	0	33	0	1152	0	0	0	0	0	0	0	0	0	0	0	0	0	0	19	0	0	22	136	239	171	427	0	51	486	108	0	0	0	0	0	0	0	0	0	0	0	0	0	0	0	0	9	0	0	0	41	144	0	273	0	0	0	0	0	0	0	0	0	0	0	0	0	489	1421	0	303	97	412	0	99	15	126	0	0	0	0	0	0	0	0	0	0	0	0	0	0	0	59	0	0	0	0	0	0	0	0	0	0	0	0	0	0	0	39	0	0	0	0	0	0	0	0	0	0	4	0	0	0	0	0	0	0	0	0	27	0	0	0	0	23	61	0	0	0	25	0	190	0	248	28	0	0	50	77	43	0	0	118	0	0	6	0	0	0	0	41	0	0	130	0	0	0	338	0	0	841	370	191	680	0	314	572	0	10	0	0	7	0	0	0	61	0	6	0	0	0	0	0	0	0	0	0	0	0	0	0	0	0	0	0	0	0	0	0	29	8	619	6709	0	970	1425	9106	1257	1308	112	0	0	0	0	0	0	0	0	0	0	0	0	0	0	0	11	0	0	0	0	15	0	0	0	0	7	0	0	0	0	0	0	0	0	0	0	0	0	0	0	0	0	0	0	0	0	0	0	0	0	6	0	0	0	0	0	0	0	0	0	34	0	0	0	0	0	0	0	0	4	0	0	0	0	0	0	0	0	0	0	0	0	0	9	0	0	0	74	51	0	177	0	0	0	10	0	0	0	0	0	0	0	0	0	0	0	0	0	0	0	0	0	0	0	0	0	0	0	0	0	0	18	0	0	0	0	0	0	0	0	0	0	0	0	0	0	0	0	0	0	0	0	0	0	6	0	0	0	0	0	0	0	0	0	0	78	20	391	0	0	25	0	134	50	15	0	0	0	0	0	0	0	0	0	0	0	0	0	0	0	0	0	0	0	69	0	0	0	0	0	0	0	0	0	18	0	0	0	0	0	0	0	0	0	0	0	0	0	0	0	0	0	0	0	0	0	0	167	0	0	12	0	65	0	0	0	0	0	0	0	9	0	0	0	0	0	0	0	0	0	0	0	0	0	0	0	0	109	0	0	0	0	0	0	0	0	0	0	0	0	0	0	0	0	0	0	0	0	0	0	0	0	0	0	0	0	0	0	91	0	0	0	0	0	0	0	5	0	0	0	0	0	0	0	0	0	0	0	0	0	0	0	0	0	0	0	0	0	0	0	27	0	0	0	0	0	0	0	0	0	0	559	0	0	12	0	0	0	0	0	0	0	0	0	0	0	0	0	0	25	0	10	0	0	0	0	0	38	101	0	0	106	0	0	0	0	0	0	0	0	0	102	18	19	0	2	0	0	0	0	0	0	0	0	0	0	0	0	0	0	0	0	0	0	3	0	0	53	0	102	0	0	0	0	77	0	0	0	0	0	0	0	0	0	0	0	0	0	0	0	0	0	0	0	0	0	0	0	0	253	0	0	140	0	300	7	180	40	0	0	0	0	0	0	0	0	0	0	0	0	0	0	0	0	0	56	256	116	0	429	20	0	0	0	0	2	0	0	0	0	0	0	0	0	0	0	0	0	0	0	0	0	0	0	0	0	0	26	0	0	0	0	0	0	165	52	0	295	0	174	0	0	0	25	118	0	0	0	0	0	0	25	4	0	0	0	21	21	14	0	0	0	0	0	0	0	0	0	0	0	0	76	0	385	157	0	362	191	0	0	156	0	0	0	0	0	0	0	0	0	0	0	0	0	0	0	0	0	0	0	18	0	0	0	114	0	1130	58	303	0	872	519	0	0	0	0	0	0	0	0	0	0	0	0	0	0	0	0	0	41	0	126	0	0	0	0	29	0	0	0	24	0	140	0	0	0	0	0	0	0	0	0	89	0	0	0	104	151	1753	76	484	0	0	0	0	35	0	0	0	0	0	0	0	0	0	0	0	0	0	0	0	0	0	0	0	0	0	0	0	0	0	0	0	0	0	0	0	23	0	0	0	0	0	0	0	0	0	0	0	0	0	0	0	0	0	0	0	0	0	0	0	0	0	0	0	0	0	0	0	0	0	0	0	0	0	0	0	0	0	0	0	0	0	0	0	0	0	0	0	0	0	0	0	0	0	0	0	0	0	0	0	0	0	0	0	0	0	0	0	0	0	0	0	0	0	0	0	0	0	0	0	0	0	0	0	0	0	0	0	0	0	0	28	0	0	0	0	0	0	0	0	9	0	0	0	6	0	0	0	0	0	0	0	0	0	0	16	0	0	145	0	76	0	8	78	0	0	0	0	0
W1x1410	0	0	0	0	0	0	0	0	0	0	0	58	0	0	0	0	0	0	0	0	0	0	0	0	0	0	0	0	0	0	0	0	0	0	0	0	0	0	0	0	0	0	2	0	0	0	0	0	0	0	0	0	0	53	0	0	0	0	0	0	0	0	0	0	0	12	0	0	8	0	0	0	0	0	0	0	0	0	0	0	0	3	0	0	0	0	0	0	0	0	0	0	381	0	0	0	0	0	0	0	0	0	0	0	0	0	0	0	0	0	0	0	0	35	0	0	0	0	129	0	0	0	23	0	0	116	0	0	0	0	0	12	0	0	0	0	0	0	0	0	0	0	0	0	0	0	0	0	3	0	0	64	0	35	0	0	0	0	0	0	0	0	0	0	0	0	0	0	0	0	0	0	0	0	0	0	0	0	0	0	5	0	0	0	0	0	0	0	0	0	0	0	0	9	0	0	0	0	365	0	0	387	19	193	26	0	0	0	0	0	0	0	0	0	0	0	0	0	0	0	0	0	0	0	0	0	0	0	0	0	0	0	0	0	0	52	0	20	0	0	0	0	0	0	0	0	0	16	0	32	0	34	0	0	22	0	0	0	0	0	0	0	0	0	0	0	0	0	0	0	0	41	12	0	68	31	0	468	0	328	0	485	23	0	110	0	0	0	0	0	0	0	0	0	0	0	0	0	0	0	0	0	0	0	0	0	92	0	0	0	0	0	0	0	0	0	0	0	0	0	417	892	0	357	153	0	0	0	0	568	0	0	0	0	0	0	0	0	0	0	0	0	0	0	0	96	0	0	0	0	6	0	0	0	0	0	0	29	0	0	0	0	107	0	0	0	0	0	0	0	0	0	0	0	0	0	0	0	0	0	0	0	0	0	0	0	0	0	0	0	0	0	0	35	0	0	36	0	0	9	15	0	27	0	225	225	0	0	0	0	15	0	0	215	0	29	0	0	0	0	6720	122	0	0	1944	0	1570	18	237	661	0	0	0	0	0	247	0	0	0	0	0	0	0	0	0	0	0	0	18	0	0	14	0	0	0	0	2	0	0	0	0	0	121	25	265	348	61	5097	3023	0	720	2395	47	0	0	0	0	0	0	0	0	0	0	0	0	0	0	0	10	0	0	0	0	0	0	0	0	0	0	0	0	0	0	0	0	0	0	0	0	0	0	0	0	0	0	35	0	0	0	0	0	0	0	0	0	0	0	0	15	0	0	0	0	0	0	0	0	0	0	0	0	0	28	0	0	0	0	0	0	0	0	0	0	0	0	0	0	0	0	630	0	82	0	0	0	110	0	0	0	0	0	0	24	0	0	18	0	0	0	0	0	0	0	0	0	0	0	0	9	0	0	0	0	0	0	0	0	0	0	0	0	0	0	0	0	0	0	0	0	0	4	0	0	0	0	0	0	3	0	0	0	0	0	0	0	0	0	0	0	0	0	0	0	0	207	0	0	0	0	0	9	0	0	0	0	0	0	0	0	0	0	0	0	0	0	0	0	0	0	0	0	0	0	0	0	57	0	0	0	0	0	0	0	0	0	0	0	0	0	0	0	6	0	0	0	0	0	0	0	52	60	0	169	19	0	0	0	0	0	0	0	0	0	0	0	99	0	0	0	0	0	0	0	0	0	0	0	0	588	0	187	0	214	0	0	0	0	0	0	0	0	0	19	0	0	0	0	0	0	0	0	0	0	0	0	0	0	0	62	0	0	0	0	0	0	0	0	0	0	9	0	0	0	0	0	0	0	0	0	0	0	0	0	0	0	0	0	0	0	0	0	0	0	0	0	0	794	0	46	0	0	401	0	0	7	0	9	0	0	24	298	0	0	0	0	0	0	0	0	0	0	0	0	0	0	0	0	0	0	0	77	75	0	0	0	0	18	0	0	0	33	0	0	0	0	4	0	0	0	0	0	0	0	0	0	0	0	0	0	0	0	0	0	0	0	0	0	0	0	0	15	0	0	0	0	0	0	0	0	0	0	0	0	0	0	0	0	0	0	0	0	0	0	0	0	0	105	0	0	0	0	100	42	0	0	93	177	695	0	8	37	0	0	512	0	0	5	0	0	0	0	0	0	0	0	0	0	0	548	0	522	16	0	3	127	0	0	0	0	0	0	0	0	0	0	0	0	0	0	0	0	0	0	0	0	0	0	0	0	0	0	0	0	0	0	0	0	140	0	1640	650	0	0	0	338	0	0	341	0	34	0	0	15	0	0	0	0	0	0	0	0	0	0	0	0	0	0	0	0	0	0	83	29	71	0	0	0	0	0	0	160	0	0	115	0	0	0	0	34	0	39	0	0	0	0	222	0	0	0	0	0	0	0	0	0	0	0	0	327	877	16	2244	0	98	92	220	430	0	0	0	0	0	0	0	0	0	0	0	0	0	0	0	399	0	0	0	0	0	50	0	0	0	0	0	0	234	0	0	0	0	0	0	2	0	0	9	44	0	17	19	296	0	0	1006	0	0	0	0	0	0	0	0	0	0	0	0	0	0	16	0	0	0	0	0	0	0	0	0	0	0	0	0	0	0	0	0	0	0	108	0	0	0	0	0	0	0	0	0	0	0	10	0	0	0	0	0	0	0	0	0	0	0	0	0	0	0	0	0	0	0	0	0	0	0	0	0	0	0	0	0	0	0	0	0	0	0	0	0	0	0	0	0	0	0	0	0	0	0	0	0	0	0	0	0	0	0	0	0	0	0	0	0	0	0	0	0	0	0	0	0	0	0	0	0	0	0	0	0	4	0	0	0	0	0	0	116	0	0	0	0	0	0	0	0	0	0	0	0	0	0	0	0	0	0	0	0	0	0	0	17	0	0	63	0	42	0	4	0	0	0	0	0	0
W1x1414	0	0	0	0	0	0	0	0	0	0	0	27	0	0	0	0	0	0	0	0	0	0	49	0	0	0	0	0	0	0	0	0	0	0	0	0	0	0	0	0	0	0	0	0	0	0	0	0	0	0	0	0	0	0	11	5	0	0	0	0	0	0	0	0	0	12	83	0	0	42	0	0	0	0	0	0	0	0	0	0	0	0	0	0	0	0	0	0	0	125	0	0	0	28	0	0	0	52	0	0	0	0	0	0	0	0	0	0	0	0	0	0	0	0	0	0	0	32	80	0	0	0	0	282	45	0	0	0	0	0	0	22	0	0	0	0	0	0	0	0	0	0	0	0	0	0	0	0	18	0	0	0	0	14	25	0	0	0	0	0	0	0	0	0	0	280	0	0	0	0	0	0	199	0	0	0	0	0	0	32	0	0	0	0	0	0	0	0	0	21	0	0	35	0	0	45	0	0	55	0	231	142	210	0	68	544	0	0	173	70	22	23	0	0	0	0	0	0	0	0	0	0	0	8	0	0	0	0	0	0	5	0	0	0	0	0	0	8	0	0	0	0	0	0	0	0	0	17	0	100	0	0	0	102	360	67	0	0	0	0	0	0	0	0	0	0	0	0	0	0	0	13	94	0	0	97	0	322	185	139	428	211	153	236	656	0	0	0	0	0	0	0	0	0	0	0	0	0	0	24	0	0	0	28	71	395	0	0	0	0	0	0	0	0	0	0	0	0	0	147	109	129	7	268	115	219	76	35	0	243	0	0	0	0	0	0	0	0	0	0	0	0	0	0	0	63	0	0	0	72	620	0	0	0	0	0	0	15	0	0	0	16	0	4	0	18	0	43	0	0	0	0	8	0	0	0	14	0	0	0	0	0	0	18	0	0	0	0	0	0	0	0	96	24	0	0	0	117	419	42	94	0	0	42	0	19	0	0	0	0	0	0	0	0	0	20	0	0	0	0	284	291	443	925	175	26	174	1226	296	364	20	0	0	0	25	0	0	0	0	0	0	0	0	0	20	0	0	0	0	0	0	0	0	0	0	0	0	0	0	0	0	0	117	111	711	0	3330	763	868	11	1868	463	0	0	0	0	0	4	8	0	0	0	0	0	0	0	0	0	0	112	0	0	0	0	171	0	0	0	18	0	0	0	0	0	0	0	0	0	0	0	0	0	0	0	0	0	0	0	0	0	0	0	0	0	0	0	0	0	0	0	0	0	76	0	0	0	0	0	0	0	0	0	0	0	0	0	0	0	0	0	0	0	0	0	0	16	0	0	0	0	24	0	0	7	0	0	0	0	0	31	0	0	0	0	0	0	0	0	0	0	0	0	0	0	0	0	0	0	0	0	0	0	0	0	14	0	0	0	0	0	0	0	0	0	0	0	0	0	0	0	28	0	18	0	12	0	0	19	0	0	0	0	0	0	0	0	0	0	76	30	20	107	0	42	0	0	0	0	0	0	0	0	0	0	0	0	0	0	0	0	0	0	0	0	0	0	0	0	0	0	0	0	0	0	0	0	0	3	0	0	0	0	0	0	0	0	0	0	0	0	0	22	0	29	0	0	0	0	14	0	64	0	0	0	0	0	0	0	0	0	0	0	0	0	0	0	0	0	0	0	0	0	0	0	0	111	0	0	82	0	0	0	0	0	31	0	0	0	4	15	0	0	0	0	0	0	0	0	0	0	0	0	0	0	0	0	0	0	0	0	361	25	0	0	0	0	0	20	0	0	0	0	0	16	0	0	0	0	0	0	0	0	0	0	0	0	0	0	0	0	0	244	0	0	0	0	49	54	0	0	0	0	0	0	16	0	7	0	0	0	0	0	0	0	0	0	0	0	0	0	0	0	36	0	0	64	0	0	0	0	13	123	0	3	84	0	0	121	0	0	646	0	0	0	26	150	21	0	0	0	0	0	0	0	0	0	0	0	0	0	0	0	0	0	0	0	0	0	0	0	118	0	0	0	0	212	0	48	0	0	0	0	0	0	0	0	0	0	0	0	0	0	0	0	0	10	45	2	0	0	0	0	379	18	0	128	128	7	34	0	125	0	0	0	0	0	0	0	0	0	0	11	0	0	0	0	0	0	96	0	0	0	35	79	0	28	0	0	0	0	0	0	0	0	0	0	0	0	0	0	0	0	0	0	0	0	0	0	0	0	9	0	0	0	0	0	83	180	506	0	0	321	69	0	0	0	146	65	0	0	0	0	0	0	0	0	0	0	0	0	0	8	0	0	0	0	0	0	0	0	0	0	0	288	0	0	0	41	0	0	22	0	0	32	0	0	0	0	0	0	0	0	0	0	121	0	0	0	0	0	0	0	93	0	0	19	0	689	1649	362	39	501	551	391	1627	224	0	0	0	0	0	0	0	15	0	0	11	0	0	0	0	0	30	0	0	78	0	15	0	0	0	0	0	82	0	17	0	0	0	0	0	0	415	0	1839	212	0	576	344	0	310	0	171	35	0	0	0	0	0	0	0	0	0	0	0	0	0	0	0	0	0	0	0	0	0	0	0	0	0	0	0	0	0	0	0	0	0	0	0	0	0	0	0	0	74	0	0	13	290	0	0	0	0	0	0	0	0	0	0	0	0	0	0	0	0	0	0	0	0	0	0	0	0	0	0	0	0	0	0	0	0	145	0	0	0	0	0	0	0	0	0	0	0	0	0	0	0	0	0	0	0	0	0	0	0	0	0	0	0	0	0	0	0	0	0	0	0	0	0	0	0	0	0	0	14	0	0	0	0	0	0	0	0	0	0	13	0	0	0	15	0	0	0	0	0	0	120	0	0	0	0	0	0	0	0	0	0	0	0	0	0	14	0	0	69	0	17	0	0	0	0	0	0
W1x1416	0	0	0	0	0	0	0	0	0	0	0	0	0	0	0	0	0	0	0	0	0	0	0	0	0	0	0	0	0	0	0	0	0	0	0	0	0	0	0	0	0	0	0	0	0	0	0	0	0	0	0	0	0	0	0	0	0	0	0	0	0	0	0	0	0	0	0	0	0	0	0	0	0	0	0	0	0	0	0	0	0	0	0	0	0	0	0	0	2	0	0	0	0	34	0	27	0	9	0	0	0	0	4	0	0	0	0	0	0	0	0	0	0	12	0	0	0	0	0	0	0	0	24	0	0	74	0	0	0	0	49	36	0	0	0	0	0	0	0	0	0	0	0	0	0	0	0	0	0	0	0	0	0	0	0	0	0	0	0	11	0	0	0	0	0	10	0	0	0	0	0	0	0	0	0	0	0	0	0	0	8	0	0	0	0	0	0	0	0	0	0	0	0	14	0	19	16	0	137	0	30	93	0	25	100	0	0	0	0	0	12	0	0	0	0	0	0	0	0	0	0	0	0	0	0	0	0	0	0	0	74	0	0	0	0	0	58	0	0	0	0	0	0	0	0	0	0	0	0	82	35	54	11	32	52	0	0	0	0	0	0	0	0	0	0	0	0	0	0	0	0	11	0	0	17	168	57	113	435	97	65	162	5	115	171	0	0	0	0	0	0	0	0	0	0	0	0	0	6	316	0	0	0	32	56	0	0	0	0	0	0	0	0	0	0	0	0	0	0	0	833	31	0	113	78	0	0	0	0	69	0	0	0	0	0	0	0	0	0	0	0	0	0	0	0	25	0	147	0	0	147	0	0	0	0	0	0	0	0	0	0	21	0	0	0	0	0	0	0	0	0	0	0	0	0	0	0	0	0	0	0	0	0	0	0	0	0	16	0	0	0	0	0	0	0	0	6	0	0	36	0	0	0	0	0	0	0	0	0	0	0	0	0	0	0	0	0	0	0	0	40	419	0	0	367	97	236	234	455	272	0	0	0	0	20	0	0	0	0	0	0	0	0	0	0	0	0	0	0	0	0	0	0	0	0	0	0	0	0	0	0	0	143	6	502	6990	1122	874	2424	4626	1133	302	143	0	0	0	0	0	4	0	0	0	0	0	0	0	0	0	0	0	0	0	0	0	0	0	0	0	0	0	0	0	0	0	0	0	0	0	0	0	0	0	0	0	0	0	0	0	0	0	0	0	0	0	0	0	0	0	0	0	0	0	0	0	0	0	0	0	0	0	0	0	0	0	0	0	0	0	0	0	0	0	0	0	0	0	0	0	0	0	0	0	170	0	0	0	0	0	0	0	0	0	0	0	0	0	0	0	0	0	0	0	0	0	0	0	0	0	0	0	0	0	0	0	0	0	0	0	0	0	0	0	0	0	0	0	0	0	0	0	0	0	0	0	6	0	0	0	0	0	0	0	0	0	0	0	0	0	0	19	0	0	0	35	8	0	0	0	0	0	0	0	0	0	0	0	0	0	0	0	0	0	0	0	0	0	0	0	0	0	0	0	0	0	0	0	0	0	0	0	0	0	0	0	0	0	0	0	0	0	0	0	0	0	0	0	0	0	0	0	51	0	0	0	0	0	28	0	0	0	0	0	0	0	0	0	0	0	0	0	0	0	0	0	0	27	0	0	0	0	75	0	24	0	0	0	0	0	0	0	0	0	0	0	0	0	0	0	0	0	0	0	0	0	0	0	0	0	0	0	0	8	0	0	0	0	0	0	0	0	0	0	0	0	0	0	0	0	0	0	0	0	0	0	0	0	0	0	0	0	0	0	0	0	0	0	0	9	47	0	0	0	0	0	0	0	0	0	0	0	0	0	0	0	0	0	0	0	0	0	0	0	0	0	0	0	84	0	0	0	63	39	0	0	0	0	0	62	0	0	0	0	0	0	109	0	4	0	0	0	0	0	0	0	0	0	0	0	0	0	0	0	0	0	0	0	0	0	0	0	46	118	0	0	0	11	0	79	0	0	0	0	0	0	0	0	0	0	0	0	0	0	0	0	0	24	0	0	0	0	0	0	182	247	0	196	394	237	0	0	54	0	0	0	0	0	0	0	0	18	0	0	0	0	0	0	0	0	0	124	0	27	21	12	0	0	0	0	0	0	0	0	0	0	0	0	0	0	0	0	0	0	0	0	0	0	0	0	0	0	4	0	0	0	25	0	0	68	21	0	234	0	0	0	252	0	25	0	0	10	0	0	0	0	0	0	0	0	0	0	18	0	0	0	0	0	0	0	0	0	0	0	0	0	0	0	0	0	376	0	0	0	664	25	0	0	0	0	0	0	0	0	0	0	0	0	18	0	0	0	0	0	0	0	0	0	0	311	323	417	155	1038	178	349	653	0	2705	0	0	0	0	0	0	0	0	0	0	0	0	0	0	0	50	0	9	10	0	0	0	0	0	0	0	38	0	57	0	0	0	0	0	0	0	0	0	14	0	0	542	0	220	0	0	69	0	0	0	0	0	0	0	0	0	0	0	0	0	0	2	0	0	0	0	0	0	0	0	0	0	0	0	0	0	0	0	0	0	0	0	0	0	0	0	0	0	0	0	0	0	0	0	0	0	0	0	0	0	0	20	0	0	0	0	0	0	0	0	0	0	0	45	0	0	0	0	0	0	0	0	0	0	0	0	0	0	0	0	0	0	0	0	0	0	0	4	0	0	0	0	0	0	0	0	0	0	0	0	0	0	0	0	0	0	0	0	0	0	0	0	0	0	0	0	0	0	0	0	0	0	0	0	0	0	0	0	0	0	0	0	0	0	0	0	0	0	0	0	0	0	0	0	0	0	0	0	0	0	0	0	33	0	0	0	0	0	0	0	24	0	0	0	0	0
W1x1501	0	0	0	0	8	17	0	0	0	83	0	0	0	25	0	0	19	49	0	0	0	0	0	14	38	0	0	0	6	0	0	0	0	0	0	11	0	0	0	0	0	0	96	0	25	136	51	0	12	0	0	16	0	0	0	7	0	0	122	0	60	0	72	0	0	0	0	0	0	0	0	0	0	0	11	68	0	0	0	0	0	0	0	0	0	15	0	0	0	0	0	0	0	0	0	0	216	18	0	0	0	14	0	0	6	49	0	35	0	0	0	0	36	0	0	0	0	104	45	0	50	0	0	335	41	20	0	177	26	158	0	38	47	0	0	0	37	17	0	23	23	19	0	0	0	22	0	34	0	0	0	0	0	0	0	0	88	0	0	0	11	0	52	70	27	15	0	32	0	0	14	50	0	64	104	327	84	0	0	3	0	0	22	37	0	0	0	0	0	0	0	0	0	0	0	0	0	249	0	949	27	28	15	0	0	0	0	0	0	0	0	63	22	162	0	0	0	0	0	0	0	0	0	0	0	0	0	0	0	0	0	126	0	16	38	0	0	0	0	0	0	0	5	0	0	0	0	0	0	0	0	29	0	0	0	0	0	0	0	0	0	0	0	0	0	0	0	0	0	0	0	0	0	0	18	0	447	146	94	167	527	311	434	193	129	27	0	0	0	0	0	51	0	0	0	0	0	0	0	0	138	0	0	48	0	381	0	493	0	0	0	11	0	0	0	0	0	0	0	0	0	176	521	242	47	73	0	422	95	17	0	0	0	0	0	0	0	0	44	0	15	0	0	133	244	0	0	201	0	139	9	0	0	0	0	0	0	0	0	60	0	0	0	79	0	0	0	0	0	0	0	0	0	0	0	0	0	0	0	0	0	0	0	0	0	0	0	0	22	0	0	0	0	0	0	0	11	68	13	78	0	0	56	38	180	149	0	0	29	0	0	0	15	0	0	0	0	0	32	0	465	266	0	985	191	498	101	0	635	110	0	23	42	107	0	0	0	0	0	0	0	0	0	34	0	0	0	0	0	0	8	0	0	49	32	0	0	0	0	0	0	143	37	2418	595	427	3171	1486	340	0	1836	132	383	0	84	0	0	0	6	0	45	0	0	39	0	0	0	0	0	0	0	0	22	0	0	0	0	0	22	105	0	33	0	0	0	4	0	0	0	0	46	0	0	84	0	0	0	0	7	0	0	0	0	0	0	0	0	0	0	0	0	17	0	22	0	0	0	0	0	8	0	0	0	0	0	0	0	21	0	0	0	0	0	0	0	0	0	0	0	28	42	0	0	120	0	14	0	0	0	0	0	0	0	0	0	0	0	0	0	0	0	82	0	13	35	0	0	0	0	0	0	0	0	48	0	82	0	0	0	0	0	0	0	0	0	20	0	0	37	0	0	18	0	0	0	89	0	58	0	0	0	24	0	0	0	0	0	103	274	16	0	0	315	48	15	0	0	0	40	0	0	0	0	0	0	20	0	0	0	0	0	0	11	0	0	23	0	32	25	0	0	0	0	0	76	0	0	0	0	19	0	0	159	14	0	22	0	0	0	0	0	28	0	13	120	0	31	21	0	0	35	0	48	14	145	0	0	0	111	0	0	25	0	0	0	0	0	0	0	0	2	0	0	0	0	0	0	0	0	0	0	14	0	0	0	0	0	0	0	0	0	0	0	0	0	32	0	0	0	31	39	0	63	0	18	0	0	0	45	0	0	0	0	90	190	0	125	0	165	0	101	0	0	14	0	73	0	0	11	0	0	33	0	0	0	0	0	0	0	0	0	0	55	0	5	6	14	0	0	228	63	0	15	0	0	0	0	0	0	0	0	0	0	0	0	0	0	0	221	0	0	0	0	13	36	0	0	0	15	0	103	7	0	277	0	10	0	313	307	0	28	0	0	0	0	0	44	0	0	0	0	0	0	30	0	0	31	0	67	84	0	5	0	0	0	0	0	0	0	0	0	22	0	138	0	7	49	0	0	0	0	0	0	0	0	0	0	0	0	0	0	0	0	0	0	22	4	0	0	0	0	0	22	45	0	0	0	44	40	1074	49	86	19	0	0	0	0	0	0	0	0	0	0	0	0	0	19	0	130	0	0	0	348	48	0	0	0	0	0	16	0	0	101	0	0	0	0	0	0	0	10	0	0	0	0	0	0	0	0	121	13	0	320	0	0	0	0	47	22	0	0	116	84	27	0	0	139	69	0	0	0	28	0	0	0	0	0	0	0	13	0	0	57	0	0	0	41	0	0	0	0	0	0	0	134	27	0	61	0	0	0	105	31	53	0	0	5	35	0	0	0	0	610	0	0	0	0	118	0	0	0	18	0	37	0	0	0	227	268	383	806	105	298	1433	76	160	401	31	0	0	0	0	0	0	16	0	0	0	0	0	30	0	60	100	0	0	0	10	302	143	0	93	0	18	0	60	0	0	20	164	6	31	0	0	0	138	0	0	50	827	30	0	289	146	0	0	0	0	74	0	0	0	0	0	71	0	0	0	13	0	16	0	0	0	0	0	0	0	0	0	0	0	0	0	0	0	0	0	0	0	0	0	4	11	0	0	0	0	0	40	0	0	0	20	0	0	0	0	0	0	0	0	14	0	0	0	0	7	0	75	0	0	57	64	0	0	116	103	0	0	0	0	0	11	0	0	0	0	0	0	0	0	0	0	0	0	0	0	0	20	0	0	0	0	0	0	0	19	0	0	0	0	0	49	0	0	14	0	0	0	0	15	0	0	0	9	0	0	0	0	11	0	57	38	0	21	0	0	123	0	0	0	318	0	0	29	0	0	0	0	0	8	0	0	0	0	0	29	0	0	0	19	0	0	0	0	23	44	24	34	0	0	0
W1x1503	0	0	0	0	0	0	0	0	0	0	0	13	0	0	0	0	0	0	0	23	0	0	0	0	0	5	0	0	0	0	0	0	0	0	0	0	0	0	0	0	0	0	0	0	0	0	0	0	0	0	0	0	0	0	42	0	0	0	0	0	0	0	0	0	0	0	0	0	0	0	0	0	0	0	0	0	0	0	0	0	0	0	0	0	0	0	0	0	0	0	0	0	0	22	0	0	0	22	143	0	0	0	6	0	0	0	0	0	0	0	0	0	0	0	0	0	0	0	68	0	0	0	0	0	0	17	46	32	0	0	35	0	0	0	0	0	0	0	0	0	0	0	0	0	0	0	0	0	0	0	0	0	0	0	0	0	0	0	0	0	0	0	0	0	0	0	0	74	0	156	0	30	0	0	0	0	0	0	19	0	0	0	0	0	0	0	0	0	0	0	0	0	0	0	0	0	26	46	52	0	0	0	55	0	79	0	0	105	0	25	0	0	0	22	223	0	0	0	0	0	0	0	0	0	0	0	0	6	0	0	0	0	0	0	0	132	0	0	0	0	0	23	0	0	0	0	0	0	0	0	98	42	51	0	69	52	0	0	11	18	0	0	0	0	0	0	0	33	43	0	0	0	0	0	0	224	38	156	0	81	135	71	21	0	120	0	0	0	0	0	0	0	0	0	0	0	0	0	0	0	0	0	0	22	47	0	26	43	0	0	0	0	0	0	0	0	0	0	0	0	0	91	86	72	179	18	0	0	0	71	17	0	0	0	0	0	0	0	0	0	0	0	0	0	0	55	0	0	0	0	0	0	0	0	0	0	0	53	0	32	0	30	0	0	87	0	0	0	0	0	0	0	0	0	7	0	0	0	0	0	0	0	0	0	0	0	0	83	0	0	0	0	0	35	0	0	35	0	94	0	31	0	171	0	310	0	0	0	0	0	19	0	0	0	0	18	0	0	0	0	120	60	0	174	138	103	365	82	125	124	0	0	0	0	0	18	0	0	0	0	0	0	0	0	0	0	0	0	0	0	0	0	0	0	0	0	0	0	21	0	0	0	217	0	134	5035	224	420	1367	3398	695	991	43	0	0	0	0	0	0	0	0	0	0	0	0	0	0	0	0	0	0	0	0	0	0	0	0	0	0	0	0	10	0	0	0	0	0	16	0	0	0	0	0	15	0	0	0	0	0	64	0	0	0	0	0	0	0	0	0	0	0	0	0	0	0	0	0	0	0	0	0	0	0	0	0	0	0	0	0	0	0	0	0	0	0	0	0	0	0	0	0	0	0	0	0	148	0	0	0	0	0	0	14	0	0	0	0	0	0	0	0	0	0	0	0	0	0	0	0	0	0	0	0	0	25	0	0	0	0	0	0	0	0	0	0	0	0	0	0	25	15	0	0	0	0	7	0	90	0	0	0	0	0	0	0	0	72	17	0	38	0	0	0	26	113	0	0	0	0	0	0	0	0	0	0	0	0	0	0	0	0	0	0	0	0	0	0	0	0	0	0	0	0	0	0	0	0	0	0	0	0	0	0	0	0	0	0	0	0	0	0	0	0	0	0	0	0	0	0	0	0	0	0	0	0	0	0	0	0	0	0	0	0	0	0	0	0	0	0	0	0	0	0	0	0	0	0	0	96	0	0	0	0	435	0	0	0	0	0	0	0	0	0	0	0	0	0	0	0	0	0	0	0	0	0	0	0	79	0	0	0	33	0	0	0	0	25	0	0	56	0	0	0	0	0	0	0	0	0	0	0	0	0	44	0	0	0	0	0	0	0	0	0	0	0	0	35	26	80	0	0	65	0	0	0	0	0	0	0	0	0	0	0	0	0	0	0	0	0	0	0	0	0	0	42	0	0	0	0	0	25	111	0	48	0	0	0	39	0	0	52	0	0	0	0	28	0	0	0	0	0	0	0	0	0	0	0	0	0	0	0	0	0	0	0	0	0	0	38	0	21	0	0	0	0	27	0	0	0	0	0	0	0	0	0	0	0	0	0	0	0	0	0	0	0	0	0	0	0	0	0	328	111	0	0	227	142	225	0	80	0	0	13	0	0	0	0	0	0	15	0	0	0	0	0	0	10	0	0	298	0	90	33	0	20	0	0	0	104	0	0	0	8	0	0	0	0	0	0	0	0	0	0	0	0	0	0	0	0	7	0	0	0	0	28	0	0	0	774	55	0	0	0	234	0	0	42	42	0	0	0	0	0	0	0	0	39	0	0	0	0	0	0	0	0	0	0	0	0	0	0	0	65	0	0	0	0	0	29	0	0	0	9	0	0	0	0	0	0	0	0	0	0	0	0	109	0	0	0	0	0	0	0	0	0	40	0	181	441	127	124	142	82	141	185	0	2715	0	0	0	0	0	0	0	0	0	0	0	0	0	0	0	73	26	22	0	0	0	46	48	37	0	0	35	0	46	0	0	0	5	0	0	0	0	0	414	148	0	82	95	215	189	0	56	0	0	0	0	0	0	0	0	11	0	0	0	0	0	0	0	0	0	0	0	0	0	0	0	0	0	0	0	0	0	0	0	0	0	0	0	0	0	0	0	0	0	0	0	0	0	0	0	0	0	0	0	0	0	6	0	0	0	0	0	110	15	0	0	0	0	0	0	0	0	0	0	0	0	0	0	0	0	0	0	0	0	0	0	0	0	0	0	0	0	0	0	0	0	0	0	0	0	61	0	0	0	0	0	0	0	0	0	0	0	0	0	0	0	0	0	0	0	0	0	0	0	0	0	0	0	0	0	0	0	0	0	0	0	66	0	0	0	0	0	0	0	0	0	0	0	0	0	0	0	0	0	0	0	0	117	0	0	59	0	74	0	0	15	0	0	0	0	0
W1x1507	0	0	0	0	0	0	0	0	0	297	0	0	0	0	59	0	44	0	0	0	21	0	0	0	63	0	0	6	0	0	0	0	0	0	0	0	0	0	0	0	0	0	42	0	0	51	26	0	12	39	0	20	0	0	0	77	0	0	30	70	0	0	0	0	0	0	0	0	0	0	0	0	4	0	0	71	0	0	0	0	0	0	8	8	0	0	0	0	0	0	0	0	0	0	0	0	99	0	0	0	0	23	0	12	13	0	0	0	0	0	0	0	19	0	0	0	0	0	71	0	89	186	0	0	7	24	0	105	161	307	0	31	0	0	0	45	146	0	0	0	0	32	0	0	0	0	11	0	0	0	0	0	0	0	0	0	0	38	143	49	0	0	97	26	70	0	0	0	96	242	0	0	0	0	218	93	0	0	0	0	0	0	3	20	0	0	0	0	0	0	0	0	0	0	0	0	0	40	264	835	7	30	0	92	0	24	0	0	0	0	0	0	0	78	0	0	0	0	0	10	0	0	0	0	0	12	0	0	72	0	0	0	0	0	0	0	0	0	0	0	0	0	0	0	0	0	0	0	0	111	0	33	0	0	0	0	0	0	0	0	0	0	0	0	0	0	0	0	205	0	0	32	0	0	19	65	47	458	0	594	107	199	34	0	0	20	0	0	0	0	204	96	0	0	0	0	0	0	0	0	0	15	0	0	0	0	229	279	0	0	0	7	0	0	0	0	0	0	0	0	145	625	622	164	80	0	140	0	0	182	0	0	0	0	0	0	0	0	76	0	0	0	0	0	0	83	0	0	651	0	0	0	0	0	0	0	31	25	0	21	0	0	0	162	0	0	0	0	0	0	0	98	0	0	0	0	0	0	0	0	0	0	0	0	4	0	0	20	130	0	775	0	0	5	0	0	0	0	0	0	0	0	0	0	170	126	0	0	0	0	0	0	147	0	0	0	0	0	10	0	1410	60	0	0	456	29	1169	75	282	498	0	0	0	0	0	0	0	62	0	0	0	0	0	4	0	0	0	0	0	0	0	18	0	32	0	0	0	0	0	0	0	0	106	60	1101	580	336	1739	1680	1236	1092	914	346	0	40	0	0	0	0	0	34	0	0	0	0	0	0	0	0	0	0	0	13	0	0	0	0	49	48	0	0	0	0	0	0	0	31	0	0	0	0	0	0	15	0	0	18	0	0	0	0	8	0	0	0	0	104	0	8	0	0	0	0	0	0	25	0	0	0	0	0	0	0	0	0	0	0	0	0	0	19	25	21	0	0	0	0	0	0	0	0	0	0	334	0	5	0	0	0	0	0	0	0	0	143	0	0	0	0	0	0	0	0	0	15	24	0	0	0	0	0	44	0	0	17	0	0	0	0	183	0	30	0	0	0	0	0	0	0	146	9	0	0	0	0	20	0	7	0	5	0	0	0	0	0	150	0	35	0	0	0	0	166	0	47	0	0	0	53	0	0	0	0	0	11	12	0	0	11	0	0	0	0	0	0	0	0	0	0	18	0	90	0	0	0	0	0	0	0	0	0	0	61	0	0	34	0	0	0	12	0	58	0	0	169	0	143	0	777	18	0	61	0	0	0	0	0	0	70	0	0	0	0	0	0	0	0	0	0	33	0	0	0	0	0	47	0	0	9	0	0	0	48	0	72	0	8	0	0	0	0	24	0	0	0	20	0	0	0	0	0	0	74	0	0	0	0	0	0	0	0	0	0	511	138	0	19	0	169	0	96	0	0	0	0	0	12	0	0	0	0	0	0	0	0	34	11	0	0	0	0	0	0	0	46	0	79	0	16	472	0	182	0	89	0	10	0	0	0	0	0	0	0	0	0	0	0	500	89	0	0	0	0	0	0	0	0	0	0	0	540	12	0	228	0	0	0	0	0	16	44	0	0	0	67	0	0	0	0	7	0	0	4	0	0	0	0	0	0	75	39	0	98	0	0	0	0	4	0	0	0	34	0	0	0	0	0	67	0	0	0	109	0	29	0	0	0	0	0	14	0	25	0	41	0	0	0	23	90	146	0	54	0	28	0	280	0	62	58	0	1043	0	0	0	0	0	0	0	0	0	0	0	0	0	0	12	0	0	35	0	0	0	17	0	164	0	43	0	0	153	21	0	27	0	0	0	0	0	0	0	0	0	0	0	0	0	0	0	0	21	0	0	100	0	0	0	0	254	0	773	0	0	0	33	1820	85	13	353	0	0	0	57	0	0	0	15	0	27	0	0	0	0	205	4	29	0	0	0	0	0	0	0	0	97	15	10	0	0	0	0	20	50	113	0	0	0	0	33	0	0	0	0	221	0	0	0	0	0	0	0	0	27	0	0	0	0	0	140	20	1139	627	1099	50	549	543	302	189	0	0	0	0	0	0	0	15	0	0	0	0	0	0	0	120	263	0	0	0	0	81	90	0	28	0	0	0	67	0	0	0	79	0	47	0	116	0	8	0	277	45	510	147	0	0	235	0	0	4	40	0	0	0	0	0	0	0	0	0	0	0	0	0	0	0	0	0	0	0	30	0	0	0	0	0	0	0	0	0	0	0	0	0	0	0	3	0	0	0	0	0	0	0	0	0	48	0	11	0	0	0	0	0	0	27	0	0	0	0	79	0	14	0	0	0	0	71	0	304	63	0	171	0	0	0	0	0	0	94	0	0	0	0	0	0	0	0	0	28	0	0	0	0	0	132	0	111	0	0	0	0	0	0	84	0	0	0	0	0	19	0	0	0	0	0	0	0	0	0	0	0	0	0	0	15	0	0	0	0	0	86	0	0	0	112	0	0	0	0	0	0	0	0	0	0	0	0	0	0	0	0	30	0	0	495	0	40	0	68	0	0	0	0	0	0
W1x1509	0	0	0	0	0	0	0	0	0	0	0	0	0	0	0	0	0	0	0	0	0	0	0	0	21	0	0	0	8	0	0	0	0	0	0	0	0	0	0	15	0	0	0	0	10	68	24	0	0	0	0	0	0	0	0	0	0	0	0	0	0	0	0	0	0	0	0	0	0	0	0	0	0	0	0	0	9	0	0	0	0	0	0	0	0	0	43	0	0	0	0	0	0	0	0	0	73	0	0	0	0	0	0	0	0	0	0	14	0	0	0	0	52	0	0	0	0	0	0	0	39	0	0	0	0	0	0	0	0	186	0	0	0	0	0	0	0	0	0	0	0	0	0	0	0	20	19	0	0	0	0	0	0	0	0	0	0	59	0	0	0	0	0	29	17	0	0	0	0	0	0	0	0	0	0	86	0	0	0	0	0	0	4	0	0	0	0	0	0	0	0	0	0	0	0	0	0	43	0	574	0	37	0	0	0	0	0	0	0	0	0	0	0	22	0	0	0	0	0	0	0	0	0	0	0	18	0	0	0	0	0	0	0	0	0	0	0	0	0	0	0	4	0	0	0	0	0	0	0	0	0	19	0	0	0	0	0	0	0	0	9	0	0	0	0	0	0	0	0	0	0	0	0	0	0	0	37	0	0	41	85	0	35	0	0	0	0	0	0	0	0	24	0	16	0	0	0	0	0	0	0	27	0	0	0	0	0	364	0	0	0	0	0	0	0	0	0	0	0	0	0	90	1219	23	0	0	67	0	0	50	0	0	0	0	0	0	0	0	0	0	0	0	0	0	114	0	0	0	0	0	0	4	0	0	21	0	0	0	0	30	0	0	0	162	0	0	0	0	0	0	0	0	0	0	0	0	0	0	0	0	0	0	0	0	0	0	5	0	0	0	0	0	0	0	0	0	0	0	0	0	0	0	0	14	0	0	0	0	0	0	0	0	0	0	0	0	0	0	0	0	219	0	0	0	90	26	83	0	24	22	0	0	39	30	0	10	0	4	0	0	0	0	77	0	0	0	0	0	0	0	0	0	0	14	0	0	0	0	0	0	0	0	0	31	37	60	0	234	272	0	71	118	0	0	0	0	0	0	0	0	0	0	0	14	0	0	0	0	0	0	0	0	22	0	0	0	0	0	0	0	0	0	0	0	0	0	0	0	0	78	30	0	0	25	0	0	25	0	0	0	0	0	0	0	0	0	0	0	0	0	0	16	0	0	0	41	0	0	0	0	0	0	0	0	0	0	0	0	0	0	0	0	0	0	0	0	0	0	0	0	0	0	0	0	6	0	17	0	0	0	0	0	0	0	0	0	0	0	0	0	0	0	0	0	0	0	29	0	0	0	0	101	0	0	0	0	0	0	0	0	0	0	0	0	0	0	0	0	0	0	0	0	0	0	0	27	0	10	0	0	0	0	0	0	0	0	0	17	0	0	0	0	141	0	0	0	0	0	0	0	0	0	0	0	14	0	0	0	24	0	0	0	0	0	0	35	0	0	0	0	0	0	0	0	0	0	0	0	0	0	0	0	0	0	0	0	0	0	0	0	0	0	0	0	19	0	0	0	0	0	0	0	0	0	83	0	0	0	18	0	0	0	0	0	0	0	0	0	0	0	0	0	0	0	0	0	0	0	0	0	0	0	0	0	0	0	0	0	0	0	0	0	0	0	0	0	0	0	0	0	0	0	0	0	0	0	0	0	0	0	0	0	0	829	34	0	115	0	0	0	0	0	0	0	0	0	0	0	0	0	0	0	0	0	0	0	0	0	0	0	0	0	0	0	0	0	0	0	0	32	0	0	0	0	0	0	0	0	0	5	0	0	0	0	0	0	0	0	105	0	0	0	0	0	0	0	0	0	0	0	62	0	0	273	0	0	0	0	0	0	0	0	0	0	13	0	0	0	0	0	0	0	0	0	0	0	0	0	0	0	0	0	0	0	54	0	0	0	0	0	0	0	0	20	0	0	0	0	0	0	0	0	0	0	11	12	18	0	0	0	0	78	0	0	0	0	0	0	0	0	0	16	0	0	27323	16	0	12	0	0	0	0	0	18	0	0	0	0	0	0	0	0	0	0	0	30	0	0	0	0	0	0	0	0	0	0	0	0	0	0	0	62	0	0	0	0	0	0	0	0	0	0	9	0	0	0	0	0	24	55	0	0	144	0	0	0	0	0	0	52	22	0	0	0	0	0	4	0	0	0	0	17	0	0	0	18	0	12	0	0	0	0	35	0	0	0	0	0	0	0	0	0	0	0	0	0	0	0	0	0	12	0	0	8	0	0	0	0	0	0	0	0	320	0	0	0	0	0	0	0	22	26	0	0	0	0	63	0	0	31	470	84	0	0	20	50	0	0	0	0	0	0	0	0	12	0	0	0	0	0	0	0	23	28	0	0	0	0	65	2288	0	51	0	0	0	20	0	0	0	70	0	0	0	0	13	0	0	0	0	659	56	0	19	51	0	0	0	0	0	0	0	0	0	0	0	0	0	0	0	0	9	0	0	0	0	3	0	0	0	0	0	0	0	0	0	0	0	0	0	0	0	0	19	0	0	0	0	0	0	0	0	0	0	14	0	0	0	0	0	0	0	0	36	0	0	0	0	0	0	36	0	0	0	26	0	0	8	53	0	0	0	0	0	0	0	0	0	0	0	0	0	0	0	0	0	0	0	0	0	0	0	0	0	10	0	0	0	0	0	0	0	0	24	0	0	0	0	0	0	0	0	0	0	0	0	0	0	0	0	0	0	0	0	35	0	0	16	0	96	0	8	0	81	0	0	0	0	0	0	0	0	18	0	0	0	0	0	0	0	0	0	0	0	0	0	0	0	0	0	28	0	0	0
W1x1510	0	0	0	0	0	0	0	0	0	0	0	0	0	0	0	0	0	0	0	37	0	0	0	0	0	0	0	0	0	0	0	0	12	0	0	0	0	0	0	0	0	0	0	0	0	0	0	0	0	0	0	0	0	0	0	0	0	0	0	0	0	0	0	0	14	6	0	0	0	0	0	0	0	0	0	0	0	0	0	0	0	0	0	0	0	0	0	0	0	0	0	18	0	31	542	91	0	0	0	0	0	0	0	0	0	0	0	0	0	0	0	0	0	0	0	0	0	0	110	0	0	0	49	0	0	52	287	0	0	0	0	77	0	0	13	0	0	0	0	0	0	0	0	0	0	0	0	0	0	0	0	0	0	21	16	40	0	0	0	0	0	0	0	0	0	6	155	712	0	0	0	0	0	0	0	0	0	0	22	0	0	0	0	0	0	0	0	0	0	0	0	0	0	0	0	0	53	0	172	0	0	70	0	0	117	0	160	0	0	0	0	0	0	0	244	8	0	0	0	0	0	0	0	0	0	9	0	0	0	49	0	0	0	0	0	0	0	0	0	0	0	7	0	0	0	36	0	28	0	406	39	158	0	0	74	182	0	0	8	10	0	0	0	0	0	0	0	0	0	0	0	28	0	0	44	44	0	443	639	488	112	155	0	383	5	0	0	0	0	0	0	0	0	0	0	0	0	0	0	0	0	0	0	80	142	0	25	0	0	0	0	0	0	0	0	0	0	0	0	0	0	26	0	249	208	25	0	73	0	101	0	0	0	0	0	0	0	0	0	0	0	0	0	0	0	139	0	106	169	0	242	0	0	0	0	0	0	0	0	0	0	40	106	7	59	0	0	0	0	0	0	0	0	0	0	0	0	0	0	0	0	0	0	0	0	0	0	29	0	0	0	0	26	0	0	0	108	0	48	0	70	52	79	10	0	38	0	0	0	0	0	0	0	66	0	0	0	0	17	0	35	607	0	1692	680	170	1874	0	147	740	0	0	0	0	0	0	0	0	0	0	0	0	0	0	0	0	0	0	8	0	0	0	0	0	0	0	20	0	0	0	45	0	0	20	668	15389	1861	1824	1241	8063	638	1964	95	0	0	0	0	0	0	0	0	6	0	0	0	0	0	0	0	0	0	0	0	0	0	0	22	0	0	0	0	0	0	0	0	0	0	0	0	0	0	0	0	0	0	0	0	0	0	0	0	0	0	0	13	44	0	0	14	0	0	0	0	0	52	0	9	0	0	0	0	0	0	0	0	0	0	0	0	0	0	0	0	0	0	0	10	0	0	0	52	142	0	0	0	0	0	0	0	0	0	0	0	0	0	18	0	0	0	0	0	0	0	0	0	0	0	0	0	0	0	0	0	0	0	0	0	0	0	16	0	0	0	0	0	0	0	0	0	0	15	0	0	0	8	0	0	0	0	0	0	0	0	0	0	14	0	0	0	0	152	0	0	0	10	0	0	0	0	0	13	0	0	0	0	0	0	0	0	0	0	0	0	0	0	0	0	0	0	13	0	0	0	0	0	0	0	0	0	0	0	0	0	0	0	0	0	0	0	0	0	0	0	0	0	0	0	0	0	191	58	0	0	15	0	52	0	0	0	0	0	0	0	0	0	0	0	0	0	0	0	0	0	0	0	47	0	0	0	0	82	0	51	16	0	0	0	0	0	0	0	0	0	0	0	0	0	0	0	0	0	0	0	0	0	0	0	0	0	20	0	272	0	0	0	0	0	0	0	0	0	16	0	0	0	0	5	0	0	0	0	0	0	0	0	0	0	0	0	15	0	0	0	0	0	0	20	0	95	0	0	0	0	0	114	0	0	0	11	29	0	0	0	0	0	0	0	12	0	0	0	0	17	380	0	9	115	0	0	0	10	28	0	0	0	0	0	0	0	4	74	0	0	0	118	0	0	0	0	0	0	0	0	0	0	0	0	0	0	0	0	0	0	0	0	0	0	0	0	0	0	312	0	0	0	28	0	129	0	0	0	0	0	0	0	0	0	0	0	0	0	0	0	0	0	0	0	0	0	0	0	49	564	357	0	347	112	0	0	0	26	0	0	0	0	0	0	0	0	0	0	20	0	0	0	0	0	0	25	368	89	1040	44	0	0	0	0	0	0	0	0	0	0	0	0	0	0	0	0	0	0	0	0	0	0	0	0	0	0	0	0	0	0	0	0	0	0	291	40	493	1709	0	167	0	2661	0	0	312	0	10	0	0	15	0	0	0	0	0	0	0	0	0	0	0	0	0	0	0	0	0	0	0	226	45	0	0	0	0	194	0	0	0	337	8	0	0	0	0	16	0	112	0	0	0	0	0	100	0	0	0	0	0	0	0	0	104	0	1622	44	858	102	137	477	684	361	0	0	14	0	0	0	0	0	0	0	0	0	0	0	0	0	0	336	0	0	0	0	0	0	0	15	0	0	4	0	128	0	0	0	0	0	91	0	0	0	0	481	403	269	0	658	0	0	114	0	0	0	0	0	0	0	0	0	0	0	0	49	0	0	0	0	0	0	0	0	0	0	0	0	0	0	0	0	0	0	0	0	0	0	0	0	0	0	0	0	0	0	0	0	0	0	0	0	0	0	0	0	0	0	3	0	0	0	0	0	0	0	0	0	0	0	0	0	0	0	0	0	0	73	0	0	0	0	0	0	0	0	0	0	0	0	0	0	0	0	0	0	18	0	0	0	0	0	0	0	0	0	0	0	35	0	0	0	0	0	0	0	0	0	0	0	0	0	3	0	0	0	0	0	0	0	0	0	0	0	50	0	0	0	0	0	0	0	0	0	0	3	0	0	0	0	0	0	0	0	0	0	0	0	945	0	0	26	0	91	0	4	261	19	0	0	0	0
W1x1511	0	0	0	0	0	0	0	0	0	0	0	16	0	0	0	0	0	0	0	0	0	0	0	0	0	0	0	0	0	0	0	0	16	0	0	0	0	7	0	0	0	0	0	48	0	0	0	0	0	0	0	0	0	0	50	0	0	0	0	0	0	0	0	0	0	0	0	0	35	0	0	0	0	37	0	0	0	0	0	0	0	0	0	0	0	0	0	0	0	0	0	0	0	0	0	109	42	0	0	0	0	0	0	0	0	0	0	0	0	0	0	0	0	0	0	0	52	39	107	122	0	0	48	0	0	27	180	62	0	0	0	47	0	0	0	0	0	0	0	0	0	0	76	0	16	0	0	0	0	0	0	0	0	25	38	0	0	0	0	0	0	0	0	0	0	13	0	0	0	0	0	0	0	0	0	34	0	0	34	0	0	0	0	0	0	0	0	0	0	0	0	0	0	0	0	0	63	0	0	0	0	759	145	0	264	0	0	0	195	0	7	0	0	0	261	0	0	0	0	0	0	0	20	0	0	0	0	0	0	80	0	0	0	0	0	0	0	0	0	0	0	0	0	0	0	0	0	45	0	0	0	226	0	52	80	52	0	0	0	6	0	0	0	0	0	0	0	0	263	0	0	0	37	0	26	0	0	154	1092	114	65	258	8	118	10	0	0	0	0	0	0	0	0	0	0	0	0	0	0	0	0	0	0	80	109	0	0	0	0	0	0	0	25	0	0	0	0	0	0	0	0	26	0	307	130	11	0	589	0	77	0	7	0	0	0	0	0	0	0	0	0	0	0	0	0	96	0	725	0	0	117	770	0	0	0	0	0	79	0	12	0	64	73	0	0	0	53	0	0	0	0	0	34	0	0	0	0	0	0	0	0	0	0	0	0	0	0	186	0	272	0	0	113	55	0	0	385	0	15	0	22	0	114	141	0	34	0	0	0	0	0	0	0	53	0	0	0	0	31	0	102	317	0	957	115	26	531	541	97	469	0	0	0	0	0	0	0	0	0	0	0	0	0	0	0	0	0	0	0	0	0	0	0	0	0	0	0	0	8	0	0	61	0	21	1135	6774	2142	2236	4476	7456	996	764	63	0	0	0	0	44	0	0	0	0	0	0	0	0	0	0	0	0	0	0	0	0	0	0	13	0	0	0	0	0	13	0	0	0	0	0	0	0	0	0	0	0	0	0	0	0	0	0	0	0	0	0	0	0	0	187	8	0	0	0	0	0	0	0	0	0	0	0	0	0	0	0	0	0	0	0	0	0	0	0	0	0	0	8	0	0	0	0	281	102	0	279	0	139	0	0	0	0	0	0	0	0	0	0	0	0	0	0	0	0	0	0	0	0	0	0	0	17	0	0	6	25	45	0	0	0	0	0	32	16	0	0	0	0	0	0	0	0	27	0	0	0	0	0	0	0	0	0	0	0	0	0	0	0	0	0	0	0	91	0	0	0	0	0	0	0	0	0	0	0	0	13	0	0	0	0	0	0	0	0	0	0	0	0	0	136	0	0	0	0	0	0	0	16	0	0	0	0	0	0	0	0	0	0	0	21	0	0	0	7	0	0	0	0	0	0	0	0	216	0	0	23	0	76	0	0	0	26	0	0	0	0	0	0	0	0	0	0	0	0	0	0	0	97	0	0	78	0	0	0	17	0	0	0	0	0	0	0	0	0	0	30	0	0	0	0	0	0	0	0	0	0	0	0	0	0	0	0	0	243	0	0	0	0	0	0	0	0	0	37	0	0	0	12	0	0	0	0	0	0	0	0	0	0	0	0	0	0	0	0	0	0	0	0	0	0	0	0	0	0	0	0	0	0	0	0	0	0	0	0	0	15	0	0	0	0	0	150	0	0	86	0	0	0	0	0	0	0	537	251	0	0	0	0	19	18	21	0	15	0	0	0	94	0	132	0	0	0	0	0	0	0	0	0	0	0	0	0	0	0	0	0	0	0	0	0	0	59	22	0	0	0	0	141	3027	51	0	0	0	0	0	0	0	0	0	0	0	0	0	0	0	0	0	0	16	0	0	0	0	339	221	0	0	411	215	174	0	0	65	0	0	0	0	0	0	0	0	0	0	0	0	0	0	0	0	0	56	238	0	934	287	0	0	0	0	0	0	0	0	0	0	0	0	0	0	0	0	0	0	0	0	0	12	0	0	0	0	0	46	0	0	0	0	0	8	0	0	324	0	16	57	1449	0	0	0	64	0	0	0	0	0	0	10	9	0	0	0	0	0	0	0	0	0	0	0	0	0	0	0	0	0	0	0	0	0	917	0	0	125	0	0	87	0	0	0	0	0	0	72	0	0	0	0	159	98	0	0	0	0	0	0	0	0	0	0	743	0	1696	333	0	0	385	263	84	0	0	79	0	0	0	0	0	0	0	0	0	0	0	0	0	220	0	2336	0	0	0	15	0	0	0	0	0	0	149	0	0	0	0	0	0	30	0	71	5	0	0	162	76	423	908	0	420	0	0	90	0	0	0	0	0	0	0	0	0	0	0	0	0	0	0	0	0	0	0	0	0	0	0	0	0	0	0	0	0	0	0	0	0	0	49	0	0	0	0	0	0	0	0	0	0	0	0	0	0	0	0	0	0	0	0	0	0	0	0	0	0	0	0	0	0	0	0	0	0	0	0	0	0	0	0	0	0	0	0	0	0	4	0	0	0	0	0	0	0	0	0	0	0	0	0	0	0	0	0	0	0	0	0	0	0	0	0	0	0	0	0	0	0	0	0	0	0	0	0	0	0	0	0	0	0	0	0	0	67	0	0	0	0	0	0	0	0	0	0	0	0	0	0	0	0	0	103	0	0	0	0	0	395	0	0	26	0	0	0	0	172	0	0	0	0	0
W1x1512	0	0	0	0	0	0	0	0	0	22	0	0	0	0	0	0	0	0	0	58	0	0	448	0	0	0	0	0	0	0	0	0	0	0	0	0	0	0	0	0	0	0	0	0	0	0	0	0	0	0	0	0	0	0	0	0	0	0	0	0	0	42	0	0	0	0	0	82	0	0	0	0	0	0	0	0	0	0	0	0	0	0	0	0	0	0	0	0	0	0	0	0	0	11	0	39	0	104	0	44	0	0	0	0	0	0	0	0	0	0	115	0	0	14	0	0	0	41	70	0	0	0	18	0	117	69	99	0	0	0	204	40	0	0	0	0	0	0	0	0	0	0	0	6	0	0	0	0	0	0	0	0	7	13	0	0	0	0	0	29	0	0	0	0	0	0	0	111	0	0	133	0	0	0	0	0	0	0	29	0	0	0	0	0	0	0	0	0	0	0	0	0	230	0	197	0	40	536	22	0	64	35	40	0	57	0	0	0	0	0	114	11	1103	0	0	0	0	0	0	0	0	0	0	0	0	0	0	0	0	19	0	0	0	0	0	0	0	0	0	0	0	0	0	88	0	0	13	8	8	73	78	24	1454	30	31	81	0	0	12	0	0	0	0	0	0	0	0	0	0	0	22	0	0	0	22	115	1136	213	0	105	42	82	672	0	651	0	0	55	0	0	0	0	64	0	0	0	0	0	0	0	0	1506	0	73	34	0	93	26	0	13	0	0	0	11	0	0	0	0	0	0	0	0	36	87	24	6	0	68	1604	52	0	0	0	0	0	0	0	0	0	0	0	6	0	0	0	43	0	0	0	107	76	0	0	0	0	0	0	0	0	0	0	33	38	5	0	123	0	0	0	0	26	0	0	0	0	0	0	0	0	0	0	0	0	0	0	0	2	38	0	0	0	0	26	0	0	0	327	158	0	0	0	0	24	0	0	79	0	0	0	0	24	0	0	0	0	0	0	0	0	0	57	228	0	235	95	86	265	114	138	184	0	108	0	0	0	0	0	0	241	0	11	0	0	0	0	0	0	0	0	0	0	0	0	0	0	0	0	0	0	0	6	59	0	11	339	7785	1251	623	501	6643	1545	472	115	16	0	0	0	9	0	0	0	0	0	0	0	0	0	0	0	0	0	42	0	9	0	0	0	0	0	0	0	0	0	0	0	0	0	0	0	0	0	0	0	0	0	0	0	0	0	0	0	0	3	0	0	0	0	0	5	0	0	0	0	0	0	0	0	0	0	0	0	0	0	0	0	0	0	0	0	0	0	0	0	0	0	0	0	0	0	0	22	33	0	0	0	0	0	0	0	0	0	0	0	35	0	0	0	0	42	0	0	0	0	0	0	0	0	0	0	0	0	0	0	0	0	0	0	53	93	0	0	0	0	0	0	0	126	0	0	0	0	0	0	0	0	0	0	27	0	0	0	0	0	0	0	0	0	0	0	0	237	0	0	0	7	21	0	0	6	0	0	0	32	0	0	0	0	0	0	179	0	0	0	0	0	0	0	0	0	0	0	0	0	0	0	0	0	0	42	0	0	0	0	0	91	0	0	0	9	0	0	0	0	72	0	0	0	0	0	0	41	0	40	0	0	40	0	0	0	0	0	0	0	0	0	0	0	0	0	0	0	0	0	0	0	9	0	0	5	0	0	412	0	0	0	0	0	0	0	0	0	0	0	0	0	0	0	0	0	0	0	0	0	0	0	0	0	104	0	0	0	98	0	36	0	0	0	13	0	0	0	0	17	16	434	8	0	0	0	0	0	0	0	0	0	0	0	0	74	0	0	0	0	0	0	0	0	144	0	38	0	0	72	0	90	0	0	0	0	0	0	0	45	0	0	0	79	0	0	9	0	0	0	0	0	0	0	14	0	0	0	7	0	0	174	0	0	46	0	372	29	0	0	0	31	0	0	0	22	0	0	0	0	0	0	0	0	0	0	2	0	0	0	0	0	0	0	0	0	0	0	32	0	0	0	0	0	59	0	0	0	0	0	0	0	0	0	0	0	0	0	0	0	0	0	0	0	0	0	0	51	0	177	0	0	72	81	0	0	0	0	0	0	38	139	0	0	86	66	0	0	0	124	0	0	0	0	0	37	165	107	154	79	89	0	31	0	0	0	0	0	0	0	0	0	34	0	0	0	0	0	0	0	0	0	0	0	0	0	0	0	0	0	0	46	0	0	78	51	0	0	222	90	0	0	0	365	25	0	0	0	0	0	0	0	0	0	0	0	30	18	13	0	0	0	0	0	117	0	0	0	0	0	0	0	0	0	107	7	0	0	0	0	67	0	0	0	0	0	0	35	139	0	0	0	0	0	0	0	0	0	0	87	0	0	0	0	154	880	183	49	125	137	517	203	0	3198	0	17	45	0	0	0	0	0	0	0	0	0	19	0	0	41	4	0	0	0	47	0	0	0	0	0	100	0	34	0	0	0	0	0	0	0	0	156	716	326	153	125	22	272	0	0	194	0	0	0	0	0	0	0	0	0	0	0	0	0	0	0	0	0	0	0	0	0	0	0	0	0	0	19	0	0	0	0	107	0	0	0	21	0	0	0	0	0	0	0	0	0	0	0	0	0	0	0	0	25	0	0	0	0	4	0	6	0	0	0	0	0	0	0	0	0	0	0	0	21	0	0	0	0	0	0	0	0	18	0	0	0	0	0	0	0	0	0	0	0	0	0	0	0	72	0	0	0	0	0	0	0	0	0	0	0	0	0	0	0	0	0	0	0	0	0	0	0	0	0	0	0	0	0	0	0	0	0	0	195	0	0	0	0	0	0	0	0	0	0	0	0	0	76	0	0	0	0	16	0	0	0	315	0	477	51	0	0	574	0	154	0	0	58	0	0
W1x1513	0	0	0	0	0	0	0	0	0	0	0	45	0	0	0	0	0	0	0	0	0	0	0	0	0	0	0	0	0	12	0	0	0	0	0	0	0	0	0	0	0	0	0	0	0	0	0	0	0	0	0	0	0	0	28	0	0	0	0	0	0	31	0	0	0	18	0	0	0	0	0	0	0	0	0	0	0	0	0	0	0	0	0	0	0	0	0	0	0	0	0	0	0	0	0	60	0	0	59	0	0	0	0	0	0	0	0	0	0	0	0	0	0	0	0	0	0	28	65	92	0	0	70	513	0	41	0	0	0	0	0	31	0	0	0	0	0	0	0	0	0	0	0	0	0	0	0	0	0	0	0	7	0	14	0	0	0	0	0	0	0	0	0	0	0	18	0	160	0	0	0	0	0	0	0	0	0	0	13	0	0	0	0	0	0	0	0	0	0	0	0	9	14	0	0	0	77	76	63	0	0	0	87	0	48	0	0	0	0	0	27	11	11	0	0	0	0	12	0	0	0	0	0	0	0	0	0	0	0	0	48	0	0	0	0	0	0	0	0	0	0	0	666	0	0	0	0	0	0	0	0	56	47	82	91	0	0	0	0	0	0	0	0	0	0	0	0	0	0	0	0	0	52	0	0	603	0	119	283	360	0	59	69	103	239	0	0	0	0	0	0	0	3	0	0	0	0	0	0	0	0	24	0	34	0	0	52	0	0	0	0	0	0	0	0	0	0	0	0	0	0	59	0	90	87	0	0	1541	79	71	0	0	0	0	0	0	0	0	0	23	0	0	0	0	0	33	0	473	0	120	101	118	0	0	0	0	0	87	0	0	0	25	0	0	0	0	0	0	0	0	0	0	11	0	0	0	0	0	0	0	0	0	0	0	0	0	0	0	0	202	0	0	99	0	0	0	40	20	32	0	0	39	26	0	0	85	0	0	0	0	0	0	0	45	0	0	0	0	0	0	343	0	221	0	233	121	537	807	831	206	0	0	0	0	0	0	0	0	0	0	0	0	0	0	9	0	0	4	0	0	0	0	0	0	0	0	0	0	0	0	0	139	0	22	814	0	1350	1222	4685	0	2956	620	428	0	0	0	0	0	0	0	0	0	0	0	0	0	0	0	0	0	0	0	0	0	0	0	44	0	0	0	0	0	0	0	0	0	0	0	0	0	0	0	401	0	0	0	0	0	0	0	0	0	0	0	10	0	0	0	6	0	0	0	0	0	0	0	0	0	0	0	0	0	0	0	0	0	0	0	0	0	0	0	0	0	0	0	4	0	0	0	28	0	0	120	0	0	0	0	0	0	0	0	0	0	0	0	0	4	0	0	0	0	0	0	0	0	0	0	0	0	0	0	0	0	0	0	0	0	0	0	0	0	0	0	0	0	0	0	0	0	12	0	0	0	8	0	0	0	0	0	0	0	0	0	0	0	0	0	0	8	72	0	0	0	0	24	0	0	0	0	6	0	0	0	0	0	0	0	0	0	0	0	0	0	0	0	0	0	0	15	0	0	0	0	0	0	0	0	0	0	0	0	0	0	0	0	0	0	0	0	0	6	0	0	0	0	0	0	0	0	74	0	0	14	0	20	0	0	0	0	0	0	0	0	0	0	0	0	0	0	3	0	0	0	0	0	0	0	0	0	0	0	28	0	0	10	0	0	7	0	0	0	0	0	0	0	0	0	0	0	0	0	0	0	0	0	0	0	0	0	0	63	0	0	0	0	0	0	0	6	0	0	0	0	0	0	0	0	0	0	0	0	0	0	0	0	0	0	0	0	425	0	0	0	0	0	0	0	0	0	0	0	0	0	285	0	0	0	0	0	0	0	44	0	0	0	0	0	0	0	0	0	0	0	0	0	0	0	0	0	74	25	0	0	0	0	0	0	0	0	54	0	0	0	127	0	29	0	0	0	0	0	0	0	0	0	0	0	0	0	0	0	0	0	0	0	5	0	0	0	89	191	0	0	0	10	0	160	0	0	0	0	0	0	0	0	0	0	0	0	0	0	0	0	0	0	0	0	0	0	29	0	0	792	0	162	0	0	0	19	141	0	0	0	0	0	0	9	0	0	0	33	0	0	0	0	0	0	0	0	0	0	182	0	0	0	0	0	0	0	0	0	0	11	0	0	0	0	0	0	0	0	0	0	11	0	0	0	0	0	0	0	0	0	0	0	0	105	0	515	0	136	0	3266	0	0	0	37	0	0	0	0	0	0	0	0	0	0	0	0	247	0	0	0	0	0	0	0	0	0	0	0	0	0	0	0	0	58	628	0	0	0	0	56	19	0	0	0	0	0	50	0	5	0	0	0	32	0	0	0	0	0	0	0	0	0	0	0	117	496	0	568	0	1319	0	206	0	0	27	0	0	0	0	0	0	0	0	0	4	0	0	0	29	0	0	0	0	0	0	0	0	0	0	6	0	46	0	0	0	0	0	0	0	0	173	35	0	270	167	0	539	522	275	598	11	0	0	0	0	0	0	0	0	0	0	0	0	0	0	0	0	0	0	0	0	0	0	3	0	0	0	0	0	0	0	0	0	0	0	0	0	0	0	0	0	0	0	0	0	0	77	0	0	0	0	0	0	0	8	0	0	0	0	0	0	0	0	0	0	0	0	0	0	0	0	0	0	0	0	0	0	0	0	0	0	0	0	0	0	0	0	0	0	0	0	0	0	0	0	0	0	0	0	0	0	0	0	0	0	0	0	61	0	0	0	0	0	0	0	0	0	0	0	0	0	0	0	0	0	0	0	0	0	0	0	27	0	0	0	0	0	0	0	0	0	0	74	0	0	0	147	0	0	0	0	0	0	0	0	0	36	0	64	665	28	0	0	0	0	0	0	0	0
W1x1514	0	0	0	0	0	0	0	0	0	0	0	8	0	0	0	0	0	0	0	0	0	0	0	0	0	0	0	0	0	0	0	0	0	0	0	0	0	0	0	0	0	0	0	0	0	0	0	0	0	0	0	0	0	0	0	0	0	0	0	0	0	0	0	0	0	0	0	0	0	0	0	0	0	0	0	0	0	0	0	0	0	0	0	0	0	0	0	0	0	0	0	67	0	0	0	18	0	0	0	13	0	0	0	0	0	0	0	0	0	0	0	0	0	8	0	0	0	0	25	0	0	0	30	0	0	0	0	0	0	0	0	15	0	0	0	0	0	0	0	0	0	0	0	0	0	0	0	0	0	0	0	0	0	0	0	0	44	0	0	0	0	0	0	0	0	0	0	36	0	0	0	0	0	0	0	0	0	0	21	0	14	0	0	0	0	0	0	0	0	0	0	0	0	0	0	0	26	0	0	0	21	79	32	0	48	0	0	0	37	0	5	0	0	0	278	0	0	0	0	0	0	0	0	0	0	0	0	0	0	0	0	0	0	0	0	0	0	0	0	0	0	0	0	0	0	0	0	23	0	119	0	46	14	41	47	0	0	0	0	0	0	0	0	0	0	0	0	0	0	0	0	16	0	0	0	0	0	97	0	131	24	165	18	0	0	0	0	0	0	0	0	0	0	0	0	0	0	0	0	0	0	0	0	33	0	0	45	0	0	0	0	0	0	0	0	0	0	134	0	0	180	108	0	220	60	0	0	0	0	0	0	0	0	0	0	0	0	0	0	0	0	0	0	0	0	47	0	0	314	0	41	0	0	0	0	0	0	86	0	0	0	14	51	0	0	0	0	0	0	0	0	0	0	0	0	0	0	0	0	0	0	0	0	0	0	0	0	0	17	0	0	0	10	0	0	0	0	0	0	18	15	0	0	0	638	140	0	0	0	0	0	0	0	25	0	0	0	0	0	0	406	221	0	546	740	6	342	42	195	292	0	0	0	0	0	35	0	0	0	0	0	0	0	0	0	0	0	0	0	0	0	0	0	2	0	0	0	0	0	0	0	0	0	0	130	19130	172	587	3082	8461	196	689	167	0	0	0	0	0	0	0	0	0	0	0	0	0	14	0	0	0	0	0	0	0	0	0	0	0	0	29	0	0	0	0	0	0	0	0	0	0	0	0	0	0	0	0	0	0	0	0	0	0	0	0	0	0	0	0	66	0	0	0	0	0	0	0	0	0	0	0	0	0	0	0	0	0	0	0	0	0	0	0	0	0	0	0	0	0	0	0	40	0	0	12	0	0	0	0	0	0	0	0	0	0	0	0	0	0	0	0	0	0	0	0	0	0	0	0	0	0	0	0	0	0	0	0	0	0	106	0	0	0	0	0	0	0	0	0	0	0	6	0	0	0	0	0	0	0	0	0	0	0	0	0	0	0	0	0	0	0	0	0	0	2	0	0	0	0	0	0	0	0	0	0	0	0	0	0	0	0	0	0	0	0	0	0	0	0	0	23	0	0	0	0	0	0	0	0	0	0	0	0	0	0	0	0	0	0	0	0	0	0	0	0	0	0	0	0	0	0	35	0	0	0	0	0	27	0	0	0	0	0	0	0	0	0	0	0	0	0	0	0	0	0	0	51	0	0	0	0	0	0	0	0	0	0	0	0	0	0	0	0	0	0	0	0	0	0	0	0	0	0	0	0	0	0	0	0	0	0	0	7	0	0	0	0	0	0	0	0	0	0	0	0	0	0	0	0	0	3	0	0	0	0	0	0	0	0	0	0	0	0	0	0	0	0	0	0	0	0	0	0	0	0	53	0	0	0	0	4	0	0	0	0	0	0	0	0	0	60	0	0	0	0	0	0	0	0	0	0	71	11	0	0	0	906	0	0	20	0	16	0	0	0	0	0	0	0	0	0	0	0	0	0	0	0	0	0	0	0	0	0	0	0	0	0	0	4	0	0	21	0	0	0	0	30	0	79	0	0	0	0	0	0	0	0	0	0	0	0	0	0	0	59	0	0	0	0	0	0	0	24	124	0	0	186	222	133	0	8	24	0	0	99	0	0	0	0	0	0	0	0	0	0	0	0	0	0	9	612	183	55	0	0	40	0	0	0	0	0	0	0	0	0	0	0	0	0	0	0	0	0	0	0	0	0	0	0	0	0	11	0	0	0	0	0	0	108	17	642	0	0	0	909	0	0	0	89	0	0	0	0	0	0	0	0	0	0	0	0	0	0	2	0	0	0	0	0	0	0	0	0	0	0	0	0	0	0	349	0	14	0	0	10	0	0	0	0	0	0	93	0	0	0	0	0	23	0	0	0	0	0	0	0	0	0	0	0	183	212	15	0	242	1240	230	56	6145	0	17	0	0	0	0	0	0	0	0	0	0	0	0	0	45	0	0	19	0	0	0	0	0	0	0	0	0	97	0	0	0	0	0	0	0	0	44	0	0	475	392	0	624	0	0	165	0	0	0	0	0	0	0	0	0	0	0	0	0	0	0	0	0	0	0	0	0	0	0	0	0	0	0	0	0	0	0	0	0	0	0	0	8	0	0	0	0	0	0	0	0	0	0	0	0	0	0	0	0	0	0	0	0	0	0	29	0	0	0	0	0	0	0	0	0	0	0	0	0	0	0	0	0	0	0	0	0	0	0	0	0	0	0	0	0	0	0	0	0	0	0	0	0	0	15	0	0	0	0	0	0	0	0	0	0	0	0	0	0	0	0	0	0	0	0	0	0	0	0	0	0	0	0	0	0	0	0	16	0	0	0	0	0	0	0	0	0	0	0	0	0	0	0	0	0	0	0	0	0	0	0	255	0	0	132	0	0	24	0	57	0	0	0	0	0
W1x1517	0	0	0	0	0	0	0	0	0	0	0	0	0	0	0	0	0	0	0	0	0	0	66	0	0	0	0	0	0	0	0	0	0	0	0	0	0	0	0	0	0	0	0	0	0	0	0	0	0	0	0	0	0	0	0	85	0	0	0	0	0	0	0	0	0	0	0	0	0	0	0	0	0	0	0	0	0	0	0	0	0	0	0	0	0	0	0	0	0	0	0	31	0	127	0	0	0	0	0	0	0	0	0	0	0	0	0	0	0	0	0	0	0	0	0	0	66	0	109	0	0	0	44	0	0	0	0	0	0	0	0	0	0	0	0	0	0	0	0	0	0	0	0	0	0	0	0	0	0	0	0	0	0	0	59	0	0	0	0	0	0	0	0	0	0	33	0	0	0	197	0	0	0	18	0	0	0	0	0	0	0	0	0	0	0	0	0	60	0	0	0	0	0	27	0	0	17	0	309	0	529	0	211	170	200	0	0	0	0	0	0	32	49	0	0	106	0	0	0	0	0	0	0	0	0	0	0	0	0	0	0	0	0	0	0	0	0	120	0	44	0	0	0	0	0	0	0	0	0	0	0	75	172	39	0	0	0	0	0	0	0	0	16	0	0	47	0	0	0	0	46	45	0	0	0	843	561	488	0	733	476	419	576	376	672	0	0	0	0	0	0	0	0	0	0	0	0	0	0	0	0	0	0	22	36	0	9	0	0	0	0	0	0	0	184	0	0	0	0	0	0	0	0	0	0	450	0	0	0	618	0	0	0	0	0	0	0	0	0	0	0	0	458	0	0	39	0	0	0	0	0	0	0	0	0	0	0	0	0	0	0	0	0	0	0	0	0	0	0	0	0	9	0	0	0	0	0	0	0	0	28	0	0	0	0	0	0	0	0	0	0	0	0	0	0	0	0	13	0	142	146	0	0	0	0	0	0	0	0	0	0	0	13	0	0	0	0	0	77	0	38	0	490	0	242	386	766	0	752	130	0	30	0	0	0	0	0	0	0	0	0	0	0	0	0	0	0	0	0	0	0	0	0	0	0	0	0	0	0	0	0	0	143	8	2171	33	3169	2771	7551	0	1529	1077	0	0	0	0	0	0	0	0	0	0	0	0	0	0	0	0	0	0	0	0	0	0	0	0	0	0	0	0	0	0	0	0	0	0	0	0	0	0	0	0	0	0	0	0	0	0	0	0	0	0	0	0	0	0	0	0	0	0	0	0	0	0	0	0	0	0	0	0	0	0	0	0	0	0	0	0	0	0	0	0	0	0	0	0	0	0	0	0	0	0	0	3	0	0	0	0	0	0	0	0	0	0	0	38	0	0	0	0	0	0	0	0	0	0	0	0	0	0	39	0	0	0	0	0	0	0	0	0	0	0	0	0	0	0	0	0	0	0	16	0	0	0	0	0	0	20	0	0	17	0	0	0	0	0	0	0	0	59	58	0	0	84	0	0	0	0	0	0	0	0	0	0	0	0	0	0	0	0	0	0	0	0	0	0	0	0	0	0	0	0	0	0	0	0	0	0	0	0	0	0	0	0	0	0	0	0	0	0	0	10	0	30	0	0	0	0	0	0	0	16	0	0	0	0	0	22	0	0	0	0	21	0	0	0	0	0	0	0	0	0	0	0	0	0	0	99	0	0	0	0	89	0	29	0	0	20	0	0	0	0	0	0	0	0	0	0	0	0	0	0	0	0	0	0	0	0	0	0	0	0	0	0	0	0	0	49	0	12	0	0	0	0	3	0	0	0	0	0	0	0	0	0	0	0	0	0	0	0	0	0	0	0	0	0	0	0	21	0	0	0	0	0	78	0	0	0	0	0	0	0	0	0	0	0	0	65	0	0	0	0	0	14	84	0	0	0	0	16	29	0	0	0	167	0	0	284	12	60	0	68	0	0	0	144	0	0	0	0	0	0	0	0	0	0	0	86	0	0	0	0	0	0	0	0	0	0	0	0	133	0	0	0	0	60	0	94	0	7	0	0	0	0	0	0	0	0	0	0	0	0	0	0	0	0	0	0	0	0	0	0	285	303	0	281	555	0	125	0	624	0	0	0	0	0	0	0	0	13	0	0	0	0	0	0	0	0	0	0	0	0	0	10	0	19	0	0	195	0	0	0	0	0	0	0	0	0	0	0	0	0	0	0	0	0	0	0	0	0	28	0	0	0	0	0	0	0	383	0	333	129	41	0	0	0	71	347	0	0	0	0	0	0	0	0	0	0	156	0	0	7	0	0	0	0	0	0	0	0	0	0	0	0	59	287	0	0	0	0	377	0	0	68	0	0	0	0	0	0	0	0	0	0	0	0	0	105	0	0	0	0	0	0	0	0	0	3166	1821	403	0	1574	0	58	436	341	0	0	7	7	0	0	0	0	0	0	0	14	6	0	0	0	211	0	0	0	101	0	0	5	61	0	0	418	0	199	0	0	0	0	0	0	0	198	1215	1131	0	136	421	0	609	2762	1189	89	0	0	0	0	0	0	0	0	0	0	0	0	0	0	0	0	0	0	0	0	0	0	0	0	0	0	0	0	0	0	0	0	0	0	0	0	0	0	0	0	0	0	0	0	0	0	0	0	0	0	0	0	0	0	0	0	0	0	0	0	0	0	0	14	0	0	0	0	0	0	0	0	0	0	0	0	0	0	0	0	0	0	0	0	0	0	0	0	0	0	0	0	0	0	0	0	0	0	0	0	0	0	0	0	0	0	0	0	0	0	0	0	0	0	0	0	0	0	0	0	0	0	0	0	0	0	0	0	0	0	0	0	0	41	0	0	0	0	0	18	0	0	0	25	0	0	0	6	0	0	0	0	8	0	0	0	0	156	0	0	0	634	15	122	0	0	0	0	0
W1x1518	0	0	0	0	0	0	0	0	0	0	0	0	0	0	0	0	0	0	0	0	0	9	0	0	0	0	0	0	0	0	0	0	0	0	0	0	0	0	0	0	0	0	0	0	0	0	0	0	0	0	0	0	0	0	0	0	0	0	0	0	0	0	0	0	0	10	0	0	0	0	0	0	0	0	0	0	0	0	0	0	0	0	0	0	0	0	0	0	0	0	0	0	0	18	0	31	0	0	0	19	0	0	0	0	0	0	0	0	0	0	0	0	0	19	0	6	0	0	66	0	0	0	28	0	0	31	0	0	0	0	0	42	0	0	22	0	0	0	0	0	0	0	0	0	0	0	0	0	0	0	0	0	0	11	0	54	0	0	0	0	0	0	0	0	0	0	34	120	0	0	0	17	0	0	0	0	0	0	18	0	0	0	0	0	0	0	0	0	0	0	42	0	0	0	0	0	0	0	0	0	35	0	0	24	132	0	226	0	26	0	0	10	0	0	303	0	0	0	0	0	0	0	0	0	0	0	0	0	0	0	0	0	0	0	0	0	0	0	0	0	0	0	0	0	0	0	0	25	0	149	0	93	12	34	0	93	0	0	0	0	0	0	0	0	0	0	8	0	0	0	0	0	0	0	23	0	25	178	818	427	34	134	0	111	59	0	0	0	0	0	0	0	0	0	0	0	0	0	0	498	0	0	0	7	64	0	37	0	0	0	0	0	0	0	0	0	0	0	0	0	0	17	4	314	111	70	0	0	0	89	0	0	0	0	0	0	0	0	0	0	0	0	0	0	0	48	0	0	795	0	560	0	0	0	0	0	0	29	0	0	0	18	71	0	0	0	0	0	0	0	0	0	0	0	0	0	0	0	0	0	0	0	0	0	0	0	0	0	39	0	0	0	0	0	0	0	262	0	0	22	0	0	0	0	0	190	0	0	0	0	0	0	0	35	358	0	0	0	0	0	16	255	0	976	634	0	0	0	464	623	0	0	0	0	0	7	0	0	0	0	0	0	0	0	6	0	0	0	13	0	0	0	0	0	0	0	0	0	0	0	0	0	103	0	1351	10182	873	1231	2862	8387	975	955	266	0	0	0	0	0	0	0	0	0	0	0	0	0	0	0	0	0	0	0	0	0	0	0	0	0	0	0	0	0	0	0	0	0	0	0	0	0	0	0	0	0	0	0	0	0	0	0	0	0	0	0	0	0	0	0	10	0	0	0	0	0	0	0	0	0	0	0	0	0	0	0	0	0	0	0	0	0	0	0	0	0	0	0	0	0	0	0	20	57	0	0	0	0	0	0	0	0	0	0	0	0	0	0	0	0	0	0	0	0	0	0	0	0	0	0	0	0	0	0	0	0	12	0	0	0	0	0	0	0	0	0	0	0	0	0	0	0	0	0	0	0	0	0	0	0	0	0	0	0	0	0	0	0	0	0	0	0	0	0	0	7	0	5	0	0	0	0	16	0	0	0	0	0	13	0	0	0	0	0	0	0	0	0	0	0	0	31	0	0	0	0	0	0	0	0	0	0	0	0	0	0	0	0	0	0	29	0	71	0	0	5	0	0	0	0	0	0	74	0	0	0	0	0	0	0	0	0	0	0	0	0	0	0	0	0	0	0	0	0	0	0	0	0	0	0	0	0	0	0	0	0	0	0	0	0	0	0	0	0	0	0	0	0	0	0	0	0	0	0	0	0	0	0	0	0	0	0	0	0	0	0	0	0	0	32	0	0	0	0	0	0	0	0	0	0	0	0	0	0	0	0	0	0	0	0	0	0	0	0	0	0	0	0	40	0	11	0	0	0	0	0	16	0	0	0	0	0	0	0	0	0	0	0	0	0	0	0	0	0	0	0	0	0	55	0	0	0	75	0	0	5	0	0	0	15	0	0	0	0	0	0	104	22	0	0	0	0	0	0	0	0	0	0	0	0	0	0	0	0	0	0	0	0	0	0	0	0	44	0	0	0	0	0	0	24	0	0	0	0	0	0	0	0	0	0	0	0	0	0	0	0	0	0	0	0	0	0	0	0	362	189	0	171	241	96	0	0	81	0	0	410	0	0	0	0	0	0	0	54	0	0	0	0	0	0	0	350	0	0	0	0	0	0	0	0	29	0	0	0	0	0	0	0	0	0	0	0	0	0	0	0	0	0	0	0	0	0	0	0	0	0	0	0	0	347	0	0	367	0	0	970	132	0	14	69	0	0	0	0	0	0	0	0	0	0	0	0	0	0	0	0	0	0	0	0	0	0	0	41	0	0	0	10	0	0	570	115	0	0	0	0	0	0	0	0	0	0	0	0	0	0	0	0	40	0	0	0	0	0	0	0	0	0	0	638	60	1161	0	0	284	723	686	680	0	0	10	0	0	0	0	0	0	0	0	0	0	0	0	0	59	0	0	0	0	0	0	0	0	0	0	11	0	109	0	0	0	0	0	0	0	0	57	37	177	0	364	0	253	0	0	112	0	0	0	0	0	0	0	0	0	0	0	0	0	0	0	0	0	0	0	0	0	0	0	0	0	0	0	0	0	0	0	0	0	0	0	0	24	0	0	0	0	0	0	0	0	0	0	0	0	0	0	0	0	0	0	0	0	0	0	30	0	0	0	0	0	0	0	0	0	0	0	0	0	0	0	0	0	0	0	0	0	0	0	0	0	0	0	0	0	0	0	0	0	0	0	0	0	0	0	0	0	0	0	0	0	0	0	0	0	0	0	0	0	0	0	0	0	0	0	6	0	0	0	0	0	0	0	0	0	0	0	33	0	0	0	0	0	0	0	0	0	0	0	0	0	16	0	0	0	0	0	0	0	0	0	0	0	0	7	307	0	0	0	9	0	0	0	0	0
W1x1519	0	0	0	0	0	0	0	0	0	0	0	51	0	0	0	0	0	0	0	21	0	0	0	0	0	31	0	0	0	0	0	0	7	0	0	0	0	0	0	0	0	0	0	23	0	0	0	0	0	0	0	0	0	0	0	0	0	0	0	0	0	0	0	0	0	24	0	0	20	0	0	0	0	0	0	0	0	0	0	0	0	2	13	0	0	0	0	0	0	0	0	0	0	18	0	31	0	0	0	0	0	0	0	0	0	0	0	0	0	0	0	0	0	13	0	5	0	0	139	0	0	0	27	0	0	29	44	0	0	0	177	59	0	3	0	0	0	0	0	0	0	0	0	0	0	0	0	0	0	0	0	0	0	25	20	18	0	0	0	0	0	0	0	0	0	0	0	175	0	0	3	0	0	0	0	0	0	0	14	0	17	0	0	0	0	0	0	0	0	0	312	0	0	0	0	0	54	0	68	0	0	0	70	0	128	0	0	0	38	0	0	0	0	0	334	0	0	0	0	3	0	0	0	0	0	0	0	0	0	0	0	0	0	0	0	0	0	0	0	0	0	0	0	0	0	0	0	17	0	128	0	83	7	19	50	120	0	0	0	12	0	0	0	0	0	0	0	0	39	0	0	0	0	0	31	217	0	292	0	322	20	128	5	0	0	0	0	0	0	0	0	0	0	0	0	0	0	0	0	0	0	0	286	26	36	0	46	0	0	0	0	0	0	0	0	0	0	0	0	0	0	299	0	371	52	0	0	0	0	173	0	0	0	0	61	0	0	0	0	0	0	0	0	0	0	48	0	113	0	0	43	0	0	0	0	0	0	95	0	0	0	56	73	0	169	0	0	0	0	0	0	0	0	0	0	0	0	0	0	0	0	0	0	0	0	0	0	11	0	0	0	0	0	0	0	0	338	0	0	0	0	71	0	0	0	177	0	0	0	0	0	0	0	44	0	136	0	0	0	0	210	636	0	0	359	30	825	0	1020	851	0	0	0	0	0	0	0	0	0	0	0	0	0	0	0	0	0	0	0	0	0	0	0	0	0	0	0	0	0	0	0	0	83	8	597	3995	1377	1316	2357	12351	1135	1763	240	0	0	0	0	0	0	0	0	0	0	0	0	0	0	0	0	0	0	29	0	0	0	0	0	0	6	0	0	0	0	0	0	0	0	0	0	0	0	0	0	0	0	0	0	0	0	34	0	0	0	0	0	0	0	0	17	0	0	0	0	0	0	3	0	0	0	0	0	0	0	0	0	0	0	0	0	0	0	30	0	0	0	9	0	0	0	0	42	177	0	68	0	0	0	0	0	0	0	0	0	0	0	9	0	0	0	0	0	0	0	0	0	0	0	0	0	0	0	0	0	0	0	0	0	0	0	0	0	0	0	0	0	0	0	0	0	0	26	0	0	0	0	0	0	0	0	0	0	0	0	0	0	0	0	0	0	0	6	0	0	0	4	0	0	0	0	0	0	0	0	0	0	0	8	0	0	0	0	0	0	0	0	0	0	0	0	30	0	0	0	0	0	0	0	0	0	0	0	0	0	0	0	0	0	0	0	0	114	11	0	0	0	0	0	0	0	0	90	0	509	5	0	0	0	0	0	0	0	0	0	0	0	0	0	0	0	0	0	0	0	0	0	0	0	0	88	0	0	0	0	0	0	0	0	0	0	0	0	0	0	0	0	0	0	0	0	0	0	0	0	0	0	0	0	0	0	0	0	125	0	8	0	0	0	0	0	0	0	0	0	0	0	0	13	0	0	0	0	0	0	0	0	0	0	0	0	0	0	0	0	0	0	0	0	0	27	0	0	0	0	0	9	0	0	0	0	0	0	0	0	0	0	0	0	0	0	71	0	0	0	0	0	18	0	0	0	0	0	41	0	0	0	0	0	9	0	0	0	0	0	0	226	3	0	0	0	0	0	0	0	0	0	0	0	0	0	0	0	0	0	0	0	0	0	0	0	0	18	0	0	0	0	10	0	128	0	0	0	0	5	0	0	0	0	0	0	0	0	0	0	0	198	0	16	0	0	0	0	34	405	54	0	208	132	1118	0	49	14	0	0	0	0	0	0	0	0	0	71	0	0	0	0	0	0	0	0	101	164	63	20	0	0	0	0	0	0	0	0	0	0	0	0	0	0	0	0	0	0	0	94	0	0	0	0	0	0	0	11	0	0	0	0	0	0	0	0	638	0	0	49	0	67	14	0	150	0	0	0	0	10	0	0	0	0	0	0	0	23	0	0	0	0	0	0	0	0	0	0	0	115	0	0	0	0	0	181	0	0	0	0	48	0	0	0	0	0	0	145	0	0	0	0	0	45	0	0	0	0	0	0	0	0	0	0	126	27	788	942	996	241	510	123	0	0	0	14	0	0	0	0	0	0	0	0	11	0	0	0	0	189	0	3	0	0	0	0	12	0	0	0	10	0	122	0	0	0	0	0	0	0	0	0	0	0	278	146	13	796	0	66	219	0	0	0	0	0	0	0	0	0	0	0	0	0	0	0	0	0	0	0	0	0	0	0	0	0	0	0	0	0	0	0	0	0	0	0	0	16	0	0	0	0	0	0	0	0	0	0	0	0	0	0	0	0	0	0	0	0	0	0	0	15	0	0	0	0	0	27	0	0	0	0	0	0	0	0	0	0	0	0	0	0	0	0	0	0	0	0	0	0	0	0	0	0	0	0	0	0	0	0	0	0	0	0	0	0	0	0	0	0	0	0	0	0	0	0	0	0	0	0	0	0	0	0	0	0	0	0	0	0	0	0	22	0	0	0	0	2469	0	0	0	0	0	0	0	0	0	0	0	93	29	0	0	0	0	46	0	0	0	245	1083	114	0	0	0	0	0	0	0	0
W1x1528	0	0	0	0	0	0	0	0	0	0	0	0	0	0	0	0	14	0	0	0	0	0	0	0	0	0	0	0	0	0	0	0	0	0	0	0	0	0	0	0	0	0	0	0	0	0	0	0	0	0	0	0	0	87	0	0	0	0	0	0	0	0	0	0	0	0	0	0	0	0	0	0	0	0	0	0	0	0	0	0	0	0	0	0	0	0	0	0	0	0	0	0	207	18	0	216	0	0	0	0	0	0	0	0	0	0	0	0	0	0	0	0	0	0	0	0	0	0	0	0	0	13	0	0	0	15	0	0	592	0	0	0	0	0	0	0	0	0	0	0	0	0	0	0	0	0	0	0	0	0	0	0	0	0	0	0	0	0	0	0	0	0	0	0	0	0	0	0	0	0	0	0	0	0	0	0	0	0	0	0	8	0	0	0	0	0	0	0	0	0	0	0	0	0	0	0	25	0	0	0	0	7	0	2461	144	0	0	0	0	0	0	0	0	0	0	0	0	0	0	0	0	0	0	0	0	0	0	0	0	0	0	0	0	0	0	0	0	22	0	0	0	0	0	0	0	0	0	0	0	0	0	0	0	560	405	0	8	0	0	0	0	0	0	0	0	0	0	0	0	0	0	0	0	0	0	0	0	0	0	80	945	2296	0	0	0	0	0	0	0	0	0	0	0	0	0	0	0	0	0	11	0	0	0	0	335	0	188	0	236	0	0	0	0	0	0	0	0	0	0	0	0	28	15	0	43	624	0	0	0	0	0	0	0	0	0	0	0	0	0	0	0	0	0	0	0	0	0	0	0	172	0	0	0	0	0	0	0	0	0	0	0	150	0	0	0	0	0	0	0	0	0	0	0	0	0	0	0	0	19	0	0	0	0	0	0	0	0	0	0	0	0	0	0	0	0	0	0	0	0	0	0	0	0	0	0	57	0	0	0	0	0	0	0	0	0	0	0	0	0	0	36	21	0	0	0	12	0	3807	1120	0	0	0	0	0	0	0	0	0	0	0	0	0	0	68	0	0	0	0	0	0	0	0	0	0	0	0	0	0	0	0	173	0	41	45	399	233	4503	951	2711	62	644	734	1553	0	0	0	0	0	0	0	0	0	0	0	0	0	0	0	0	0	0	0	2	0	0	0	0	0	0	0	0	0	0	0	0	0	0	0	0	0	0	0	468	0	0	0	0	0	0	0	0	0	0	0	0	0	0	0	0	0	0	0	0	0	0	0	0	0	0	0	0	0	0	0	0	0	0	0	0	0	0	0	0	0	0	0	0	0	0	0	0	45	0	61	0	0	0	0	0	0	0	0	0	0	0	0	0	0	0	0	0	93	0	0	0	0	0	0	0	0	0	0	0	0	0	0	0	0	0	0	0	0	0	0	0	0	0	0	0	0	0	0	0	0	0	0	0	0	0	0	0	0	0	0	0	0	0	0	0	30	0	0	0	0	0	0	0	0	0	0	0	0	0	0	0	0	0	0	0	0	0	0	0	0	0	0	0	0	0	0	0	0	0	0	0	0	0	0	0	0	0	0	0	0	0	0	0	0	0	0	0	0	0	0	0	0	19	0	28	0	148	0	0	0	0	0	0	0	0	0	0	0	0	0	0	0	0	0	0	0	0	0	0	0	0	22	0	0	0	0	211	0	0	0	93	0	0	0	0	0	0	18	0	0	0	0	0	0	0	0	0	0	0	0	0	0	0	0	0	0	0	0	0	0	0	0	0	0	0	0	0	0	0	0	0	0	0	0	0	0	0	0	0	0	0	0	0	0	0	0	0	0	0	0	0	0	0	0	0	0	0	0	0	0	0	0	0	0	0	0	0	0	0	0	0	0	0	0	0	0	0	0	0	67	0	0	125	0	0	0	0	221	0	0	0	0	0	10	233	0	0	0	0	0	37	0	36	0	0	0	0	0	0	0	0	0	0	0	0	0	0	0	0	0	0	0	0	0	0	0	132	0	0	13	0	0	0	31	0	0	0	0	0	0	0	0	0	0	0	0	0	0	0	0	0	10	0	20	0	141	0	161	428	0	0	0	0	0	115	0	52	0	0	0	0	0	0	0	0	0	0	0	0	0	0	0	0	0	0	0	0	0	0	0	0	0	0	331	0	0	0	0	0	0	0	0	0	0	0	0	0	0	0	0	0	0	0	0	0	0	10	0	0	0	0	0	0	0	0	0	0	0	0	0	0	0	0	240	0	0	0	0	0	0	0	0	0	0	192	0	0	0	0	0	0	0	0	0	0	0	0	0	0	0	0	0	0	0	0	0	0	0	0	0	0	0	0	0	0	0	0	0	0	0	0	0	0	0	0	0	0	0	0	0	0	0	0	0	0	279	82	0	11264	171	333	141	109	0	26	0	0	0	0	0	0	0	0	0	0	0	0	0	31	0	155	0	0	0	8	0	0	0	0	0	0	0	0	0	0	0	0	0	0	0	0	0	4583	359	569	0	0	0	0	1447	0	0	0	0	0	0	0	0	0	0	0	0	0	0	0	0	0	0	0	0	17	0	0	0	0	0	0	0	0	0	0	0	0	0	0	0	0	0	0	0	0	0	0	0	0	0	0	0	0	0	0	0	0	0	0	0	0	49	0	0	0	0	0	473	0	0	0	0	0	0	0	0	0	0	0	0	0	0	0	0	0	0	0	9	0	0	0	0	0	0	0	0	0	0	0	30	0	0	0	0	0	0	0	0	0	0	0	0	0	0	0	0	0	0	0	0	0	0	0	0	0	0	0	0	14	0	0	0	0	0	0	0	0	0	0	0	0	0	0	0	0	0	0	6	0	0	0	0	0	0	0	0	0	0	0	0	0	0	56	0	0	0	44	0	0	0	0	0	0
W1x1602	0	0	0	0	0	0	0	0	0	0	0	20	0	23	0	0	0	0	0	0	0	0	19	0	0	0	0	0	0	0	0	0	0	0	0	0	0	0	0	0	0	0	0	0	0	0	0	0	0	0	0	0	0	0	0	0	0	0	0	0	0	0	0	295	0	0	0	0	23	0	0	0	0	0	0	0	0	0	0	0	0	0	0	0	0	0	0	0	0	0	0	35	0	37	0	70	0	0	0	0	0	0	0	0	0	0	0	0	0	0	0	0	0	18	0	0	0	0	143	0	0	0	0	0	23	48	0	0	0	0	0	128	0	0	0	0	47	0	0	0	0	0	0	0	0	0	0	0	0	0	0	0	0	0	0	0	0	0	0	0	0	0	0	0	0	111	0	0	0	0	0	0	848	0	0	12	0	0	27	36	0	0	0	0	0	0	0	0	0	0	0	0	10	36	30	0	32	0	0	0	153	172	0	23	125	0	0	0	0	13	30	8	0	0	0	45	0	0	0	0	0	0	0	0	0	0	0	24	0	0	0	0	0	0	0	0	0	0	0	0	0	0	0	0	0	0	0	0	0	215	0	148	29	139	0	410	0	0	0	0	0	0	0	0	0	0	10	0	0	0	0	18	0	7	55	0	0	224	321	503	362	688	51	0	151	0	0	0	0	0	0	0	0	0	0	0	0	0	0	0	0	0	0	72	64	0	44	17	351	0	0	0	0	0	0	0	0	0	0	0	0	178	33	246	117	202	0	278	0	154	0	0	0	0	0	0	0	108	0	0	0	0	0	0	0	25	0	0	0	0	0	0	0	0	0	0	0	0	0	0	0	36	0	0	0	18	0	0	0	0	0	0	0	0	0	0	0	0	0	0	0	0	0	0	0	0	0	0	0	0	0	0	0	0	0	0	467	0	417	44	111	0	0	91	0	72	0	0	0	0	0	0	0	0	0	7	0	0	0	0	263	880	0	1083	305	184	108	0	538	387	0	0	0	0	0	0	0	0	0	0	0	0	0	0	18	0	0	0	0	0	0	0	0	0	0	0	0	0	0	0	0	0	61	12	1590	0	2867	1357	3914	0	2221	780	568	0	0	0	0	9	0	0	0	0	0	0	0	0	0	0	7	0	0	0	0	0	0	0	0	0	0	0	0	0	0	0	0	0	0	0	0	0	0	0	0	0	0	0	0	0	0	0	0	0	0	0	0	0	0	0	0	0	0	0	0	0	0	0	0	0	0	0	0	0	0	0	0	0	15	0	0	0	0	0	0	0	0	11	0	0	0	102	26	0	0	0	0	0	0	0	0	0	0	0	0	0	0	0	0	0	0	0	0	0	0	0	0	0	0	0	0	0	0	0	0	0	36	0	85	0	0	0	0	0	0	0	0	0	0	0	0	0	0	0	0	0	7	0	0	0	0	0	0	0	0	0	0	0	0	0	0	21	117	0	0	0	42	0	0	0	0	0	0	0	0	0	0	0	0	0	0	0	0	0	0	0	0	0	0	0	0	0	0	0	0	0	0	0	55	0	0	0	0	0	0	0	0	0	0	0	0	0	0	0	0	0	0	0	0	0	0	0	85	0	81	0	0	36	42	0	0	0	0	0	0	0	0	0	0	0	0	0	2	0	0	0	0	0	0	0	0	0	0	0	0	0	0	0	0	0	0	0	0	0	0	0	0	0	0	0	0	0	0	0	0	0	0	0	0	0	0	0	0	128	0	0	0	0	0	0	0	0	0	0	0	0	0	0	0	0	0	21	0	0	0	0	0	0	0	0	0	0	0	0	0	0	0	0	0	0	0	0	0	0	0	0	0	0	0	0	0	0	0	0	0	0	0	0	0	0	0	7	0	0	0	0	0	0	0	0	0	0	0	88	0	0	0	0	46	0	0	0	0	0	0	0	126	49	129	0	0	0	0	0	0	0	0	0	0	0	0	0	0	0	0	0	0	0	9	0	0	0	34	0	0	0	0	181	0	131	0	0	0	0	0	0	0	0	0	0	0	0	0	0	0	0	0	0	53	0	0	0	0	472	234	28	0	245	231	979	0	0	257	0	0	0	0	0	0	0	0	0	0	36	0	0	0	0	0	0	86	0	104	0	161	33	0	0	0	0	0	0	0	0	0	0	0	0	0	0	0	2	0	0	0	0	0	0	0	0	0	5	0	0	0	0	33	0	0	437	0	0	0	94	0	3	0	0	0	379	0	0	0	0	17	0	0	0	0	0	0	0	41	5	0	0	0	0	0	0	0	0	0	0	0	0	34	0	0	452	6	0	286	0	0	0	0	0	0	0	0	0	0	0	0	0	0	0	82	0	0	0	0	0	0	0	0	0	0	1292	326	1428	344	929	1331	2365	1578	641	31	0	32	0	0	0	0	0	0	0	0	0	0	0	0	0	94	0	0	18	0	0	16	0	0	0	0	26	0	94	0	0	0	0	0	0	42	0	706	234	0	438	551	36	828	0	628	528	15	0	0	0	0	0	0	0	0	0	0	0	0	0	0	0	0	0	0	0	0	0	0	0	0	0	0	0	0	0	0	0	0	0	0	0	0	0	0	0	0	0	0	35	0	0	19	0	0	0	0	0	0	0	0	0	0	0	0	0	0	0	0	0	0	0	0	0	0	0	0	0	0	0	0	0	0	0	0	0	0	0	0	0	0	0	0	0	0	0	0	0	0	0	0	0	0	0	0	0	0	0	0	0	0	0	0	0	0	0	0	0	0	0	0	0	0	0	0	8	0	0	0	0	0	0	0	0	0	0	0	45	0	0	0	0	0	0	0	0	0	0	0	0	14	0	0	0	0	0	0	0	0	0	0	0	0	0	77	0	0	0	0	119	0	0	0	0	0
W1x1603	0	0	0	0	0	0	0	0	0	0	0	14	16	10	0	0	0	0	0	0	0	0	193	0	0	0	0	0	0	0	0	30	0	0	0	0	0	4	0	0	0	0	0	0	0	0	0	0	0	0	0	0	0	0	0	0	0	0	0	0	0	0	27	0	0	9	0	40	0	0	0	0	0	0	0	0	0	0	0	0	0	0	0	0	0	0	0	0	0	0	0	0	0	18	0	15	0	48	0	23	0	0	0	0	0	0	0	0	0	0	0	0	0	0	0	0	0	77	77	0	0	0	55	0	0	28	32	0	0	0	0	72	0	0	0	0	0	0	0	0	0	0	0	17	0	0	0	0	0	0	0	0	0	0	0	0	0	0	0	0	0	0	0	0	0	34	17	0	0	0	172	0	0	0	8	0	0	0	0	0	0	0	0	0	0	0	0	0	0	48	0	0	73	212	135	46	38	53	63	0	230	36	13	143	211	0	0	0	0	59	153	41	0	0	0	81	0	0	0	0	0	0	0	0	0	0	0	0	0	0	0	0	0	0	0	0	0	0	0	0	0	0	0	0	0	0	0	0	0	83	150	93	523	16	0	100	0	0	0	0	0	0	0	0	0	0	0	0	0	0	0	0	17	68	0	22	923	654	0	127	11	181	951	68	803	0	0	62	0	0	0	0	0	0	0	0	0	0	0	0	0	87	0	50	90	0	23	0	0	0	0	0	0	0	0	0	0	0	0	0	151	26	0	310	61	61	0	451	1412	118	0	0	0	0	0	0	0	0	0	0	0	0	0	0	0	49	0	302	0	0	0	197	0	0	0	0	0	58	0	0	0	61	0	0	35	52	0	0	0	0	0	0	0	0	0	0	0	0	0	0	0	0	0	0	0	0	0	0	0	0	0	0	0	0	0	0	68	63	0	55	0	373	0	0	234	143	0	0	0	0	0	0	0	0	0	0	0	0	8	0	67	294	12	1289	506	148	221	86	378	567	0	0	0	0	0	0	0	0	0	0	0	0	0	21	4	0	0	0	0	0	0	6	0	0	0	0	0	0	0	0	0	0	134	328	750	0	1640	905	1683	0	1401	1244	215	0	0	0	0	0	0	0	0	0	0	0	0	0	0	0	0	0	0	0	0	0	0	0	0	0	13	0	0	0	0	0	0	0	0	0	0	0	0	0	0	0	0	0	0	0	0	0	0	0	0	0	0	0	0	0	0	0	0	0	0	0	0	0	0	0	0	0	0	0	0	0	0	0	0	0	0	0	0	18	0	0	0	0	0	0	0	310	19	0	0	29	0	0	0	0	0	0	0	0	0	0	0	0	0	0	0	0	0	0	0	0	0	0	0	0	0	0	0	0	0	0	0	0	0	0	0	0	0	0	0	0	0	0	95	0	0	0	0	0	0	0	0	0	0	27	0	0	0	0	0	0	0	0	0	0	0	25	48	0	0	63	0	0	0	0	0	0	0	0	0	0	0	0	0	0	0	8	0	0	0	0	0	0	0	42	0	7	0	0	0	0	0	0	0	0	0	0	0	0	0	0	3	0	0	0	0	0	0	0	0	36	0	0	0	0	0	673	45	0	0	0	0	0	77	0	0	0	0	0	0	0	0	0	0	0	0	0	0	0	0	0	0	43	0	0	0	34	0	0	52	0	0	0	0	0	0	0	0	0	0	0	0	0	0	0	0	0	0	0	0	0	8	0	0	0	0	0	0	0	0	14	0	0	0	0	0	0	0	0	15	0	0	0	0	0	0	0	0	0	0	0	0	0	0	0	0	0	0	0	0	0	0	0	0	179	0	10	0	0	0	0	0	0	0	0	0	122	0	0	0	0	0	0	30	0	0	0	0	0	0	0	0	0	0	0	0	0	28	0	0	3	134	0	0	256	157	75	0	0	0	0	69	33	28	0	4	0	0	0	0	0	0	0	0	0	9	0	0	0	0	0	0	0	0	0	0	0	22	206	0	843	0	36	0	34	0	0	0	0	0	0	0	0	0	0	0	0	0	0	0	0	0	8	0	0	0	0	50	0	261	111	0	278	0	70	0	36	43	0	0	0	0	0	0	0	0	0	73	61	0	0	0	0	0	0	107	0	298	44	195	263	0	22	0	0	0	0	0	0	0	0	0	0	0	0	0	0	0	0	0	0	0	0	0	0	0	0	0	0	0	0	79	0	0	172	911	344	334	218	241	994	0	0	383	238	0	0	0	0	0	0	0	0	0	0	0	0	0	34	0	0	0	0	0	0	0	0	0	0	0	0	53	0	0	0	0	0	0	0	0	278	0	0	0	0	13	0	0	0	0	0	0	0	47	99	0	0	0	0	0	0	0	0	0	678	2774	275	87	276	959	597	531	155	37	0	0	0	0	0	0	0	0	0	0	0	0	0	0	0	68	0	0	65	0	33	0	0	0	0	0	234	0	107	0	0	12	0	3	0	0	0	0	41	0	286	90	4	232	0	90	349	0	0	0	0	0	0	0	0	0	0	0	0	0	0	0	0	0	0	0	0	0	0	0	0	0	0	6	0	0	0	0	2	0	0	0	0	0	0	0	0	0	0	0	0	0	0	0	0	0	0	0	0	0	0	0	0	0	0	0	0	0	0	0	0	0	0	0	0	0	0	0	0	0	0	0	0	0	0	0	0	0	0	0	0	0	0	0	0	0	0	0	0	0	19	0	0	0	88	0	0	0	0	0	0	0	0	0	0	0	0	0	0	0	0	0	0	0	0	0	0	0	0	0	0	0	0	0	6	0	0	0	14	0	0	0	0	0	0	0	7	0	0	0	0	0	0	0	0	0	0	0	0	0	0	0	0	0	143	49	0	0	0	0	0	0	0	0	0	0
W1x1605	0	0	0	0	0	0	0	0	0	0	0	24	0	0	0	81	0	0	0	0	0	0	0	0	0	0	0	0	0	0	0	0	0	0	0	0	0	35	0	0	0	0	0	0	0	0	0	0	0	0	0	0	0	0	0	0	0	0	0	0	0	0	0	0	0	0	0	0	0	18	0	0	0	0	0	0	0	0	0	0	0	0	0	0	0	0	0	0	0	0	0	114	0	0	0	21	0	0	0	0	0	0	0	0	0	0	0	0	0	0	0	0	0	0	0	0	0	0	67	0	0	0	0	102	0	32	0	0	0	0	0	49	0	0	14	0	0	0	0	0	0	0	23	0	0	0	0	0	0	0	0	0	0	0	0	0	0	0	0	0	0	0	0	0	0	0	0	247	0	0	0	0	0	0	0	0	0	0	0	0	0	0	0	0	0	0	0	0	527	0	0	0	0	0	0	0	0	0	0	0	153	0	85	0	121	0	0	0	49	15	35	20	0	0	0	0	0	0	0	0	0	0	20	0	0	0	0	0	0	0	0	0	0	0	0	138	0	36	0	0	112	0	0	0	0	0	0	11	0	109	0	45	46	0	65	0	38	0	0	0	0	0	0	0	0	0	0	0	0	0	0	9	0	27	21	0	0	136	0	164	37	34	53	105	162	0	0	0	0	0	0	0	0	0	0	0	0	0	0	0	0	0	0	17	0	0	27	0	0	0	0	0	0	0	0	0	0	0	0	0	0	162	0	85	250	0	0	119	0	57	0	0	0	0	0	0	0	0	0	0	0	0	0	0	0	70	0	205	272	0	0	185	0	0	0	0	0	32	0	0	0	15	0	0	0	0	0	0	0	0	0	0	0	0	0	0	0	0	0	0	0	0	0	0	0	0	0	17	0	0	0	0	33	31	0	0	0	8	0	52	0	0	56	0	461	71	0	0	0	155	0	0	0	15	0	14	0	0	16	0	649	237	0	189	324	269	230	129	182	279	0	0	0	0	0	32	0	0	0	0	0	0	0	0	18	0	0	0	0	0	0	0	0	0	0	0	0	0	0	369	25	0	133	43	103	9801	479	480	1200	1348	484	458	194	0	0	0	0	0	0	0	0	4	0	0	0	0	0	0	0	0	0	0	0	0	0	0	0	0	0	0	0	0	0	0	0	0	0	0	0	0	0	0	0	0	0	215	0	0	0	0	0	0	0	0	0	19	0	0	16	0	0	0	0	0	0	0	0	0	0	0	0	0	0	0	0	0	0	0	0	0	0	15	0	0	0	9	0	0	0	0	0	22	0	19	0	39	0	0	0	0	0	0	4	0	0	5	0	0	0	0	0	0	0	0	0	0	0	0	0	0	0	0	0	0	0	0	0	0	271	0	0	0	0	0	0	0	0	0	0	71	5	0	0	0	0	0	0	8	0	0	0	0	0	0	0	0	0	0	0	38	0	0	0	25	114	0	0	0	0	0	0	15	0	0	0	0	0	0	0	0	0	0	0	0	0	0	0	0	0	20	0	0	0	0	0	0	0	0	0	0	0	0	0	0	0	0	0	0	0	0	106	9	0	0	0	1548	0	0	0	0	0	0	44	0	0	14	0	0	0	0	0	0	0	0	0	0	0	0	0	0	6	0	0	0	0	93	0	0	42	0	0	0	0	284	0	0	0	0	0	0	0	0	0	0	0	0	0	0	98	0	0	0	0	0	0	0	0	0	0	0	0	0	0	11	0	0	0	0	0	0	0	0	0	0	0	0	0	0	0	0	0	0	0	0	0	0	0	32	0	0	0	0	0	0	0	0	77	12	0	0	0	86	73	0	20	0	0	0	0	0	0	0	0	0	0	0	0	0	0	22	0	0	0	0	12	0	0	0	0	0	23	98	0	0	0	4	0	0	0	0	109	0	12	0	28	0	0	0	0	0	0	0	0	0	0	22	0	0	0	0	0	0	0	0	0	19	0	0	0	0	0	0	0	0	0	34	1475	18	0	0	0	0	0	0	0	0	0	0	0	0	0	0	0	0	0	0	30	0	0	0	0	843	185	83	0	203	32	0	0	143	106	0	0	0	0	0	0	0	0	0	0	0	0	0	0	0	0	0	41	357	119	88	7	0	83	0	0	0	0	0	0	0	0	0	0	0	0	0	0	0	0	0	0	9	0	0	0	0	0	0	0	0	0	6	42	0	13	95	233	0	0	232	57	123	0	0	64	121	0	0	0	0	18	0	5	0	0	0	0	0	0	11	0	0	0	0	0	0	0	0	0	0	0	0	28	0	0	0	0	0	0	0	0	31	0	0	0	0	0	0	0	0	0	0	0	0	0	0	0	0	0	0	0	0	0	115	0	43	364	223	0	190	36	274	34	0	3681	0	15	0	0	0	0	0	0	0	0	0	0	0	0	0	35	0	211	47	0	0	3	16	24	0	0	0	0	67	0	0	0	0	0	0	0	0	0	35	0	190	10	0	193	0	0	127	8	0	0	0	0	0	0	15	0	0	0	0	0	0	0	0	0	0	0	0	0	0	0	0	0	0	0	0	0	0	0	0	0	0	0	0	0	0	0	0	0	0	0	0	0	0	2	0	0	0	0	0	0	0	0	0	0	0	0	0	39	0	0	0	0	0	0	0	0	0	0	0	0	0	0	0	0	0	0	0	0	0	0	0	0	0	0	0	0	0	0	0	0	0	0	0	0	0	0	0	0	0	0	0	0	17	5	0	0	0	0	0	0	0	0	0	0	0	0	0	0	0	0	0	0	0	0	0	0	0	0	0	0	0	0	0	0	0	0	0	0	0	0	0	4	0	0	0	0	0	0	0	0	0	0	0	0	0	13	0	182	0	0	39	0	0	155	0	0
W1x1606	17	0	0	0	0	0	0	0	0	0	0	31	0	5	0	0	11	0	0	0	0	0	0	0	0	13	0	0	0	0	0	21	0	0	0	0	0	25	0	0	0	0	0	0	0	0	0	0	0	0	0	0	0	0	0	0	0	0	0	0	0	0	13	0	0	0	0	0	0	0	0	0	0	0	0	0	0	0	0	0	0	0	0	0	0	0	0	0	0	0	0	0	0	10	21	14	0	0	0	0	0	0	0	0	0	0	45	0	0	0	0	0	0	0	0	0	74	0	74	0	0	0	51	0	0	13	0	0	108	0	0	26	0	0	0	0	0	0	0	0	0	0	0	0	0	0	0	0	0	0	0	19	0	8	0	0	0	0	0	0	0	0	0	0	0	30	82	0	0	32	0	0	0	0	0	0	0	0	0	0	56	0	0	0	0	0	0	0	0	0	0	0	0	25	0	0	0	0	428	0	21	0	789	142	147	0	0	0	0	0	0	0	0	0	0	0	0	0	0	0	0	0	0	0	0	0	0	0	0	0	0	0	0	47	0	0	0	0	0	0	0	0	0	0	0	0	0	0	0	34	57	72	0	206	117	0	0	0	0	0	0	0	0	0	0	0	0	0	4	0	6	23	0	0	20	124	0	401	716	151	414	156	24	266	0	0	0	0	0	0	15	0	0	0	0	0	0	0	0	0	0	0	0	19	0	648	25	0	0	0	0	0	0	0	0	0	0	0	0	0	0	56	0	109	138	10	0	0	0	13	0	0	0	0	0	0	0	0	0	0	0	0	0	0	0	0	0	14	189	0	102	0	0	0	0	0	0	62	0	0	0	17	36	0	14	0	0	0	0	0	0	0	0	0	0	0	0	0	0	0	0	0	0	0	0	0	0	0	0	67	0	0	18	62	0	0	79	0	148	34	175	89	0	90	0	0	0	0	0	0	0	0	37	39	0	0	0	1650	0	0	67	185	0	0	595	20	658	225	296	311	0	13	0	0	0	0	0	0	0	0	0	0	0	0	0	0	0	0	0	0	0	0	0	0	0	0	0	0	0	0	104	0	0	665	514	314	5228	1185	1393	474	194	1222	2231	0	0	0	0	219	0	0	0	0	0	0	0	0	0	0	0	0	0	0	0	0	0	0	10	0	0	0	0	0	12	0	0	0	0	0	0	0	0	0	0	0	0	0	0	0	0	0	0	0	0	0	0	0	0	0	0	0	0	0	0	0	0	0	0	0	0	0	0	0	0	0	0	0	0	0	0	0	0	0	0	0	0	0	25	0	0	0	0	0	0	0	0	14	0	0	0	0	0	0	0	0	0	0	42	0	0	0	0	0	0	0	0	0	0	0	0	0	0	0	0	0	14	0	0	0	0	0	0	0	0	0	0	0	0	0	0	0	4	0	0	0	0	0	0	9	0	0	0	0	0	0	0	92	0	19	17	0	76	0	0	0	53	0	0	0	0	0	0	0	0	0	0	0	8	0	0	0	0	6	0	0	0	0	0	13	0	35	0	0	0	0	0	0	0	0	0	0	0	0	0	0	0	0	0	0	0	0	0	8	0	0	0	0	53	0	0	0	0	0	0	22	0	0	32	0	0	0	0	0	0	11	0	0	0	0	0	0	12	0	0	0	0	28	0	0	105	0	0	0	88	0	0	0	0	0	0	0	0	0	0	0	0	0	0	0	0	0	0	0	0	0	0	0	0	0	0	0	0	0	0	0	0	0	0	0	0	9	0	0	0	0	0	0	0	0	0	0	0	0	0	0	0	0	0	0	0	0	0	0	0	0	0	0	8	11	34	0	0	0	0	50	11	0	0	0	0	0	140	0	0	0	0	0	0	0	0	0	0	0	0	0	0	0	289	0	0	0	0	133	0	0	0	0	0	0	107	44	10	0	0	0	0	10	0	0	0	0	0	0	0	0	0	0	0	0	0	0	0	0	0	0	0	0	0	0	0	0	160	0	0	0	0	29	0	67	0	0	0	0	0	0	0	0	0	0	0	0	0	0	94	0	0	0	11	0	0	0	0	247	0	0	0	244	578	352	0	0	582	0	0	0	0	0	0	0	341	0	0	0	0	0	0	0	0	0	0	0	100	10	0	15	0	0	0	0	6	0	139	0	0	0	0	0	0	0	0	0	0	0	0	0	0	0	0	0	0	0	0	0	0	0	19	0	0	0	27	753	574	0	0	0	1029	0	0	116	0	0	0	0	0	0	17	0	0	0	240	0	0	0	0	0	0	0	0	0	0	0	0	0	0	0	0	0	0	0	0	0	570	0	0	0	0	46	0	0	0	0	32	0	0	0	0	0	0	0	0	0	0	0	0	0	0	0	0	0	62	454	20	2154	129	161	133	261	0	0	0	0	0	0	0	0	0	0	0	0	0	0	0	0	120	0	66	15	0	0	0	0	0	0	0	0	0	129	0	0	0	0	33	0	0	0	0	74	1511	311	1031	0	475	535	0	244	0	0	0	0	0	0	0	16	0	0	0	0	19	0	0	0	0	0	0	0	0	0	0	0	0	0	0	0	0	0	0	0	0	0	0	0	22	0	0	0	0	0	0	0	0	0	141	0	0	0	0	0	0	0	6	0	0	0	0	15	105	0	0	0	0	0	0	0	0	0	0	0	0	0	0	0	0	0	0	0	0	0	0	0	0	0	0	0	0	0	0	0	0	0	0	0	0	0	0	0	0	0	0	0	0	0	170	0	0	0	0	0	0	0	0	0	0	0	0	0	0	0	0	0	0	0	0	0	0	0	0	43	0	0	0	56	0	0	0	11	0	0	0	0	0	0	0	0	0	0	0	0	0	0	0	0	0	0	15	0	0	0	0	0	0	0	0	0	0
W1x1607	0	0	0	0	0	0	0	0	0	0	0	0	0	0	0	0	0	0	0	0	0	0	0	0	0	0	0	0	0	0	0	0	0	0	0	0	0	0	0	0	0	0	0	0	0	0	0	0	0	0	0	0	0	0	0	0	0	0	0	0	0	0	0	0	0	0	0	0	0	0	0	0	0	0	0	0	0	0	0	0	0	0	0	0	0	0	0	0	0	0	0	0	0	0	791	0	0	0	0	0	0	0	0	0	0	0	0	0	0	0	0	0	0	0	0	0	0	20	164	0	0	0	80	0	7	12	0	0	0	0	0	132	0	0	0	0	0	0	0	0	0	0	0	0	0	0	0	0	0	0	0	0	0	0	0	18	0	0	0	0	0	0	0	0	0	0	0	0	0	0	0	0	0	0	0	0	0	0	0	0	0	0	0	0	0	0	0	0	0	0	0	0	0	0	0	0	0	0	415	23	4	0	0	0	0	0	0	0	0	0	0	0	0	0	114	0	0	0	0	0	0	0	0	0	0	0	0	0	0	0	0	0	0	0	0	0	0	0	0	0	0	0	0	0	0	0	0	0	0	0	0	0	0	0	0	11	0	0	0	0	0	0	0	0	0	0	0	0	0	0	0	0	0	0	0	0	0	949	0	1228	0	90	14	0	99	0	2	0	0	0	0	0	0	0	0	0	0	0	0	0	0	0	24	16	25	0	0	0	0	0	0	0	0	0	0	0	0	0	0	104	0	0	0	501	0	0	0	0	0	45	0	0	0	0	0	0	0	0	0	0	0	0	0	0	0	0	0	96	1128	267	13	0	0	0	0	0	0	0	0	0	0	0	0	0	0	0	0	0	0	0	0	0	0	0	0	0	0	0	0	0	0	185	0	0	0	0	0	0	58	0	0	0	0	0	0	0	26	0	0	0	0	0	0	0	0	161	0	0	3	0	0	0	0	0	0	0	1021	0	16	0	3421	0	0	0	951	76	334	0	1582	1989	0	0	0	0	0	0	0	0	0	0	0	0	0	0	0	0	0	0	0	0	0	0	0	0	0	0	0	0	0	0	0	0	0	11	1089	6035	60	3142	715	3229	389	0	0	0	0	0	0	0	0	0	0	0	0	0	0	0	0	0	0	0	0	0	0	0	0	0	0	0	0	0	0	0	0	0	0	0	0	0	0	0	0	0	0	0	0	0	0	0	0	0	0	0	0	0	0	0	0	0	0	0	0	0	0	0	0	0	0	0	0	0	0	0	0	0	0	0	0	0	0	0	0	0	0	0	0	0	0	0	0	0	0	39	0	0	0	0	0	0	0	0	0	0	0	0	0	0	0	0	0	0	0	0	0	0	0	0	0	0	0	0	0	0	0	0	0	0	0	0	0	0	0	0	0	0	0	0	0	0	5	57	0	0	0	0	0	0	0	0	0	0	0	0	0	0	0	0	0	0	0	0	0	0	0	4	0	0	0	0	0	0	0	0	0	0	0	0	0	0	0	0	0	0	0	0	0	0	0	0	0	0	0	0	0	0	0	0	0	0	0	0	0	0	0	0	0	0	0	0	0	0	0	0	0	0	0	0	0	0	0	0	0	0	0	5	0	0	0	0	0	0	0	0	0	0	0	0	0	0	0	0	0	0	0	0	0	0	0	0	0	0	0	0	0	0	0	0	0	0	0	0	0	0	0	0	0	0	0	0	0	0	0	0	0	0	0	0	0	0	0	0	0	0	0	0	0	0	0	0	0	0	11	0	23	0	0	0	0	0	0	0	0	0	0	0	0	0	0	0	0	0	0	0	0	0	0	0	0	0	0	0	0	0	0	0	0	0	0	0	0	0	0	0	0	0	0	0	0	0	0	0	0	0	0	0	0	0	0	0	0	0	126	0	0	0	19	0	0	58	0	0	0	0	0	0	332	0	0	0	0	0	0	0	0	0	0	0	0	0	0	0	0	0	0	0	0	0	0	0	0	0	0	0	0	1452	14	0	0	0	0	0	0	0	0	0	0	0	0	0	0	0	0	0	0	0	0	0	0	0	0	0	0	0	65	0	0	0	0	0	13	145	0	0	0	411	0	0	0	0	0	0	0	0	0	0	0	4	0	0	265	231	292	0	0	0	0	0	0	0	0	0	0	0	0	0	0	0	0	0	0	0	0	0	25	0	32	0	0	0	0	0	0	0	0	0	0	0	0	239	170	4264	0	87	0	0	0	0	25	116	0	0	0	0	0	0	0	0	0	0	0	0	129	8	0	0	0	0	0	0	0	0	0	0	0	0	0	0	0	0	0	0	0	0	0	13	0	0	0	0	0	0	0	0	8	0	0	0	0	0	0	0	0	0	0	0	0	0	0	0	118	4647	19	1444	0	44	56	752	0	46	0	0	0	0	0	0	0	0	0	0	0	0	0	0	46	0	0	14	0	0	0	0	0	0	0	0	0	153	15	0	0	0	0	0	0	0	0	13	0	1124	0	27	0	0	0	159	0	0	0	0	0	0	0	0	0	0	0	0	0	0	22	0	0	0	0	0	0	0	0	0	0	0	0	0	0	0	0	0	36	0	0	0	0	0	0	0	0	0	0	0	0	0	0	0	0	0	0	0	0	0	0	0	0	0	0	0	0	0	0	0	0	0	0	0	0	0	0	0	11	0	115	0	0	0	0	0	0	0	0	0	0	0	0	0	0	0	0	0	0	0	11	0	0	0	0	0	0	0	0	0	0	0	0	0	0	0	0	0	0	0	0	0	0	0	0	0	0	0	0	0	0	0	0	0	0	0	0	6	213	0	0	0	0	0	0	0	0	0	0	0	0	0	0	0	0	0	0	0	0	0	0	0	0	0	210	0	0	0	0	0	0	0	0	0	0
W1x1610	0	0	5	0	0	0	0	0	0	10	0	0	0	0	0	0	6	0	0	0	0	0	0	0	0	0	0	0	0	0	0	0	0	0	0	0	0	0	0	0	0	0	0	0	0	0	0	0	0	0	0	0	0	0	0	0	0	0	0	0	0	0	0	0	0	0	0	0	0	0	0	0	6	0	0	0	0	0	0	0	0	0	0	0	0	0	0	0	0	0	0	0	0	87	0	0	0	0	0	0	0	0	8	0	0	0	0	0	0	0	0	0	0	0	0	0	0	465	0	0	0	0	77	0	0	46	150	0	0	0	0	62	0	0	0	0	0	0	0	0	0	0	0	0	0	0	0	0	0	0	0	0	0	0	0	0	0	0	0	0	0	0	0	0	0	0	0	0	0	0	7	0	0	0	0	0	0	7	0	0	0	0	0	0	0	0	0	0	0	0	0	0	26	0	0	0	0	0	244	42	2	11	0	0	28	0	0	0	0	83	40	58	19	10	0	0	0	0	0	0	0	0	0	0	0	0	0	0	0	0	0	0	0	0	0	0	0	15	0	0	2	0	0	0	0	0	0	0	0	0	0	48	16	0	0	72	0	0	0	0	0	0	0	0	0	0	0	0	0	0	0	0	0	29	0	2000	407	194	230	415	0	145	73	1051	0	2	0	0	0	0	0	0	9	0	0	0	0	0	0	0	0	0	0	0	179	0	0	23	0	0	0	0	0	0	0	0	0	0	0	0	236	78	104	117	0	26	0	20	0	0	0	0	0	0	0	0	0	0	0	0	0	0	0	0	0	0	0	0	0	203	374	0	0	0	0	0	0	0	0	0	37	0	0	0	0	0	0	0	0	0	0	0	0	0	0	0	0	0	8	0	15	0	0	0	0	0	0	0	0	0	0	0	0	0	0	0	41	124	0	57	0	48	0	0	0	49	0	0	0	0	0	0	0	0	0	0	0	0	0	17	44	0	0	659	17	1067	438	330	925	383	0	0	0	0	0	0	0	0	0	0	0	0	0	0	0	0	0	0	0	0	0	0	0	0	0	0	0	0	0	0	0	0	14	110	974	43	0	926	1873	0	1227	596	99	0	3	0	0	0	21	0	0	0	0	0	0	0	0	0	0	0	0	0	0	0	0	0	0	0	0	0	0	4	0	0	0	0	0	0	0	0	0	0	0	5	0	0	0	0	0	0	0	0	0	0	0	0	0	0	0	0	0	0	0	0	0	0	0	0	0	4	0	0	0	0	0	0	0	0	0	0	0	0	0	0	0	5	0	0	0	0	31	88	0	27	0	6	0	0	0	0	0	0	0	0	0	0	0	0	0	0	0	0	0	0	0	0	0	0	0	0	0	0	0	0	0	0	0	0	0	0	0	0	0	0	0	0	0	0	21	0	0	0	0	0	0	0	0	0	0	0	0	0	0	0	0	0	10	11	12	25	0	0	0	96	0	0	136	0	0	0	0	0	0	0	0	0	0	0	0	0	0	0	0	0	0	0	0	0	0	0	0	0	0	0	0	0	0	0	0	0	0	0	0	0	0	0	0	0	0	0	0	0	0	47	17	0	11	0	0	0	39	0	0	0	0	0	0	0	0	0	0	0	0	0	0	0	0	0	0	0	0	0	0	0	0	0	0	0	0	0	0	0	45	0	0	0	0	0	0	0	0	0	0	0	0	0	0	0	0	0	0	0	0	0	0	0	0	0	0	0	0	0	0	175	17	132	3	0	0	0	0	0	0	0	0	0	0	0	0	0	0	0	0	0	0	0	0	0	0	0	0	0	0	0	0	0	0	0	0	30	0	0	0	0	113	0	0	0	0	0	0	0	0	0	0	0	0	0	0	0	0	0	0	0	0	0	0	0	0	0	33	0	46	33	63	7	0	472	0	123	0	0	0	0	84	0	0	0	0	0	0	0	0	0	0	0	0	0	0	0	0	0	0	0	0	0	0	0	0	0	0	0	0	0	0	0	0	36	0	0	0	0	0	0	0	0	0	0	0	0	0	0	0	0	0	0	3	17	0	0	0	0	353	994	0	262	0	26	0	0	58	0	0	0	0	0	0	0	0	23	0	0	0	0	0	0	0	0	0	0	90	0	0	43	0	0	0	0	0	0	0	0	0	25	0	0	0	0	0	0	0	0	0	0	0	0	0	0	0	0	10	0	0	0	0	0	0	198	107	0	0	329	46	0	0	0	295	0	0	0	0	0	0	0	0	0	0	0	0	0	118	44	0	0	0	0	0	0	0	0	0	0	0	0	46	0	0	58	0	0	274	0	0	57	0	0	0	0	0	0	0	0	0	0	0	0	40	0	0	0	0	0	0	0	0	0	0	35	716	312	36	2055	0	53	708	523	0	0	41	0	0	0	0	0	0	0	0	0	0	0	0	0	19	0	0	0	0	4	9	14	0	0	0	180	11	61	0	0	0	0	0	0	0	0	571	676	0	0	0	78	1218	1400	447	90	0	0	0	0	0	0	0	0	0	0	0	0	0	0	0	0	0	0	0	0	0	0	0	0	0	0	0	0	0	0	0	0	0	0	0	0	0	0	0	0	0	0	0	0	0	0	0	0	0	0	0	0	0	0	0	0	3	31	3	0	0	0	0	15	0	0	0	0	0	11	0	0	21	0	0	0	0	0	0	0	0	0	0	0	0	0	0	0	0	0	0	0	0	0	0	13	0	0	0	0	0	0	0	0	0	8	0	0	0	0	0	0	0	0	0	0	0	0	0	0	0	0	0	0	0	0	0	0	0	0	0	7	0	0	42	0	0	0	0	0	0	0	0	0	0	0	16	0	0	0	0	0	0	0	0	0	0	39	0	0	48	0	34	68	0	0	0	0	0
W1x1612	20	16	0	0	0	0	0	0	0	0	0	30	0	0	0	0	9	0	0	0	0	0	0	0	0	86	0	0	0	17	0	0	0	0	0	0	0	0	0	0	0	0	0	0	0	0	0	0	0	0	0	0	0	0	0	0	0	0	0	0	0	0	0	0	0	0	0	0	0	0	0	0	0	0	0	0	0	0	0	0	0	0	0	0	0	0	0	0	0	0	0	0	276	96	0	0	74	0	0	0	0	0	0	0	0	0	0	0	186	0	0	19	0	18	0	0	15	0	83	75	0	0	0	0	0	0	271	0	0	0	0	0	0	0	0	0	0	0	0	0	0	0	0	0	0	0	0	0	0	0	0	0	0	0	0	36	0	0	0	0	0	0	0	0	0	234	0	0	0	0	0	0	0	0	0	0	0	0	0	0	60	0	0	0	0	9	0	0	0	0	0	0	0	0	0	0	0	0	860	0	0	944	134	118	32	0	0	0	0	2	0	0	0	0	0	0	0	0	0	0	0	0	0	0	16	0	0	0	0	0	0	0	0	0	0	0	0	46	0	0	0	0	0	0	0	0	0	0	0	0	0	27	0	155	431	0	0	0	0	0	0	0	0	0	155	0	0	0	0	0	0	20	0	0	152	0	0	0	0	333	28	508	0	0	0	0	0	0	0	0	0	0	0	0	55	0	0	0	0	223	0	0	0	7	0	0	195	0	0	0	0	0	0	0	0	14	0	0	0	0	0	573	0	427	334	0	0	0	0	596	0	155	0	0	0	0	0	0	0	0	0	0	0	0	0	0	0	9	0	0	0	1591	15	0	0	0	0	0	0	0	0	0	0	0	0	0	0	0	0	0	0	0	0	0	0	0	0	0	13	0	7	0	55	0	0	0	0	14	62	0	0	0	0	0	0	0	0	0	0	0	60	135	173	0	60	35	6	0	0	0	0	0	0	0	0	898	0	0	0	0	1633	109	0	0	2927	0	0	258	645	1063	0	0	0	0	0	0	0	51	0	0	0	0	0	0	34	0	0	0	0	0	0	0	0	0	0	0	0	0	0	0	0	0	196	28	542	0	408	480	147	12	38	231	804	0	0	0	0	0	0	0	0	0	52	0	0	0	0	0	22	0	0	0	0	0	0	0	0	0	64	0	0	0	0	0	6	0	0	0	0	0	0	0	0	0	0	0	0	0	0	0	0	0	0	0	0	0	0	0	0	0	0	0	0	0	0	0	0	15	0	0	0	0	0	0	0	0	0	0	0	15	0	0	0	0	0	23	0	0	0	0	0	0	0	0	0	137	0	0	0	0	0	0	280	0	0	24	0	0	0	0	0	0	0	0	0	0	0	0	38	0	0	0	0	0	108	0	0	0	0	0	0	5	0	0	0	0	0	0	0	0	0	0	0	0	0	0	0	0	0	0	0	0	0	0	0	0	0	0	0	9	178	0	0	0	134	0	0	0	0	0	0	0	0	0	0	0	0	0	0	0	0	0	0	0	0	0	0	0	0	204	0	0	0	0	0	0	0	0	0	0	0	0	0	0	0	0	0	0	0	0	0	45	0	3	0	0	0	0	200	0	34	0	0	38	0	0	0	0	0	0	51	0	0	0	17	0	0	0	0	0	3	0	0	0	0	0	0	0	634	0	0	0	178	0	0	0	0	48	0	0	0	0	24	0	0	0	0	0	0	0	0	0	0	0	0	0	0	0	0	0	0	0	0	0	0	0	0	0	0	37	0	0	0	0	0	0	0	0	0	37	0	0	0	157	0	0	0	0	0	0	0	0	0	0	0	0	984	0	0	0	0	1054	0	0	0	0	0	0	0	0	0	0	19	0	0	0	0	0	0	0	0	0	12	0	0	0	0	0	0	0	175	263	0	0	0	0	0	0	239	0	1124	0	0	0	0	0	0	0	0	0	0	0	0	0	0	0	0	0	24	0	0	0	0	0	0	59	25	8	0	0	53	85	0	0	0	59	0	158	0	0	0	0	0	0	0	0	0	0	0	0	0	0	0	112	0	0	247	0	0	0	0	2030	0	0	0	0	2499	1001	0	0	55	0	0	0	0	0	37	0	0	0	0	0	0	0	0	0	0	0	78	0	0	48	0	0	0	0	0	0	0	0	6	0	0	0	0	0	0	9	0	0	0	0	33	0	0	0	0	0	0	0	38	0	0	0	0	0	11	228	0	0	0	0	0	0	0	0	0	440	0	17	0	0	15	0	0	0	0	0	0	0	0	0	0	0	0	0	0	0	0	0	0	0	0	0	0	38	0	0	0	0	0	0	0	505	0	0	0	0	84	0	85	0	0	0	0	0	0	0	0	0	0	0	0	0	0	0	0	5586	0	3187	0	2826	0	103	35	215	0	0	0	0	10	53	0	0	0	0	17	0	0	0	0	0	337	0	147	0	132	0	0	0	0	0	0	0	0	129	0	0	0	0	38	240	0	0	149	0	0	266	24	0	31	0	190	392	0	0	0	0	0	0	0	0	0	0	0	0	35	0	110	0	0	0	0	0	0	0	0	0	0	0	0	0	0	0	0	0	0	0	0	0	0	0	0	0	0	0	0	0	0	379	0	0	0	0	0	0	0	28	0	0	0	0	0	0	0	0	0	0	0	0	0	0	0	0	0	0	0	0	0	0	0	0	0	0	0	0	0	0	0	0	0	0	0	0	22	0	21	0	0	0	0	0	0	0	0	0	12	0	0	0	0	0	0	0	0	0	0	0	0	0	0	0	0	44	0	0	0	0	15	0	0	0	0	0	0	63	0	0	0	0	0	0	0	97	0	0	151	15	10	23	0	0	0	0	0	0	0	0	0	186	0	0	48	0	14	0	0	145	167	0	0	0	0
W1x1613	0	0	0	0	0	0	0	0	0	0	0	23	0	0	0	0	0	0	7	0	0	0	0	0	0	0	0	0	0	0	0	0	0	0	0	0	0	0	0	0	0	0	0	34	0	0	0	0	0	0	0	0	0	0	0	0	0	0	0	4	0	0	0	0	0	0	0	0	9	147	0	0	0	0	0	0	0	0	0	0	0	0	0	0	0	0	0	0	0	0	0	0	0	88	200	34	0	11	0	19	0	0	5	0	0	0	9	0	0	0	0	0	0	11	0	0	0	0	95	0	0	0	28	0	132	16	0	0	0	0	0	46	0	0	0	0	0	0	0	0	0	0	0	6	0	0	0	0	0	0	0	0	16	34	0	0	0	0	0	0	0	0	0	0	0	70	0	0	0	0	0	67	0	0	0	7	0	0	8	0	9	0	0	0	0	0	0	0	0	0	369	0	0	0	0	11	30	313	49	0	47	0	110	96	308	0	339	0	0	61	0	20	14	0	0	0	0	0	0	0	0	0	0	0	0	0	0	0	0	0	17	0	0	0	0	0	0	0	0	0	0	0	0	0	0	0	0	0	0	114	68	109	20	26	64	266	0	0	8	5	0	0	0	0	0	0	0	0	0	24	0	19	32	0	66	45	303	135	0	232	55	369	151	0	511	0	0	0	0	0	0	0	0	0	0	0	0	0	0	0	0	88	0	13	53	0	0	0	0	0	0	0	0	0	0	0	0	0	0	0	950	26	0	84	350	24	0	61	115	72	21	0	0	0	0	0	0	0	0	0	0	0	0	73	0	117	0	195	0	87	89	0	0	0	0	0	0	85	0	57	0	14	0	0	0	8	9	0	0	0	0	0	0	0	0	0	0	0	0	0	0	18	0	0	0	0	0	68	69	33	0	0	35	29	0	0	27	62	0	0	0	0	0	0	275	0	0	0	0	0	54	0	0	37	0	0	0	0	0	0	73	688	150	591	436	155	519	136	314	177	0	0	0	0	39	0	19	0	0	0	3	0	0	0	13	0	0	8	0	0	0	18	0	0	0	0	0	0	0	0	161	0	125	16	1115	158	599	803	2338	491	997	2826	196	6	0	0	0	0	0	0	0	0	0	0	0	0	0	0	0	0	0	49	0	0	0	0	40	0	0	0	0	0	0	0	0	0	0	0	0	0	0	0	0	0	0	0	0	0	64	0	0	0	0	0	0	0	0	0	23	0	0	0	0	0	0	0	0	0	0	0	0	0	0	0	0	0	0	0	0	0	0	0	0	0	0	20	12	0	0	65	0	33	0	31	0	153	0	8	0	0	0	0	0	9	0	0	0	0	0	85	0	0	0	0	0	0	0	0	0	0	0	0	0	29	38	0	0	0	0	0	0	0	0	0	0	0	0	0	0	0	15	0	23	0	19	0	0	0	0	0	0	0	0	0	0	0	0	0	0	0	127	0	0	0	63	7	0	0	0	0	0	0	0	0	0	0	0	0	0	0	0	0	0	0	0	0	0	0	0	22	0	0	0	0	0	0	0	0	0	0	0	0	0	0	0	0	0	0	0	0	0	14	0	14	0	0	12	279	0	0	0	0	0	13	0	15	0	101	0	0	0	0	0	0	0	0	0	0	0	0	0	0	0	0	0	44	0	0	185	0	0	12	38	333	0	0	0	0	5	0	0	0	11	0	0	0	0	0	0	15	0	0	0	0	0	0	0	0	0	0	36	0	0	0	0	0	0	0	0	12	0	0	0	67	121	22	0	0	0	0	0	0	17	0	0	0	0	0	0	0	0	0	0	0	0	0	62	34	0	0	0	121	0	0	54	0	0	0	0	0	0	0	0	0	0	0	9	0	0	0	0	0	0	0	0	7	44	0	0	0	639	305	0	15	136	0	0	32	0	87	96	0	0	0	0	20	0	0	0	0	0	0	0	0	0	0	0	0	61	0	0	0	0	0	0	0	0	0	31	0	95	289	0	0	0	143	0	21	0	0	0	0	0	0	0	0	0	0	0	0	0	0	0	0	0	0	59	0	0	0	0	184	336	715	0	102	0	256	13	276	270	0	0	0	0	0	0	21	0	18	0	15	0	0	0	0	0	0	49	0	0	0	0	12	0	17	0	0	0	0	0	0	0	0	0	0	0	0	0	0	0	0	0	0	0	0	0	0	0	0	11	0	0	0	0	0	107	64	396	0	0	92	0	0	0	0	141	163	0	0	0	0	15	0	0	0	0	0	0	0	11	0	0	0	0	0	0	0	0	0	0	0	87	0	57	0	0	0	0	0	276	743	0	80	0	0	2	0	0	0	0	0	0	0	0	0	0	37	0	0	0	0	0	0	79	0	0	1379	598	454	134	432	69	216	345	73	460	0	0	0	0	0	0	0	0	0	0	0	0	0	0	0	234	0	0	46	0	0	0	0	0	0	0	36	0	96	0	0	0	0	0	114	105	0	0	203	339	345	656	50	497	1373	148	273	0	0	79	0	47	0	0	0	0	0	0	0	0	0	0	0	0	0	0	0	0	0	0	0	0	4	0	0	9	0	0	0	0	0	0	0	41	0	0	0	0	0	0	0	64	0	0	0	0	0	0	0	0	0	0	0	0	0	0	18	0	0	0	0	0	3	56	0	0	0	0	0	0	0	0	0	0	0	0	0	0	0	0	0	0	0	0	0	0	0	0	0	0	0	0	0	0	0	0	0	0	33	0	0	0	0	17	387	0	0	0	0	0	0	0	14	0	0	0	0	0	0	0	0	0	0	0	0	0	0	0	73	0	0	0	0	0	0	0	0	0	0	0	0	0	0	0	0	0	0	0	10	0	0	0	0	81	40	19	0	122	0	0	0	68	0	0	0	0
W1x1614	0	0	0	0	0	0	0	0	0	0	0	30	0	0	0	0	0	0	0	0	0	0	0	0	0	0	0	0	0	0	0	0	13	0	9	0	0	42	0	0	0	0	0	0	0	0	0	0	0	0	0	0	0	0	18	0	0	0	0	0	0	0	0	0	0	0	0	0	0	14	0	0	0	0	0	0	0	0	0	12	0	0	0	0	0	0	0	16	0	0	0	0	263	51	0	21	0	0	0	0	0	0	0	0	0	0	0	0	0	0	0	0	0	0	0	0	0	18	204	109	0	0	0	256	0	91	28	0	0	0	547	0	0	0	0	0	0	0	0	0	0	0	0	0	0	0	0	0	0	0	0	0	0	20	0	16	0	0	0	0	0	0	0	0	0	97	0	0	0	0	0	0	0	0	0	0	0	0	18	0	0	0	0	0	0	0	0	0	0	0	0	0	0	0	0	0	0	0	187	0	96	0	216	32	225	0	932	0	0	0	0	0	0	0	0	0	0	0	0	0	0	0	73	0	0	0	0	8	0	0	0	0	11	0	0	0	0	32	0	0	0	0	0	0	0	0	0	18	0	96	0	0	0	154	0	174	0	0	7	0	0	0	0	0	0	0	0	0	0	0	0	0	37	0	33	91	0	125	884	542	95	530	0	196	10	0	0	0	0	0	0	0	0	0	0	0	0	0	10	0	0	0	0	19	0	0	33	0	0	0	0	0	7	0	0	0	0	0	0	0	0	40	0	338	516	182	0	0	0	98	0	41	0	0	0	0	0	0	0	0	0	0	0	0	0	58	0	0	0	135	0	0	0	0	0	0	0	101	0	0	0	0	79	0	0	0	0	0	0	0	0	0	0	0	0	0	0	0	0	0	0	0	0	0	0	0	0	0	0	165	0	0	0	81	0	0	42	0	211	0	74	0	96	0	0	26	0	0	0	0	66	0	0	41	0	34	0	0	0	0	396	903	1931	390	514	16	691	0	824	406	204	0	0	0	3	0	0	10	6	0	0	0	0	0	10	0	0	0	0	0	0	0	0	0	0	0	104	0	0	0	0	0	78	0	1694	0	3164	1315	3651	0	1174	1643	467	0	0	0	0	0	12	0	0	0	0	0	0	0	0	0	0	301	0	0	0	0	0	0	0	0	6	0	0	0	0	0	0	0	0	0	0	0	0	0	0	0	0	0	0	0	0	0	0	0	0	0	0	0	0	0	0	0	0	0	0	0	0	0	0	0	0	0	0	0	22	0	0	0	0	0	0	0	0	0	0	0	0	0	10	0	0	21	0	92	0	0	0	137	0	0	0	0	0	0	0	0	0	6	0	0	0	0	0	0	0	0	0	0	0	0	0	0	0	0	0	0	45	0	0	0	0	0	0	0	0	0	0	0	0	0	0	0	13	0	264	0	0	0	0	0	0	0	0	0	0	0	0	0	233	0	0	14	0	0	0	0	565	0	0	0	0	0	0	0	0	0	0	0	0	0	0	0	0	0	0	0	0	0	0	0	0	20	0	0	0	0	0	0	0	8	0	0	0	16	0	0	0	0	0	0	0	0	0	11	0	0	0	0	0	0	0	342	47	0	0	0	0	0	0	0	0	0	0	0	0	0	0	0	0	0	0	0	5	0	0	0	0	48	0	0	620	0	0	0	131	61	0	0	0	0	0	0	0	0	28	0	0	0	0	0	0	37	0	0	0	0	0	0	0	0	0	0	0	0	0	0	0	0	0	9	0	4	0	0	10	0	0	0	0	0	0	0	0	0	0	0	83	0	0	0	0	0	0	0	0	0	0	0	133	0	48	4	0	637	0	0	116	0	0	0	0	0	0	0	31	0	0	0	0	0	0	0	0	0	0	0	0	31	0	0	0	0	103	993	0	0	15	0	0	0	48	0	37	0	0	0	51	0	437	0	0	0	0	0	0	0	0	0	0	0	32	0	0	0	0	0	0	23	0	0	0	0	98	398	0	0	0	0	0	92	0	0	0	0	0	0	0	0	0	0	0	0	0	0	0	106	0	47	44	0	0	0	0	1505	718	103	0	253	0	1384	0	0	1237	0	0	0	0	0	0	0	0	54	0	0	0	0	0	0	0	0	264	0	236	0	10	0	0	0	0	0	0	0	0	0	0	0	0	0	0	0	0	0	0	0	0	0	0	0	0	0	0	0	31	0	0	0	0	0	83	113	0	0	0	0	0	0	0	0	0	323	0	0	0	0	0	0	0	0	0	0	117	0	0	0	0	0	0	0	0	0	0	0	0	0	46	0	0	287	0	0	0	0	0	0	0	55	0	0	0	0	0	0	37	0	0	0	0	0	0	0	0	0	0	0	0	0	0	0	0	2523	63	1112	0	646	360	988	664	578	0	0	0	0	0	0	0	0	0	0	56	0	0	0	0	0	306	5	381	0	0	0	0	0	0	0	0	4	0	64	0	0	0	0	43	93	16	0	88	20	0	522	756	79	477	0	263	305	0	0	346	0	0	0	0	0	0	0	0	0	0	0	9	0	0	0	0	0	0	0	0	0	0	0	0	0	0	0	0	0	0	0	0	0	0	81	0	0	0	0	0	0	192	0	6	56	0	0	0	0	0	0	0	0	0	0	0	0	0	34	0	0	0	0	0	0	0	0	0	0	0	0	0	0	0	149	9	0	0	0	0	0	0	0	0	0	0	0	0	0	0	0	0	0	0	0	0	0	0	0	0	0	0	0	0	0	0	0	0	0	0	0	0	0	0	0	0	0	38	0	0	0	0	0	0	0	0	0	24	55	0	0	0	0	0	0	0	0	0	0	0	0	0	0	0	0	0	0	0	0	0	0	0	20	0	0	13	528	59	0	0	0	1090	0	0	0	0
W1x1616	0	0	0	0	0	0	0	0	0	0	0	0	0	0	0	0	12	0	0	0	0	0	0	0	0	0	0	0	0	0	0	0	0	0	0	0	0	0	0	0	0	0	0	0	0	0	0	0	0	0	0	0	0	0	0	0	0	0	0	13	0	0	0	0	0	0	0	0	0	0	0	0	0	0	0	0	0	0	0	0	0	3	0	0	0	0	0	0	0	0	0	0	0	18	0	0	0	74	0	0	0	0	5	0	0	0	71	0	0	0	0	0	0	0	0	4	0	0	237	0	0	0	22	0	0	8	0	0	41	0	0	25	0	0	0	0	0	0	0	0	0	0	0	0	0	0	0	0	0	0	0	0	0	0	0	0	0	0	0	0	0	0	0	0	0	0	0	0	0	0	0	291	0	0	0	0	0	0	5	0	0	0	0	0	0	0	0	0	0	0	0	10	0	0	0	0	12	0	78	0	610	0	0	0	63	0	0	0	0	259	0	49	0	0	0	0	0	0	0	0	0	0	0	0	0	0	0	0	0	0	0	0	0	0	0	0	0	0	0	0	0	0	0	156	0	0	0	0	0	79	0	30	234	0	0	0	0	0	0	0	0	0	0	0	0	438	0	0	0	0	152	0	0	0	0	88	2336	100	90	149	157	20	466	224	146	0	0	0	0	0	0	0	0	0	0	0	0	0	0	0	0	0	0	23	96	429	0	0	0	0	0	0	0	0	0	0	0	0	244	0	0	41	0	60	0	179	0	95	0	36	0	0	0	0	0	0	0	0	0	0	0	0	0	138	0	18	0	0	0	0	0	0	0	0	0	0	0	0	0	0	0	13	0	0	0	0	0	0	0	0	0	0	0	10	0	0	0	0	0	0	0	0	0	0	0	0	0	0	0	0	0	0	0	0	0	0	20	903	0	271	0	32	0	0	0	13	0	0	0	0	0	0	20	0	0	0	0	0	0	0	60	70	35	0	112	1500	109	0	254	96	0	0	0	0	0	0	0	0	0	0	0	0	0	0	7	16	0	0	7	0	0	0	0	0	0	0	0	0	0	0	0	889	0	29	194	7	2739	351	183	0	661	352	1244	0	0	0	0	0	21	0	0	0	0	0	0	0	0	0	0	0	0	0	0	49	0	0	0	0	0	0	0	0	0	0	0	0	0	0	0	0	0	0	0	0	0	0	0	0	0	0	0	0	0	0	0	0	0	0	0	0	0	0	0	0	0	0	11	0	0	0	0	0	0	0	0	0	0	0	0	0	0	0	0	0	0	0	0	0	0	0	57	16	0	0	0	0	0	0	0	0	0	0	0	0	0	0	0	0	0	0	30	0	0	0	0	0	0	0	0	0	0	0	0	0	0	0	0	0	0	0	0	0	0	0	0	0	0	0	86	0	0	0	0	0	0	0	0	91	0	0	0	0	0	0	152	0	0	4	0	82	0	0	0	659	0	0	430	0	0	0	0	0	0	0	0	0	0	0	0	0	0	0	0	0	0	0	0	0	0	0	0	0	0	0	0	0	51	0	0	0	0	0	0	0	0	0	0	0	0	0	0	14	0	135	0	0	0	0	0	0	0	0	0	0	0	0	0	0	0	0	0	0	0	0	0	0	0	0	0	0	0	0	0	0	0	0	0	0	0	0	0	0	53	0	0	0	0	0	0	0	0	0	0	0	0	0	0	0	0	0	0	0	0	0	0	0	0	0	0	0	0	0	0	6	0	1541	0	0	0	0	0	0	0	0	0	0	0	7	0	0	0	0	0	0	0	0	0	0	0	0	0	0	0	0	0	0	0	0	0	7	0	0	0	71	14	0	0	0	0	0	0	0	0	0	0	0	0	0	0	0	0	0	0	0	65	0	0	0	0	0	14	0	0	0	467	0	0	282	0	114	0	0	0	0	0	0	15	0	0	0	13	0	0	0	0	0	0	0	0	0	0	0	0	0	0	0	7	0	0	0	150	0	0	0	0	0	0	0	0	0	0	0	0	0	0	0	0	0	0	0	0	0	0	0	0	22	0	20	0	48	0	0	47	24	0	117	0	0	27	844	32	0	0	0	0	0	0	0	0	0	0	0	0	0	0	0	0	0	0	0	0	0	0	0	0	0	0	0	0	0	0	0	0	0	0	0	0	0	0	0	0	0	0	0	0	0	0	0	0	0	16	0	0	0	0	0	0	31	289	0	0	165	0	0	0	0	1030	0	0	0	0	0	0	0	0	0	0	0	0	0	22	36	0	0	0	0	0	0	0	0	0	0	0	0	750	0	0	0	0	0	0	0	0	11	0	0	0	0	0	42	29	0	0	0	0	0	0	0	0	0	0	0	0	0	0	0	0	12	6278	119	0	1121	0	571	12	0	0	0	12	0	0	0	0	0	0	0	0	0	0	0	0	0	0	0	0	0	0	0	0	6	0	0	0	645	0	100	0	0	0	0	32	0	0	0	0	4233	0	121	0	0	155	0	64	59	0	0	0	0	0	0	0	0	0	0	0	0	0	0	0	0	0	0	0	0	0	0	0	0	0	0	0	0	0	0	0	0	0	0	0	0	0	0	0	0	0	0	0	0	0	0	0	0	0	0	0	0	0	0	0	0	10	0	0	0	0	0	0	0	0	0	0	92	0	0	0	0	0	0	0	0	0	0	0	0	0	0	0	0	0	0	0	0	0	0	0	0	0	0	0	0	0	0	0	0	0	0	0	0	0	0	0	0	0	0	16	0	0	0	0	0	0	0	0	0	0	0	0	0	0	0	0	0	0	0	0	0	0	0	0	0	0	0	0	0	40	0	0	0	0	50	0	0	0	0	0	0	0	0	0	0	1349	0	0	0	0	0	86	0	0	0	0	0	0
W1x1617	0	0	0	0	0	0	8	0	0	0	0	23	0	0	0	0	0	0	0	0	0	0	72	0	0	0	0	0	0	0	0	0	0	10	0	0	0	72	0	0	0	0	0	0	0	0	0	0	0	0	0	0	0	0	0	0	0	0	0	0	0	0	0	0	66	0	0	0	0	26	0	0	0	0	0	0	0	0	0	0	0	0	0	0	0	0	0	0	0	0	0	0	0	0	0	45	0	30	0	11	0	0	0	0	0	0	0	0	0	0	0	0	0	0	0	0	0	151	164	0	0	5	52	0	143	0	77	0	0	0	0	35	0	0	0	0	0	0	0	0	0	0	0	0	0	0	0	0	0	0	0	0	0	17	0	0	0	0	0	0	0	0	0	0	0	0	0	0	0	137	0	0	0	0	0	0	0	0	56	0	0	0	0	0	0	0	0	0	0	0	81	0	47	0	0	0	44	74	31	54	149	41	288	0	50	0	0	0	0	97	0	27	0	34	0	0	0	0	0	0	0	0	31	0	0	0	0	0	0	46	22	0	0	0	0	0	0	50	0	0	0	0	0	0	0	0	0	0	0	0	0	107	67	0	107	0	0	0	0	10	0	0	0	0	0	0	76	21	0	0	0	0	42	0	97	0	0	190	0	98	351	101	334	0	301	0	0	0	0	0	0	0	0	0	0	0	0	0	0	0	0	161	0	0	26	0	0	0	0	0	0	0	0	17	0	0	0	0	0	0	368	32	120	185	537	28	817	0	207	93	0	12	0	0	0	0	0	0	0	0	0	0	0	0	0	84	0	49	319	0	23	0	43	0	0	0	0	81	0	42	152	0	0	0	86	0	0	0	0	0	0	0	14	0	0	0	0	0	0	0	0	0	0	0	0	47	0	147	42	72	0	0	0	81	0	0	110	17	474	0	24	0	615	0	460	11	0	0	0	569	0	0	0	46	0	93	0	0	0	21	108	842	0	0	57	81	247	241	310	384	0	0	0	0	0	14	67	0	0	0	0	0	0	0	0	0	0	0	0	0	0	0	0	0	0	0	335	0	0	0	49	0	0	35	750	3173	1155	803	772	0	866	2959	128	18	0	0	0	23	0	0	0	0	0	0	0	0	0	0	0	0	0	323	0	0	0	0	0	0	0	0	0	0	0	24	7	0	0	0	0	0	0	0	0	0	0	126	0	0	0	0	0	0	0	0	0	0	0	0	0	0	0	0	0	0	0	0	0	0	0	0	0	0	16	0	0	0	0	0	0	0	0	0	0	0	0	13	0	0	0	0	0	45	0	0	0	355	0	0	0	0	309	5	37	0	0	0	0	0	0	0	0	0	0	0	0	0	0	0	0	0	0	0	0	0	22	4	0	0	0	0	0	0	0	0	0	0	0	0	0	0	0	0	20	0	0	20	0	23	0	0	0	0	0	0	0	0	21	19	71	0	0	0	0	0	526	0	0	0	0	0	0	0	0	0	0	0	0	0	0	0	0	30	0	0	0	0	0	0	0	36	0	0	0	0	0	0	0	0	0	0	0	0	0	0	0	0	0	0	60	0	0	0	0	35	0	0	0	0	0	0	0	0	0	29	0	0	0	44	0	0	23	0	0	0	0	0	0	0	0	0	6	0	0	0	0	0	37	0	175	0	0	144	64	0	0	0	0	0	0	0	0	0	0	0	0	0	0	0	0	0	0	0	0	0	0	47	0	0	0	0	23	0	0	0	0	0	0	0	0	0	0	0	0	31	0	128	0	0	0	35	0	0	0	0	51	0	0	0	70	0	0	0	0	0	0	0	63	45	0	0	0	31	0	0	0	0	0	0	0	0	210	0	0	0	0	0	15	0	0	0	0	0	50	0	0	0	68	0	0	0	190	105	0	0	204	0	0	56	0	0	81	0	0	0	21	39	47	0	0	0	0	0	0	0	0	0	0	0	0	0	0	0	0	0	0	32	0	0	49	0	122	297	0	42	0	0	0	110	0	0	0	0	0	0	0	0	0	0	0	0	0	0	0	259	384	16	28	0	0	0	41	471	259	0	0	0	0	450	15	0	58	0	0	280	0	0	19	0	0	0	0	0	238	0	0	0	0	0	0	167	0	212	73	0	317	0	0	0	9	0	0	0	0	0	0	0	0	0	0	0	0	0	0	0	0	0	0	0	0	0	0	0	0	0	43	0	123	0	215	0	8	179	37	0	308	11	123	88	0	0	0	0	0	9	48	0	0	0	0	0	78	0	0	0	0	0	0	49	0	0	0	0	229	83	0	0	0	0	0	0	0	96	0	0	0	0	0	0	0	0	0	0	0	0	0	224	26	0	0	0	0	0	0	0	0	0	0	38	441	226	1333	160	0	404	536	0	0	0	0	0	21	0	0	0	0	0	25	10	0	0	0	0	70	0	0	0	0	26	37	27	0	0	0	58	0	55	0	0	0	0	0	67	52	0	312	177	1271	102	346	105	532	696	0	395	0	0	122	0	0	0	0	0	0	0	0	11	0	0	0	0	0	0	0	0	0	0	0	0	0	19	0	0	0	0	0	0	0	0	0	0	0	0	0	0	0	0	0	0	294	64	4	0	0	0	0	0	0	0	0	11	0	0	0	0	0	0	0	0	0	0	0	0	0	0	0	0	0	0	0	0	0	0	0	0	0	0	0	0	0	0	0	0	0	0	0	0	0	0	0	0	0	0	0	0	0	0	0	0	0	0	0	0	0	0	0	0	0	0	0	0	0	0	0	0	5	0	0	0	0	0	0	0	0	0	0	0	0	0	0	0	0	0	0	0	0	0	0	0	0	0	32	0	0	0	0	0	0	0	0	512	0	27	0	0	278	0	0	317	87	0	0	0	0
W1x1618	0	0	0	0	0	0	0	0	0	0	0	0	0	26	0	27	0	79	0	0	0	0	0	0	0	0	0	14	0	0	0	0	0	0	0	0	0	0	0	0	0	0	0	0	29	0	0	0	0	0	0	0	0	0	0	31	247	0	0	0	0	0	53	0	0	0	0	0	0	0	0	23	0	0	0	0	29	0	0	28	0	0	0	0	0	0	0	0	0	0	0	0	0	65	0	0	53	0	0	0	0	0	0	0	0	0	0	0	0	0	0	0	0	0	0	0	44	0	96	2850	30	0	0	0	21	0	0	69	18	0	0	0	0	0	0	0	0	0	0	0	0	0	0	0	0	0	0	0	0	0	0	0	0	0	0	0	0	0	0	0	0	0	0	105	13	0	0	0	0	0	8	0	0	11	43	0	0	91	0	28	52	0	0	0	0	0	0	0	0	0	0	0	0	0	0	16	0	75	0	153	0	119	289	208	211	0	0	0	212	0	0	14	0	144	0	0	0	0	0	0	0	0	0	0	0	0	0	9	0	0	0	0	0	0	0	0	0	0	46	0	0	9	0	0	0	0	0	0	0	0	0	129	0	152	795	0	0	0	0	0	0	0	0	19	0	0	0	104	0	0	0	44	0	0	26	374	0	472	483	469	59	735	62	0	0	0	8	0	0	0	0	0	0	0	0	0	0	0	0	0	0	50	0	66	0	0	72	24	0	0	0	0	0	0	0	0	0	0	0	0	0	243	142	0	1369	494	0	0	0	166	0	0	0	0	0	0	0	0	0	0	0	0	0	0	0	159	0	11	0	157	0	0	0	0	0	0	0	0	0	21	0	0	0	0	0	0	0	0	0	0	0	0	0	0	0	0	0	0	0	0	25	0	0	0	0	47	0	0	0	0	0	0	0	0	0	0	0	0	1335	0	117	38	0	0	0	131	0	0	0	0	0	165	12	0	0	0	0	0	0	0	415	0	0	0	301	57	168	0	204	927	0	0	0	0	0	0	0	15	0	0	0	0	0	0	15	0	0	0	0	112	0	0	0	0	22	0	0	0	53	0	102	0	0	137	1465	118	4768	1101	2304	55	87	2048	1218	0	0	0	0	0	9	0	0	0	0	0	0	0	0	0	11	0	0	0	15	0	0	0	0	0	49	0	0	21	0	0	0	0	0	0	0	0	0	0	0	0	0	0	0	0	0	0	0	0	0	0	0	0	0	136	0	0	0	0	0	0	0	0	0	0	0	15	38	0	0	0	0	0	0	0	16	0	0	0	0	0	0	0	16	0	0	0	0	0	0	37	0	0	0	0	0	0	8	64	71	0	0	33	0	0	0	0	0	0	0	0	0	0	0	0	0	0	0	0	0	0	0	0	0	0	0	0	0	0	0	0	0	0	0	0	0	0	0	0	0	20	17	0	0	68	0	0	0	0	0	0	0	0	0	27	0	37	297	0	165	0	805	0	0	0	0	0	0	0	0	0	0	0	0	0	0	0	0	0	0	0	0	0	0	0	0	0	0	0	0	0	0	0	0	68	0	0	0	0	0	0	0	0	0	0	0	0	0	31	0	5	0	0	0	0	30	17	99	205	0	0	0	0	0	0	0	0	0	37	0	30	0	0	0	0	0	0	32	21	0	0	0	0	0	0	0	0	85	0	133	0	0	0	0	0	0	0	0	0	0	0	97	0	0	0	0	0	0	0	0	0	0	0	0	0	0	0	0	0	0	0	0	0	0	0	65	0	0	0	0	17	0	0	0	7	0	43	0	0	0	0	0	0	0	0	0	0	0	0	0	0	0	0	3	0	0	0	0	0	0	0	0	0	0	0	0	0	0	0	0	0	0	0	0	0	49	0	0	0	0	0	0	452	0	0	0	0	78	1104	0	77	0	0	0	0	104	0	0	0	20	0	11	0	77	0	0	0	0	0	0	0	0	0	0	0	0	0	0	0	0	0	0	442	0	0	0	248	264	249	0	121	0	0	0	33	0	0	0	0	0	0	0	0	0	0	39	0	0	0	0	0	0	0	0	0	0	0	0	403	800	197	0	71	0	599	0	23	830	0	17	0	0	0	0	0	0	66	0	0	0	0	4	0	0	0	54	0	181	0	0	0	0	0	20	141	0	40	0	26	21	0	0	0	0	0	0	0	0	0	0	0	0	0	0	0	0	0	60	0	0	0	0	0	240	190	0	0	0	86	70	0	2183	0	27	150	0	29	0	0	30	0	0	11	30	0	240	0	0	0	9	0	0	0	13	0	0	0	0	0	0	0	0	0	0	0	0	0	0	1678	0	100	0	0	0	0	0	0	77	0	0	0	260	0	0	0	0	0	0	0	0	0	0	0	0	2242	0	830	441	0	2656	440	156	0	0	0	0	0	0	0	0	0	0	0	0	18	0	0	0	0	79	66	0	0	0	0	125	148	0	0	0	0	0	0	0	0	20	14	0	0	0	103	0	34	3120	1319	2239	193	359	1404	1832	618	0	49	0	0	0	0	0	0	10	0	0	0	0	0	0	0	0	0	0	0	0	0	0	0	0	0	0	11	0	0	0	0	0	0	0	0	0	0	0	0	0	0	0	0	0	0	0	0	21	0	0	0	0	0	0	0	0	3	0	0	0	0	0	0	0	9	0	0	0	0	0	0	0	0	0	46	17	0	0	0	0	0	0	0	0	0	7	0	0	0	0	0	26	0	19	0	0	0	0	0	0	0	78	0	0	0	0	0	46	0	0	0	0	0	0	0	0	0	0	0	0	0	0	0	0	0	0	0	0	0	0	0	0	0	337	0	0	0	0	68	0	0	0	36	44	0	0	0	0	0	0	0	0	0	0	0	0	0	0	0	0	0	0	393	0	0	0	0	0
W1x1619	0	0	0	0	0	0	0	0	0	0	0	15	0	0	0	0	99	0	0	0	0	0	0	0	0	10	0	0	0	0	0	0	0	0	0	0	0	0	0	0	0	0	0	0	0	0	0	0	0	0	0	0	0	0	0	0	0	0	0	241	0	0	0	0	0	0	0	0	0	0	0	0	0	0	0	0	0	0	0	0	0	0	0	0	0	0	0	0	0	0	0	0	0	0	32	0	0	0	0	0	0	0	0	0	0	0	0	0	0	0	0	0	0	0	0	0	41	285	220	36	0	0	14	0	102	0	0	0	0	0	0	0	0	0	0	0	0	0	0	0	0	0	0	0	0	0	0	0	0	0	0	47	0	0	0	0	0	0	0	0	0	0	0	0	4	8	0	0	0	0	0	94	0	0	0	0	133	0	0	0	0	0	0	0	0	0	0	0	0	0	0	0	0	0	0	0	0	0	40	20	0	0	188	511	445	0	0	0	0	0	0	70	0	0	0	0	0	0	0	0	0	0	0	0	0	0	0	0	0	0	0	0	0	0	0	0	0	0	0	0	35	0	0	0	0	0	0	0	0	33	0	73	0	61	93	0	0	13	0	0	0	0	0	0	22	0	0	0	36	0	0	43	54	0	0	0	197	65	15	74	373	103	0	98	0	0	0	0	0	0	0	0	0	0	0	0	0	0	18	0	88	0	0	40	47	0	0	19	99	0	0	0	0	0	0	0	0	0	0	0	116	0	33	128	289	32	0	0	0	41	0	0	0	0	0	126	0	0	0	0	0	0	0	77	0	0	0	180	19	0	0	15	0	0	0	0	0	7	82	0	0	27	52	9	0	0	0	0	0	0	0	0	0	0	0	0	0	0	0	0	0	0	0	0	0	0	0	8	0	0	0	0	0	30	0	0	36	0	9	0	125	0	657	79	14	0	10	0	0	0	0	0	263	0	0	0	0	0	112	0	38	513	0	148	253	352	1062	0	24	271	0	0	0	0	0	0	0	0	0	0	0	0	0	0	11	0	0	0	0	0	0	0	0	0	0	0	0	0	0	0	277	264	64	1023	65	473	5998	287	360	0	0	582	13496	0	0	0	0	0	0	0	0	0	10	0	0	0	0	0	0	0	0	0	0	0	0	0	0	0	0	0	0	0	0	0	0	0	0	0	0	0	0	0	0	0	0	0	0	0	0	0	0	0	0	0	11	76	0	0	13	0	0	0	0	0	0	0	0	0	0	0	0	0	0	0	0	0	0	0	0	0	0	0	0	0	0	3	42	0	0	25	0	0	0	0	27	50	0	0	0	0	0	0	0	0	0	0	0	0	0	0	205	0	0	0	0	0	0	0	0	0	0	0	13	84	4	0	0	0	0	0	0	0	0	0	0	0	0	0	2	0	0	0	0	0	0	0	0	14	0	0	0	0	0	0	0	0	0	12	0	115	0	0	0	0	72	119	0	0	0	0	0	0	0	0	0	0	0	11	0	0	0	0	0	0	0	0	0	0	0	0	0	0	0	0	0	0	0	0	0	8	0	0	0	0	0	0	0	0	0	0	114	195	0	0	0	0	536	0	0	0	0	0	0	15	0	40	0	110	0	0	0	0	0	16	0	0	0	0	0	0	3	0	0	0	0	18	0	0	0	0	0	534	0	32	0	0	0	0	0	0	0	0	0	0	0	0	0	0	0	0	0	0	0	0	0	0	0	0	0	0	6	0	0	0	0	0	0	0	0	0	0	0	0	0	0	0	0	0	0	0	0	0	25	0	0	0	0	0	0	0	0	0	0	0	0	10	0	0	0	0	0	0	0	279	0	0	0	0	0	90	0	22	0	0	0	0	0	0	0	0	0	0	78	0	0	2	163	0	0	0	0	217	0	0	0	0	0	0	26	0	26	0	0	0	140	0	0	0	0	0	0	0	0	0	0	0	0	0	0	0	0	0	0	0	0	0	0	0	0	0	34	186	0	0	0	0	0	0	0	0	0	0	0	0	0	0	0	0	0	0	0	0	595	0	0	0	63	0	0	0	0	591	0	18	0	969	795	413	2792	0	26	0	0	61	0	0	0	0	0	0	0	0	0	0	0	0	0	0	0	0	0	30	0	0	0	0	0	0	0	0	0	0	0	0	0	0	0	0	0	0	0	0	0	0	0	0	0	0	0	0	0	0	0	0	0	0	0	29	0	41	321	73	0	22	0	0	0	40	0	0	0	0	0	0	0	0	0	0	227	0	0	0	0	37	0	0	0	0	0	0	0	0	0	0	26	0	0	0	37	0	0	0	0	0	0	0	0	0	0	0	0	0	0	0	0	0	0	0	0	0	0	0	0	0	0	0	0	62	0	110	15	121	59	4053	84	92	457	0	0	0	0	0	0	0	0	0	0	0	0	0	0	0	33	0	0	0	0	0	28	57	95	0	125	0	0	337	27	0	0	0	85	0	0	0	253	22	1314	0	157	46	39	0	233	111	0	0	0	0	0	0	0	31	0	0	0	0	41	0	0	0	0	0	0	0	0	0	0	0	76	0	0	0	0	0	0	0	28	0	0	0	0	0	20	0	0	0	0	0	0	0	0	0	0	0	0	0	0	0	0	0	0	0	0	0	0	0	0	0	0	0	0	877	0	0	0	0	0	0	0	0	0	0	0	0	0	0	0	0	0	0	0	0	0	0	0	0	23	0	0	0	5	0	0	0	0	22	0	0	0	0	0	0	0	0	0	0	0	0	0	0	0	0	0	0	0	0	0	0	0	0	0	0	0	0	0	0	29	0	0	0	14	0	0	0	0	0	0	0	0	0	0	0	0	0	0	0	0	0	0	0	0	0	0	0	0	0	877	0	0	0	0	0	0
W1x1625	0	0	0	0	0	0	0	0	0	0	0	0	0	0	0	0	0	0	0	0	0	0	0	0	0	35	0	0	0	0	0	9	0	0	0	0	0	12	0	0	0	0	0	0	0	0	0	0	0	0	0	0	0	0	0	0	0	0	0	0	0	0	0	0	0	6	0	0	11	0	0	0	0	20	0	0	0	0	0	0	0	0	0	0	0	0	0	0	0	0	0	0	0	8	76	0	0	0	0	0	0	0	0	0	0	0	0	0	0	0	0	0	0	0	0	0	0	0	46	0	0	0	26	0	0	18	0	0	0	0	0	0	0	0	9	0	0	0	0	0	0	0	0	0	0	0	0	0	0	0	0	0	0	0	0	0	0	0	0	0	0	0	0	0	0	0	0	0	0	0	0	0	0	0	0	0	0	0	12	0	0	0	0	0	0	0	0	0	0	0	81	0	0	0	0	0	17	0	0	0	0	43	46	0	123	0	0	0	0	0	0	0	0	0	0	0	0	0	0	0	0	0	0	0	0	0	0	0	0	0	0	0	0	0	0	70	0	0	0	0	410	0	0	0	0	0	0	0	0	66	0	121	0	0	61	0	0	0	0	0	0	0	0	0	0	0	0	0	0	0	0	0	0	0	0	0	0	64	0	32	0	44	0	24	0	0	0	0	0	0	0	0	0	0	0	0	0	0	0	0	2576	0	0	12	28	0	0	0	0	0	0	0	0	0	0	0	305	0	0	0	0	155	0	71	343	6	218	31	0	91	0	0	0	0	0	0	0	0	0	0	0	0	0	0	0	39	0	140	160	0	0	78	0	0	0	0	0	79	0	0	0	7	0	0	62	0	0	0	0	0	0	0	0	0	0	0	0	0	0	0	0	0	0	0	137	0	0	105	20	82	0	0	16	17	0	0	0	0	0	0	0	0	23	0	359	16	0	0	0	0	0	0	0	27	0	61	0	0	0	0	44	50	0	555	126	0	150	0	33	163	0	0	0	0	0	16	0	0	0	0	0	0	0	0	12	0	0	0	0	0	0	0	0	0	0	0	0	0	0	0	0	0	85	0	30	11404	77	360	962	0	421	705	0	0	0	0	0	19	8	0	0	0	0	0	0	0	0	0	0	0	0	0	0	0	0	0	0	0	0	0	0	0	0	0	0	0	0	0	0	7	0	0	0	0	0	14	0	0	0	0	0	0	0	0	0	0	0	0	0	0	0	0	0	0	0	0	0	0	0	0	0	0	0	0	0	0	0	0	0	0	0	14	0	0	0	0	0	0	0	0	0	0	0	20	891	58	0	0	0	0	0	0	0	0	0	0	0	0	0	0	0	0	0	0	0	0	0	0	0	0	0	0	0	0	0	0	0	0	0	0	0	0	0	0	0	0	0	0	0	0	75	0	0	0	0	0	0	0	0	0	0	0	0	0	0	0	0	0	0	0	0	0	0	0	77	0	0	0	0	0	0	0	0	0	0	0	0	0	0	0	0	0	0	0	0	0	0	0	0	6	0	0	0	0	0	0	0	0	0	0	0	0	0	0	0	0	0	0	19	0	38	0	0	0	0	1572	0	0	0	0	9	0	0	0	0	0	0	0	0	0	6	0	0	0	0	0	0	0	0	0	0	0	0	0	0	61	0	0	329	0	0	0	0	280	0	0	0	0	0	0	0	0	0	0	0	0	0	0	45	0	0	0	0	0	0	0	0	0	0	0	0	0	0	0	0	0	0	0	0	0	0	0	0	0	0	0	0	0	0	0	0	0	0	0	0	0	0	0	0	0	0	0	0	0	0	0	17	0	0	0	0	0	29	0	15	0	0	0	11	13	0	547	0	0	235	0	0	0	0	55	0	0	15	0	0	12	0	0	0	0	15	45	0	0	0	0	0	0	0	0	12	0	0	0	40	0	10	0	0	0	0	0	0	0	0	0	0	0	0	0	0	0	0	0	0	0	0	0	0	0	5	227	0	19	0	29	0	0	0	0	0	0	0	0	0	0	0	0	0	0	0	0	0	13	0	0	36	0	0	0	0	611	47	11	0	282	60	353	0	0	0	0	0	46	0	0	0	0	65	0	0	0	0	0	0	0	0	0	0	430	0	236	28	0	0	0	18	0	0	0	0	0	0	0	0	0	0	0	0	0	0	0	0	0	0	0	0	0	0	0	0	0	0	0	0	0	0	34	0	94	336	0	0	332	0	0	0	0	0	0	0	0	17	0	0	0	0	0	0	0	0	0	0	1469	0	0	0	0	0	0	0	0	14	47	0	0	0	0	571	0	0	0	0	0	0	0	0	0	0	0	61	0	0	0	0	0	0	0	0	0	0	0	0	0	0	0	0	0	0	165	12	126	0	432	33	0	10523	0	0	0	0	0	0	0	0	0	0	0	0	0	0	0	34	0	0	0	0	0	0	0	0	0	3274	0	0	34	0	0	0	0	0	53	0	0	0	0	0	0	0	0	150	0	38	50	0	0	53	0	0	0	0	208	0	0	0	0	0	0	0	0	0	0	0	0	0	0	0	0	0	0	0	0	0	0	0	0	0	0	0	0	0	0	203	0	0	0	0	0	0	203	109	0	0	0	0	0	0	0	0	0	0	0	0	12	0	0	0	0	0	0	0	0	466	0	0	0	0	0	0	0	0	0	0	0	0	0	0	0	0	0	0	0	0	0	0	0	0	0	0	0	0	0	0	0	0	0	0	0	0	0	9	0	0	0	0	0	0	11	0	0	0	0	0	0	0	0	0	0	0	0	0	0	0	0	0	0	703	0	0	0	174	0	0	0	0	0	0	0	0	0	0	0	0	0	0	0	0	0	0	21	0	0	0	0	85	0	0	18	0	0	0	0	0
W1x1626	0	0	0	0	0	0	0	0	0	107	0	67	0	0	0	0	0	0	0	0	32	0	0	0	12	0	0	0	0	0	0	0	0	0	15	0	0	0	0	0	0	0	10	0	0	0	0	0	0	0	0	14	0	0	0	0	0	0	0	0	9	0	0	0	124	0	0	0	0	0	0	0	0	0	0	19	0	0	0	0	0	0	0	0	0	0	0	0	0	0	0	0	0	21	0	0	36	0	0	0	0	0	0	0	0	0	0	0	0	0	0	0	0	16	0	0	0	16	38	0	0	0	41	0	0	115	0	0	0	100	0	48	0	0	0	18	19	0	0	0	0	0	5	0	0	0	0	0	0	0	0	0	0	15	0	0	0	27	0	0	0	0	59	0	16	74	0	170	12	0	0	0	0	0	30	0	0	0	0	0	17	0	0	0	0	0	0	48	0	0	0	0	0	0	0	0	20	0	207	152	0	725	73	12	145	0	0	106	0	0	0	8	0	0	0	0	0	0	0	0	0	0	45	0	7	0	0	0	0	0	0	11	6	0	0	0	0	0	0	0	0	0	0	0	0	0	0	0	0	260	0	49	0	0	82	0	0	0	0	0	0	0	0	0	0	0	0	0	356	0	0	21	79	0	47	60	0	82	730	480	77	372	0	144	0	0	0	0	0	0	0	0	0	0	0	0	0	0	0	0	0	0	0	12	17	0	366	64	0	0	0	0	0	0	0	0	0	0	0	0	617	254	190	173	565	0	0	0	0	126	0	22	0	0	0	0	0	0	0	0	0	0	0	0	0	0	0	0	39	0	0	0	0	0	0	0	0	43	0	0	0	13	63	113	0	0	0	0	0	0	0	0	7	0	0	0	0	0	0	0	0	0	0	0	0	0	43	0	51	0	0	0	18	39	0	0	17	0	11	0	101	0	70	20	0	189	0	0	0	0	0	0	0	56	0	7	0	0	0	0	1571	171	65	933	460	7	798	0	49	279	0	0	0	0	0	0	0	0	0	0	0	0	0	0	8	0	0	0	0	0	0	0	0	0	0	0	0	56	0	0	0	0	142	468	541	82	697	1804	4030	146	0	1621	169	0	0	0	0	0	0	0	0	0	0	0	0	0	0	0	0	0	0	0	0	0	0	0	0	0	0	0	0	0	0	0	0	0	0	29	0	0	0	0	0	0	0	0	17	0	0	26	0	0	0	0	0	0	0	0	9	0	0	0	0	0	0	0	0	0	0	0	0	0	12	0	0	0	0	0	0	0	0	0	0	0	0	19	19	0	0	0	0	0	0	0	0	0	0	0	57	0	0	0	0	0	0	27	0	0	0	0	0	0	0	0	0	0	0	0	0	0	0	22	0	0	33	27	0	0	0	0	0	0	0	0	0	0	0	0	0	0	0	0	0	0	0	0	0	0	0	0	0	0	12	0	0	32	858	107	0	0	19	0	0	0	316	0	0	0	23	0	0	0	0	0	0	0	0	0	0	0	0	0	0	0	19	0	0	0	0	17	0	0	0	0	0	0	18	91	0	0	0	0	0	0	0	5	0	0	0	0	0	0	0	0	98	0	0	0	0	187	21	0	66	0	0	0	0	0	0	0	0	0	0	0	0	0	0	0	0	0	0	0	0	0	0	56	0	0	0	0	0	0	140	0	0	0	0	0	0	0	0	0	13	0	0	0	0	0	0	0	0	0	18	0	0	0	0	0	0	0	0	0	0	102	0	0	0	0	251	33	89	0	0	0	0	0	0	0	0	0	0	0	0	0	0	0	0	15	0	0	0	0	0	0	0	0	7	0	0	230	0	0	3	0	0	0	0	0	0	0	0	0	0	0	0	0	0	0	0	0	0	0	0	0	0	8	34	0	0	0	254	267	0	81	0	2231	0	7	0	0	48	0	0	0	24	0	0	0	0	0	0	0	0	0	0	0	0	0	0	54	0	0	0	0	0	0	0	0	0	0	68	466	0	0	0	54	0	120	0	0	0	0	0	0	0	0	0	0	0	0	0	0	0	0	48	0	98	0	0	0	0	85	169	101	0	297	278	2283	0	0	97	0	0	0	0	0	0	0	0	23	0	0	0	7	0	0	0	0	421	0	0	0	3	0	0	0	0	0	0	0	0	0	0	0	3	0	0	0	0	0	0	0	0	0	0	0	0	0	0	14	26	0	0	0	0	0	0	66	0	0	0	0	0	0	0	0	0	163	0	0	0	0	8	0	0	0	0	0	0	0	0	0	9	0	0	0	0	0	0	0	0	0	0	0	0	16	0	0	0	0	303	66	0	0	0	0	0	0	0	0	0	0	16	0	0	0	0	0	0	0	0	10	0	0	0	0	30	833	15	441	654	570	0	215	1773	207	177	40	11	0	0	0	0	0	0	0	0	0	0	0	0	0	142	39	26	0	0	0	82	34	0	0	0	0	0	66	0	0	0	27	0	83	0	0	0	3	865	161	299	272	235	0	776	229	0	0	0	27	0	35	0	0	12	0	0	0	0	0	0	0	0	0	0	0	0	3	0	0	0	0	0	0	0	0	0	0	0	0	25	0	0	0	0	0	0	0	0	0	0	0	0	0	0	0	0	0	0	8	0	0	0	0	14	0	0	0	0	0	0	7	0	0	0	33	0	0	132	0	0	0	0	0	0	0	0	0	0	0	0	0	0	0	0	0	0	0	0	0	0	0	0	0	0	0	0	0	5	0	0	0	0	0	0	0	0	0	0	0	0	0	0	8	0	0	0	0	0	0	0	0	0	0	0	0	0	31	0	0	0	5	0	0	10	0	0	0	0	0	0	0	0	0	0	0	0	0	0	0	0	0	8	0	169	0	264	0	0	0	8	12	0	0	27
W1x1627	0	0	0	0	0	0	0	0	0	0	0	0	0	0	0	0	0	0	0	0	0	73	0	0	0	0	0	0	0	0	0	0	0	0	0	0	0	0	0	0	0	0	0	251	0	0	0	20	0	0	0	0	0	0	0	0	0	0	0	0	0	0	0	0	0	0	0	0	0	0	0	0	0	0	0	0	0	0	0	0	0	0	0	0	0	0	0	0	0	0	6	0	0	0	0	0	0	121	0	50	0	0	0	0	0	0	0	0	0	0	0	0	0	0	7	0	0	0	40	0	0	0	0	0	39	10	0	0	0	0	0	7	0	0	0	0	0	0	0	0	0	0	0	0	0	0	0	0	0	0	0	0	0	0	0	0	0	0	0	0	0	0	0	0	0	0	0	0	0	0	0	252	0	15	0	14	0	0	0	0	0	0	0	0	0	0	11	0	0	0	0	0	5	0	90	0	0	0	0	24	980	0	0	18	20	136	0	0	0	0	0	175	28	0	0	0	0	0	0	0	0	0	0	0	0	0	24	0	0	0	0	0	0	0	0	10	0	0	0	0	0	0	0	0	0	0	0	0	184	0	0	0	53	0	0	18	0	0	0	0	0	0	0	0	0	0	0	0	0	0	31	0	0	68	0	0	408	51	0	23	0	57	8	104	44	4	0	0	0	0	0	0	0	0	0	0	0	0	0	0	0	0	0	0	0	0	0	40	0	0	0	0	0	0	0	0	0	0	0	0	0	37	126	36	0	0	0	0	0	48	0	0	0	0	0	0	0	0	0	0	0	0	0	98	0	26	0	0	0	0	0	0	0	0	0	0	0	0	0	0	0	0	0	0	0	266	0	0	0	0	0	0	0	0	0	0	0	0	0	0	0	0	0	0	0	0	0	0	0	0	0	0	0	0	988	0	0	34	0	0	0	0	0	0	37	10	0	215	0	0	0	0	35	0	0	0	0	0	757	0	64	106	655	0	74	964	102	0	57	40	0	0	0	0	0	0	0	0	0	0	49	0	0	0	0	12	0	0	0	0	0	0	0	0	0	0	0	0	0	0	0	1435	10	48	26	0	610	156	238	0	80	296	201	0	0	0	0	0	4	0	0	0	0	0	0	0	0	0	0	0	0	0	0	0	0	0	0	0	0	0	25	0	0	0	0	0	0	0	0	0	0	0	0	0	0	0	0	0	0	0	0	0	0	0	0	0	0	0	0	0	0	0	0	189	0	0	70	0	0	0	0	0	0	0	0	0	0	0	0	0	0	0	0	0	0	0	0	0	0	0	0	0	0	0	3	0	0	0	0	0	0	0	0	0	0	0	0	37	0	0	0	0	0	0	0	0	0	0	0	0	0	0	0	0	0	0	0	0	0	0	0	0	0	0	0	0	27	0	25	0	0	0	0	0	0	0	0	27	0	0	0	0	0	0	0	0	0	0	0	21	0	0	0	0	0	83	0	0	0	0	0	0	0	0	0	0	0	0	0	0	0	0	0	0	0	0	0	0	7	0	0	0	0	0	5	0	0	0	26	0	0	0	0	0	8	0	0	0	0	0	0	0	2715	66	0	0	77	0	0	0	0	0	0	0	0	0	0	81	0	0	0	0	0	0	0	0	0	0	10	0	0	0	0	0	0	0	0	0	0	0	0	0	24	0	0	0	0	0	0	0	0	0	0	0	0	0	0	0	0	0	0	0	0	0	0	0	0	0	0	0	0	0	0	62	4	0	0	0	0	0	0	0	5	0	0	12	0	0	0	0	0	0	33	0	0	0	0	0	0	0	0	0	0	13	0	0	13	41	0	0	0	0	0	0	0	0	0	0	0	0	0	0	0	301	0	0	6	0	0	0	0	0	0	9	126	0	0	16	0	0	24	0	0	29	0	0	0	0	0	252	0	0	0	133	0	0	0	0	0	0	0	0	0	0	0	250	0	0	0	0	0	0	0	0	0	0	0	0	0	0	17	0	0	0	0	0	0	0	0	0	0	0	0	0	0	0	0	0	0	0	0	0	0	0	0	0	0	0	0	0	0	0	17	0	0	22	73	74	2353	0	0	0	0	18	0	0	0	0	0	0	0	0	0	0	0	0	0	0	0	0	0	0	0	7	0	0	0	0	0	0	0	0	0	0	0	0	0	0	31	0	0	0	0	0	0	0	0	0	0	5	0	40	0	0	0	0	0	0	261	0	31	219	0	0	64	0	139	34	0	0	0	0	0	0	0	0	0	0	0	54	0	28	2	0	0	0	0	0	0	32	0	0	0	0	230	0	0	0	0	0	32	0	0	0	39	0	0	0	0	0	0	0	0	0	0	0	0	581	0	0	0	0	0	0	368	0	0	0	616	29	37	122	0	149	11	0	78	0	0	0	0	0	0	0	0	0	0	0	0	0	0	0	19	28	0	0	0	0	0	192	154	0	0	39	8	18	18	0	0	0	6	0	0	0	0	690	0	0	25	12901	0	423	47	54	0	0	0	0	0	0	0	0	0	83	0	0	0	0	0	0	0	0	0	0	0	0	0	0	0	0	0	0	0	0	0	3	0	0	0	0	0	0	0	2	0	0	0	0	0	0	0	0	0	0	0	0	0	0	0	0	0	0	0	0	0	0	0	0	0	0	37	79	0	0	0	0	0	0	0	0	0	0	0	0	0	0	0	0	0	0	0	249	18	0	0	0	0	0	0	0	0	0	0	0	0	40	0	0	0	0	0	0	0	0	0	0	0	0	14	0	0	0	0	6	0	0	0	0	0	0	0	0	0	0	0	0	0	99	0	30	0	0	0	0	0	0	0	0	0	0	0	0	0	0	0	6	0	0	0	0	33	70	0	0	8	0	173	0	0	0	0	0	0
W1x1701	0	0	0	0	0	0	0	0	0	0	0	0	11	0	0	0	0	0	0	0	0	0	22	0	0	0	0	0	0	0	0	21	0	0	0	0	0	0	0	0	0	0	0	0	0	0	0	0	0	0	0	0	0	0	0	0	0	0	0	9	0	0	0	0	0	0	0	0	0	0	0	0	0	0	0	0	0	0	0	0	0	0	0	0	0	0	0	0	0	0	0	24	0	0	0	34	0	30	0	16	0	0	0	0	0	0	0	0	0	0	0	0	0	0	0	0	0	0	131	0	0	0	26	0	43	0	24	0	0	0	0	34	0	0	0	0	0	0	0	0	0	0	0	0	0	0	0	0	0	0	0	0	0	0	0	0	0	0	0	0	0	0	0	0	0	0	0	0	0	0	0	0	0	0	0	0	0	0	22	0	0	0	0	0	0	0	0	0	0	0	0	0	0	26	5	0	54	0	36	0	0	0	0	32	36	0	0	0	0	108	0	0	0	0	0	81	0	0	0	0	0	0	0	0	0	0	0	0	0	0	0	0	0	0	0	0	0	0	0	0	0	0	0	0	0	0	0	0	0	117	194	268	36	12	0	0	3323	0	0	0	0	0	0	0	0	0	0	0	0	0	0	0	0	0	0	73	0	241	105	157	31	134	184	72	616	0	0	0	0	0	0	0	0	0	0	0	0	0	0	173	3096	0	0	40	54	497	0	0	0	0	0	0	0	0	0	0	0	0	0	0	361	0	0	216	0	0	0	0	37	89	0	0	0	0	0	0	0	0	0	0	0	0	0	0	0	56	0	193	451	0	0	0	0	0	0	0	0	52	0	0	0	128	0	0	0	0	0	0	0	0	0	0	0	0	0	0	0	0	0	0	0	0	0	0	0	0	0	0	0	0	0	0	0	0	0	0	64	0	0	106	0	0	0	46	0	8	5	0	0	0	0	0	0	0	0	0	0	0	0	0	30	106	18	332	126	78	70	0	117	277	0	0	0	0	5	0	0	0	0	0	0	0	0	0	3	0	0	0	0	0	0	0	0	0	0	0	0	112	0	0	0	4	29	174	687	10991	1154	449	1215	0	825	463	232	0	0	0	58	0	0	0	0	0	0	0	0	0	0	0	0	0	0	0	0	0	0	0	0	0	0	0	0	0	0	0	0	0	0	0	0	0	0	0	0	0	0	0	0	0	0	0	0	0	0	0	0	0	0	0	0	0	0	0	0	11	0	0	0	0	0	0	0	0	0	0	0	0	0	0	0	0	0	0	0	0	0	0	0	0	0	474	69	31	0	16	0	0	0	0	0	0	0	0	0	0	0	0	0	0	0	0	0	0	0	0	0	0	0	0	0	0	0	0	0	0	0	0	0	0	0	0	0	0	0	0	0	0	0	0	0	0	0	0	0	0	0	0	0	7	0	0	0	0	0	0	0	83	0	0	0	0	0	0	0	0	0	0	0	0	0	0	0	0	0	0	0	0	0	0	0	0	13	0	0	0	0	0	0	0	0	0	0	0	0	0	0	0	0	0	0	0	0	0	0	0	0	0	0	0	0	0	0	16	0	0	0	0	0	0	0	0	27	0	0	0	0	25	25	0	0	0	0	0	0	0	0	0	0	0	0	0	0	0	0	0	0	0	0	0	0	0	66	0	22	0	0	0	0	0	0	0	0	0	0	0	0	0	0	0	0	0	0	0	0	0	0	0	0	0	237	0	0	0	0	0	0	0	0	0	0	0	0	0	0	0	0	0	0	0	0	0	0	0	0	0	0	0	0	0	0	0	0	0	0	0	0	0	0	43	0	0	0	0	0	0	0	0	0	0	0	0	0	0	0	0	0	0	0	0	0	0	0	0	40	0	12	0	0	0	0	0	0	0	0	6	0	0	0	65	0	0	0	0	0	0	24	9	0	0	0	0	0	0	0	0	0	0	0	0	0	0	0	0	0	0	0	0	0	0	0	0	0	0	0	0	0	0	0	0	0	0	0	0	0	0	0	0	0	0	0	0	0	0	0	0	0	0	0	0	0	0	0	23	454	0	0	80	0	0	0	0	0	0	0	0	0	0	0	0	23	0	0	0	0	0	0	0	0	0	0	259	0	44	10	199	0	0	0	0	0	0	0	0	0	0	0	0	0	0	0	0	0	0	0	0	0	0	0	0	0	0	0	0	0	0	69	0	0	285	95	0	4	0	101	344	0	0	0	0	0	0	0	0	0	0	0	0	0	0	0	0	20	22	0	0	0	0	0	0	0	0	0	0	0	0	25	0	0	0	0	0	0	0	0	0	0	0	0	0	0	0	0	34	0	0	0	0	0	0	0	0	0	0	0	0	0	0	0	0	599	481	0	167	0	488	61	0	0	0	16	0	0	0	0	0	0	0	0	0	0	0	0	0	58	0	0	40	0	0	0	0	0	0	821	55	0	110	0	0	0	0	0	0	0	0	0	454	0	55	0	0	195	0	250	136	0	0	0	0	0	0	0	0	0	0	0	0	0	0	0	0	0	0	0	0	0	0	0	0	0	0	0	0	0	0	0	0	0	0	0	0	0	0	0	0	0	0	0	0	0	0	0	0	0	0	0	0	0	0	0	0	0	31	0	35	0	0	0	0	0	0	0	0	0	0	0	0	0	0	0	0	0	0	0	0	0	0	0	0	0	0	0	0	0	0	0	0	0	0	0	0	0	0	0	0	0	0	0	0	0	0	0	0	0	0	0	0	0	0	0	0	0	0	0	0	0	0	0	0	0	0	0	0	0	0	0	0	0	0	0	0	0	0	0	0	0	0	0	0	0	0	0	0	0	0	0	9	0	0	0	0	0	0	0	0	0	0	0	0	0	0	0	0	0
W1x1702	0	0	0	0	0	0	0	0	0	0	0	9	0	0	0	0	0	0	0	0	0	0	0	0	0	0	0	0	0	0	0	0	0	0	0	0	0	0	0	0	0	0	0	0	0	0	0	0	0	0	0	0	0	0	0	0	0	0	0	0	0	0	0	0	0	0	0	0	0	0	0	0	0	0	0	0	0	0	0	0	0	0	0	0	0	0	0	0	0	0	0	0	224	0	0	38	0	0	0	0	0	0	3	0	0	0	0	0	0	0	0	0	0	0	0	0	0	0	117	32	0	0	38	0	0	59	18	0	10	0	0	38	0	0	0	0	0	0	0	0	0	0	0	0	0	0	0	0	0	0	0	0	0	0	0	0	0	0	0	0	0	0	0	0	0	0	0	0	0	0	0	0	0	0	0	0	0	0	0	0	0	0	0	0	0	0	0	0	0	0	0	0	0	0	0	0	0	0	255	0	0	0	92	7	0	0	1172	0	0	0	0	0	0	0	0	0	0	0	0	0	0	0	48	0	0	0	0	0	0	0	0	0	0	0	0	0	0	0	0	225	0	0	0	0	0	0	0	11	0	0	0	56	0	111	0	201	0	0	0	0	0	0	0	0	0	0	0	0	0	0	0	17	0	0	0	0	0	356	671	446	0	618	0	613	0	0	0	0	0	0	0	0	0	0	0	0	4	0	0	0	0	0	0	96	44	0	82	0	0	0	0	0	0	0	0	0	0	0	0	0	451	138	0	705	49	184	0	0	0	23	0	0	0	0	86	0	47	0	0	0	0	0	0	0	0	84	0	0	0	153	0	0	0	0	0	0	0	0	0	0	0	0	0	0	0	0	0	0	0	0	0	0	0	0	0	0	0	0	0	0	0	0	0	0	0	0	0	0	0	0	0	0	0	0	0	0	102	0	0	0	0	31	0	0	0	60	0	0	0	0	0	0	5	0	0	0	0	0	0	0	420	0	72	160	0	27	446	0	616	490	0	0	0	0	0	0	0	0	0	0	0	0	0	0	10	0	0	0	0	0	0	4	0	0	0	0	0	0	0	0	0	0	59	0	2680	0	3519	1381	5087	0	3202	1265	770	0	0	0	0	0	0	0	0	0	0	0	0	0	0	22	0	0	0	0	0	0	68	0	0	0	0	0	0	0	0	0	0	0	0	0	0	0	0	0	0	0	0	0	0	0	0	0	0	0	0	0	0	0	0	0	0	0	0	0	0	0	0	0	0	0	0	0	0	0	0	0	0	0	0	0	0	0	0	0	0	0	0	0	0	0	0	0	30	42	0	0	0	0	0	0	0	0	0	0	0	0	0	5	0	0	0	0	0	0	0	0	0	0	0	0	0	0	0	0	0	0	8	0	0	0	0	0	0	0	0	0	0	0	0	0	0	0	0	0	0	15	0	0	0	0	0	0	0	0	0	0	0	0	0	0	0	18	116	0	0	0	0	0	11	0	0	0	0	0	0	0	0	0	0	0	0	0	0	0	0	0	0	0	0	0	0	0	0	0	0	0	0	0	18	0	0	0	0	0	0	0	0	0	0	0	0	0	0	0	0	8	0	0	0	0	35	0	80	0	0	0	0	0	0	0	0	0	0	0	0	0	0	0	0	0	0	0	0	0	0	0	0	0	159	0	0	0	0	0	36	0	0	0	0	0	13	0	0	0	5	0	0	0	0	0	0	0	0	0	0	0	0	0	0	0	0	0	0	0	0	8	0	0	0	0	0	0	0	0	0	0	0	0	0	0	0	0	0	0	0	0	0	0	0	0	0	0	0	0	0	0	0	0	0	0	78	0	0	0	0	0	0	0	0	0	0	0	0	0	0	0	0	0	0	0	0	12	0	0	0	158	0	0	0	0	0	6	190	38	0	0	0	0	0	18	0	17	306	0	0	0	37	0	125	0	0	0	0	0	0	0	0	0	0	0	0	0	0	0	0	0	0	0	0	6	0	0	0	0	0	0	0	0	0	46	0	0	0	0	0	0	0	0	0	0	0	0	0	0	0	0	0	0	12	0	0	0	0	90	219	207	0	459	0	0	97	87	112	0	0	0	0	0	0	0	0	0	0	0	0	0	0	0	0	0	260	0	0	0	0	0	0	0	0	0	0	0	0	0	0	11	0	21	0	0	0	0	0	0	0	0	0	0	0	0	4	0	14	0	0	0	0	0	0	222	25	0	0	0	0	0	0	0	0	341	0	6	0	0	0	0	0	0	0	0	131	0	0	0	0	0	0	0	0	0	0	0	0	0	0	0	0	0	0	28	0	0	133	116	0	50	0	0	0	0	0	0	0	0	0	0	0	0	0	0	0	0	0	0	0	0	0	0	0	2054	24	1178	65	2524	819	238	3487	852	0	0	15	0	0	0	0	0	0	0	0	0	0	0	0	0	58	0	0	0	0	0	0	0	0	0	0	0	0	77	0	0	0	0	0	0	0	162	199	13	0	776	358	0	742	0	0	1188	0	0	0	0	0	0	0	0	0	0	0	0	20	0	0	0	0	0	0	0	0	0	0	0	0	0	0	0	0	0	0	0	0	0	0	0	0	0	0	0	0	0	0	0	0	0	0	0	0	0	5	0	0	0	0	0	0	0	0	0	0	0	0	0	143	0	18	0	0	0	0	0	0	0	0	0	0	0	0	0	0	0	0	0	0	0	0	0	0	0	6	0	0	0	0	0	0	0	0	0	0	0	0	0	0	0	0	0	0	0	0	0	0	0	0	0	0	0	0	0	0	0	0	0	0	0	0	0	0	0	0	28	0	0	0	0	0	0	0	0	0	0	0	0	0	0	0	0	0	0	0	0	0	0	0	0	0	0	0	156	35	0	0	0	0	0	0	0	0
W1x1704	0	0	10	0	0	0	0	0	0	0	0	8	0	0	0	0	6	0	0	0	0	0	81	0	0	0	0	0	0	0	0	0	0	0	0	0	0	0	140	0	0	0	0	0	0	0	0	0	0	0	0	0	0	0	0	0	125	0	0	0	0	0	0	0	0	0	0	0	0	0	0	0	0	0	0	0	0	0	0	0	0	0	0	0	0	0	0	0	0	0	0	0	0	0	46	0	0	106	0	0	0	0	0	0	0	0	0	0	0	0	220	0	0	0	0	0	0	0	16	0	0	0	0	0	44	0	0	0	203	0	0	0	0	0	0	0	0	0	0	0	0	0	0	0	0	0	0	0	0	0	0	0	0	0	0	0	0	0	0	0	0	0	0	0	0	0	0	0	0	0	0	0	0	0	0	0	0	147	0	0	0	0	0	0	0	0	0	0	0	0	0	0	11	0	0	0	0	78	55	10	0	0	118	874	0	0	0	0	0	0	41	255	0	0	0	0	0	0	0	0	0	0	0	0	0	0	0	0	0	0	0	0	0	0	0	0	0	0	0	0	0	0	0	0	0	0	0	0	267	0	0	0	377	0	0	0	0	0	0	0	0	0	0	0	0	0	0	0	14	0	0	0	0	0	0	76	448	0	38	0	0	0	291	163	62	0	0	0	0	0	0	0	0	0	0	0	0	0	0	0	0	0	0	0	0	0	0	22	90	0	0	0	0	0	0	0	0	0	131	0	0	0	0	0	13	8	0	0	0	0	0	0	0	0	0	0	0	0	0	0	0	0	0	203	0	0	0	0	0	0	0	8	0	11	0	0	0	0	44	34	0	0	0	0	0	0	0	0	0	0	0	0	0	58	0	0	0	0	24	0	0	0	0	0	0	0	0	0	0	0	0	0	0	0	0	704	0	780	0	0	278	0	247	0	0	0	0	0	0	0	31	0	60	0	0	0	0	0	14	0	0	0	0	0	33	1705	0	52	37	0	0	0	0	0	0	0	0	29	0	0	89	0	0	0	0	0	0	0	0	0	0	0	0	0	0	0	0	0	0	0	0	2827	0	73	0	0	3993	13	27	0	24	0	2641	0	0	0	0	0	0	0	0	0	0	0	0	0	0	0	0	0	0	0	0	19	0	0	0	0	0	0	0	0	0	0	0	0	0	0	0	0	0	0	0	0	0	0	0	0	0	0	0	0	0	0	0	0	0	0	0	0	0	0	0	0	0	0	0	0	0	0	0	0	9	0	0	0	0	0	0	0	0	0	0	0	0	0	0	0	0	0	0	0	0	0	0	45	0	0	0	0	0	0	0	0	0	0	0	323	0	32	27	0	0	0	0	0	0	0	0	0	0	0	0	0	0	0	0	0	0	0	0	0	0	0	0	0	0	0	84	0	0	0	0	0	0	0	0	227	0	0	0	0	0	0	0	0	0	0	0	39	0	0	0	0	129	953	175	36	0	18	0	0	0	0	0	0	0	0	0	0	0	0	0	0	0	0	0	0	0	0	0	0	0	0	0	0	0	0	0	0	0	248	0	0	0	0	0	0	0	0	0	68	0	69	0	0	435	0	24	0	0	0	0	0	0	0	0	11	0	0	0	0	0	0	0	0	0	0	0	0	0	0	0	0	0	0	0	0	0	0	0	0	0	0	0	0	0	0	0	0	0	0	0	0	0	0	0	0	0	0	9	0	0	0	0	0	0	0	0	0	0	0	0	24	0	0	5	0	0	0	0	0	0	7	0	0	0	11	0	0	0	0	85	0	0	0	0	0	0	305	0	0	0	67	0	0	76	0	0	0	0	0	0	716	0	0	0	0	0	0	0	0	0	0	0	0	0	28	0	0	0	0	0	0	0	0	0	0	0	0	0	38	0	0	115	0	0	123	0	0	0	0	0	0	0	0	0	0	0	0	0	0	0	0	0	0	0	0	0	0	0	0	0	0	0	0	0	0	0	0	14	0	0	0	0	0	0	0	0	29	0	0	0	0	0	0	0	0	9	0	0	0	0	0	0	0	0	37	8	0	68	0	0	0	0	0	220	0	0	0	50	0	0	0	0	0	231	0	0	0	0	0	0	0	0	0	0	0	0	0	0	0	0	0	0	0	0	0	0	0	0	0	0	0	0	0	0	0	0	6	0	0	0	0	0	0	0	0	0	0	41	0	0	0	0	0	0	0	391	0	0	83	0	0	0	0	668	40	18	0	0	0	0	0	0	0	0	0	156	77	0	5	0	0	0	0	0	0	0	0	0	0	0	0	578	0	0	0	0	0	0	0	0	0	0	0	0	0	0	0	0	0	11	0	0	0	0	0	0	0	0	0	0	0	11	0	0	77	4043	0	7397	0	0	0	15	86	0	0	0	0	0	0	0	0	0	0	0	0	0	0	0	0	0	0	0	0	0	0	0	9	0	0	0	61	0	0	0	0	0	3	36	0	0	0	0	1021	0	0	111	24	0	0	0	0	0	0	0	0	0	0	0	0	0	0	0	0	0	0	0	0	0	0	0	0	0	0	0	0	0	0	0	0	0	87	0	0	0	0	0	0	0	0	0	0	0	0	13	0	0	0	0	0	0	0	0	0	0	0	0	0	43	0	0	0	0	0	0	0	0	0	0	0	0	0	44	0	0	0	0	0	0	0	0	0	0	0	0	0	0	0	17	0	0	0	0	0	23	0	0	0	30	0	0	0	0	114	0	0	0	0	0	0	0	0	0	0	0	0	0	0	0	0	0	0	0	0	0	0	0	0	0	0	0	0	231	0	0	0	10	0	0	0	0	0	0	0	0	0	0	0	0	0	0	0	0	0	0	0	0	0	1293	34	0	0	6	0	62	0	0	0	0	0	0
W1x1705	0	0	0	0	0	0	0	0	0	0	0	0	0	0	0	0	0	0	0	0	0	0	0	0	0	0	0	0	0	0	0	17	0	0	0	0	0	0	0	0	0	0	0	0	0	0	0	0	0	0	0	0	0	115	0	0	0	0	0	0	0	0	0	0	0	0	0	0	0	0	0	0	0	0	0	0	0	0	0	0	0	0	0	0	0	0	0	0	0	0	0	0	0	20	0	67	0	0	90	0	0	0	5	0	0	0	0	0	0	0	0	0	0	0	0	0	0	0	0	32	0	0	39	0	30	0	0	0	20	0	0	28	0	0	0	0	0	0	0	0	0	0	0	0	0	0	0	0	0	0	0	0	0	0	0	0	0	0	0	0	0	0	0	0	0	0	0	0	0	90	0	0	0	0	0	0	0	0	0	0	0	0	0	0	0	0	0	0	0	0	0	0	0	0	0	22	7	22	96	0	0	0	0	0	0	0	0	0	0	0	0	0	6	0	0	0	0	0	0	0	0	0	0	0	0	0	0	0	0	0	0	0	0	0	0	0	0	0	0	0	0	0	0	0	0	0	0	0	0	198	0	92	0	373	0	667	0	0	0	0	0	0	0	0	0	0	0	0	0	0	0	0	0	0	0	0	44	70	165	0	1197	218	47	0	0	0	0	0	0	0	0	0	0	0	0	0	0	0	0	0	0	4	0	76	81	0	0	0	1918	18	0	0	0	0	0	0	0	0	0	0	0	19	0	143	0	0	0	0	8	123	0	0	0	0	0	0	0	0	0	0	0	0	0	0	0	25	0	0	0	0	0	0	0	0	0	0	0	0	0	0	0	0	0	0	0	0	0	0	0	0	0	0	0	0	0	0	0	0	0	0	0	0	0	0	0	0	0	0	0	0	0	0	0	0	0	0	0	0	0	0	29	68	0	0	0	6	0	0	0	0	0	0	0	28	0	0	0	0	0	0	34	0	1284	822	131	31	254	1274	636	103	0	0	0	0	0	0	0	0	0	0	0	0	0	0	0	0	0	0	0	0	0	0	0	0	0	0	0	0	0	0	0	0	51	0	1314	0	0	1365	1314	0	499	406	0	0	0	0	0	0	0	0	0	0	0	0	0	0	0	0	0	0	0	0	0	0	0	0	0	0	0	0	0	0	0	0	0	0	0	0	0	0	0	0	0	0	0	0	0	0	0	0	0	0	0	0	0	0	0	0	0	0	0	0	0	0	0	0	0	0	0	0	0	0	0	0	0	0	0	0	0	0	0	0	0	0	0	0	0	0	0	0	0	0	0	7	0	0	0	0	0	0	0	0	0	0	0	0	0	0	0	0	0	0	0	0	0	0	0	0	0	0	0	0	0	0	0	0	0	0	0	0	0	0	0	0	0	0	0	0	0	0	0	0	0	0	0	0	0	0	0	0	0	0	0	0	0	0	0	0	0	31	0	0	0	0	0	19	32	0	0	0	0	0	0	0	0	0	0	0	0	0	0	0	0	0	0	0	0	0	0	0	0	0	0	0	0	0	0	0	0	0	0	0	0	0	0	0	0	0	0	0	0	0	0	0	0	0	0	0	0	0	41	0	0	0	0	18	0	0	0	0	0	0	0	0	0	0	0	0	0	0	0	0	0	0	0	0	0	0	0	0	113	0	0	0	0	0	0	0	0	0	0	0	0	0	0	0	0	0	0	0	0	0	0	0	0	0	0	0	0	0	0	0	0	0	0	0	0	0	0	0	0	30	0	0	0	0	0	0	0	0	0	0	0	0	0	0	0	0	0	0	0	0	0	0	0	0	0	0	20	0	0	0	0	0	0	0	0	12	0	8	0	0	0	0	0	0	0	0	0	13	0	0	0	0	0	0	0	0	0	0	40	0	0	0	0	0	0	0	14	0	0	0	0	0	115	0	25	0	0	0	0	0	0	0	0	0	0	107	0	0	0	0	0	0	0	0	0	0	552	0	33	0	0	0	0	0	0	121	0	0	0	0	0	0	0	0	0	105	0	0	0	0	0	0	0	43	0	7	0	0	0	0	405	101	0	73	0	0	0	0	120	0	0	0	0	0	0	0	0	0	0	0	0	0	0	0	0	0	0	0	0	0	118	0	0	0	0	0	0	0	0	0	0	0	0	0	0	0	0	0	0	0	0	0	0	0	0	0	0	0	0	0	0	0	0	0	0	0	0	0	30	0	196	0	0	0	0	0	0	0	0	0	0	0	0	0	0	0	0	0	0	0	0	0	0	0	0	0	0	0	0	0	0	0	0	0	0	107	0	0	0	0	0	82	0	0	0	0	0	0	0	0	0	0	0	189	31	0	0	0	0	0	0	0	0	0	0	0	25	352	0	62	0	317	442	85	0	0	47	0	0	0	0	0	0	0	0	0	0	0	0	0	0	0	0	0	0	0	0	0	0	0	0	0	0	0	0	0	0	0	0	0	0	0	0	21	0	73	333	0	420	4151	0	102	15	0	0	0	0	0	0	0	0	0	0	0	0	0	0	0	0	0	0	0	0	0	0	0	0	0	0	0	0	0	0	0	0	0	0	0	0	0	0	0	0	0	0	0	0	0	0	0	0	0	0	0	0	0	0	0	0	0	0	0	0	0	0	0	0	0	0	0	0	0	0	0	0	0	0	0	0	0	0	0	0	0	0	0	0	0	0	0	0	0	0	0	9	0	0	0	0	0	0	0	0	0	0	0	0	0	0	0	0	0	0	0	0	0	0	0	0	0	0	0	0	0	0	0	0	0	0	0	0	0	0	0	0	0	0	6	0	0	0	0	0	0	0	0	0	0	24	0	0	0	0	0	0	0	0	0	0	0	0	0	0	0	10	0	0	0	0	0	0
W1x1706	0	0	0	0	0	0	0	0	0	0	0	20	0	0	0	0	0	0	0	0	0	0	0	0	0	0	0	0	0	0	0	0	7	0	0	0	0	0	0	0	0	0	0	0	0	0	0	0	0	0	0	0	0	0	42	37	0	0	0	0	0	0	0	0	0	7	0	0	0	0	0	0	0	0	0	0	0	0	0	0	0	0	0	0	0	0	0	0	0	0	0	0	0	20	0	41	0	0	0	0	0	0	5	0	0	0	0	0	0	0	0	0	0	0	0	0	0	0	0	0	0	0	47	0	0	119	0	0	0	0	0	76	0	0	0	0	0	0	0	0	0	0	0	0	0	0	0	0	0	0	16	0	0	0	0	0	0	0	0	0	0	0	0	0	0	0	0	0	0	0	0	0	0	0	0	0	0	0	0	16	0	0	0	0	0	0	0	0	0	0	0	0	0	0	0	0	0	0	0	0	0	214	166	49	98	0	0	0	0	0	0	38	0	0	0	0	0	0	0	0	0	0	0	0	0	0	0	0	0	0	0	0	0	0	0	0	0	14	0	0	0	0	0	0	0	0	0	0	0	0	0	104	56	27	33	187	0	0	0	0	0	0	0	0	0	0	0	0	0	0	0	0	0	0	0	136	141	0	67	186	119	126	4	0	0	0	0	0	0	0	0	0	0	0	0	0	0	0	0	291	0	0	2032	0	51	0	11	0	0	0	0	0	0	0	0	0	0	0	0	0	0	145	0	274	49	208	0	0	0	79	0	0	0	0	0	0	0	0	0	0	0	0	0	32	0	0	0	0	0	202	0	0	0	12	0	0	0	0	0	0	0	33	0	0	0	0	0	0	0	0	0	0	0	0	0	0	0	0	7	0	0	0	0	0	0	0	0	0	0	0	0	0	34	0	0	0	0	0	0	0	50	63	0	139	0	40	0	0	0	0	0	0	0	23	0	0	0	0	0	0	23	0	327	768	0	235	195	0	0	244	0	0	0	0	0	0	0	0	0	0	0	0	0	0	0	0	0	0	0	12	0	0	0	0	0	0	0	0	0	0	0	0	86	0	255	0	1351	849	1764	0	270	494	214	0	0	0	0	0	0	0	0	0	0	0	0	0	0	0	7	0	0	0	0	0	0	0	0	0	0	0	0	0	0	0	0	0	0	0	0	0	0	0	0	0	0	0	0	0	0	0	0	0	0	0	0	0	0	0	0	0	0	0	0	0	0	0	0	0	0	0	0	0	0	15	0	0	0	0	0	0	0	0	0	0	0	0	0	0	0	0	0	0	0	0	0	0	0	0	0	87	0	0	0	0	0	0	0	0	0	0	0	0	0	0	0	0	0	0	0	0	0	0	0	0	0	0	0	0	0	0	0	0	0	0	0	0	0	0	0	0	13	0	0	0	0	0	0	0	0	0	0	0	0	0	0	0	0	0	236	34	0	0	0	0	0	0	0	0	0	0	0	0	0	0	0	0	0	0	0	0	0	0	0	0	0	0	0	0	0	0	0	0	0	0	0	0	42	0	0	0	0	0	0	0	0	0	0	0	0	0	0	5	0	0	0	0	0	0	0	0	0	0	0	0	0	0	0	0	0	0	0	0	0	49	0	0	0	0	0	0	0	0	0	0	0	0	0	0	0	0	0	0	25	0	0	0	0	0	0	0	0	0	0	0	0	0	0	0	0	0	0	0	0	0	0	0	0	0	0	0	0	0	0	0	0	0	0	0	0	0	0	0	0	0	0	0	0	0	0	0	0	0	0	0	0	0	0	0	0	0	0	0	0	0	0	0	19	0	63	0	0	0	0	0	0	0	7	0	0	0	0	0	0	0	0	0	0	0	0	0	0	0	14	0	0	10	0	0	0	0	36	196	0	0	0	0	0	84	26	0	71	0	0	0	103	0	98	0	0	0	0	0	0	0	0	0	0	0	31	0	0	0	0	0	0	0	0	0	0	0	74	0	0	0	0	55	0	17	0	0	0	0	0	0	0	0	0	0	0	0	0	0	0	0	0	0	0	0	0	0	0	0	505	525	0	128	0	114	0	693	248	0	0	0	0	0	0	0	0	0	0	14	0	0	0	0	0	0	0	0	0	194	287	0	0	0	0	0	0	0	0	0	0	0	0	0	0	0	0	0	0	0	0	0	0	0	0	0	0	0	0	0	0	0	0	0	0	0	0	0	0	57	56	0	0	0	0	87	0	12	0	0	0	0	0	0	0	0	0	0	0	0	0	0	0	0	0	0	0	0	0	0	0	0	28	0	0	0	333	0	11	0	0	71	0	0	0	0	16	0	0	0	0	0	0	0	57	0	0	0	0	0	0	0	0	0	0	1212	52	463	0	0	2219	768	1470	201	0	0	0	0	0	0	0	0	0	0	0	0	0	0	0	0	39	0	0	0	0	0	0	0	11	0	0	31	0	0	0	0	0	0	0	87	0	0	64	111	0	0	198	0	0	0	0	342	0	0	0	0	0	0	0	0	0	0	0	0	0	0	0	0	0	0	0	0	0	0	0	0	0	0	0	0	0	0	0	0	0	0	0	0	0	0	0	0	0	0	0	0	0	0	0	0	0	0	0	0	0	0	0	0	0	0	0	0	0	0	0	26	0	0	0	0	0	0	0	0	0	0	0	0	0	0	0	0	0	0	0	0	0	0	0	0	0	0	0	0	0	0	0	0	0	0	0	0	0	0	0	0	0	0	0	0	0	0	0	0	0	0	0	0	0	0	0	0	0	0	0	0	0	0	0	0	0	0	0	35	0	0	0	0	0	0	0	0	0	0	0	0	11	0	0	0	0	0	0	0	0	0	0	0	0	2	0	0	0	0	19	112	0	0	0	0	0
W1x1707	0	0	0	0	0	0	0	0	0	0	0	0	0	0	0	0	0	0	0	0	0	0	0	0	0	0	0	0	0	0	0	0	27	0	0	0	0	0	0	0	0	0	0	0	0	0	0	0	0	0	0	0	0	0	58	0	0	153	0	0	0	0	0	0	0	12	0	0	0	0	0	0	0	0	0	0	0	0	0	0	0	0	0	0	0	0	0	0	0	0	0	147	0	57	0	55	0	16	157	0	0	0	0	0	0	0	0	0	0	0	18	0	0	0	0	0	56	0	72	0	0	0	35	0	2	0	131	0	0	0	143	0	0	0	0	0	0	0	0	0	0	0	0	0	0	0	0	0	0	0	0	0	0	0	0	0	0	0	0	0	0	0	0	0	0	33	0	0	0	0	0	23	0	0	0	0	0	0	36	0	0	0	0	0	0	0	0	0	0	0	0	0	0	0	0	23	0	0	0	0	58	0	74	363	0	0	0	0	0	0	12	0	0	2	0	0	0	0	0	0	0	0	0	0	0	0	0	0	0	0	0	0	0	0	0	0	0	0	0	0	0	0	0	0	0	0	0	0	0	129	0	106	6	0	157	245	0	0	0	0	0	0	0	0	0	0	0	0	0	85	0	0	0	0	0	114	138	0	317	94	860	207	3	294	42	0	0	0	0	0	0	0	0	0	0	0	0	0	0	746	0	0	0	180	40	0	0	4	387	0	0	0	0	0	0	0	0	0	0	0	0	0	0	0	19	57	448	263	0	97	0	0	0	0	0	0	0	0	0	0	0	0	0	0	0	51	0	0	0	0	116	0	0	0	0	0	0	0	0	0	0	18	0	0	0	0	0	0	0	0	0	0	0	0	0	0	0	0	0	0	0	0	0	0	0	0	0	0	0	0	0	0	0	0	0	0	30	20	0	14	9	0	0	0	0	11	0	0	0	0	0	0	0	0	0	0	0	480	74	0	0	1183	0	118	29	202	236	4776	163	95	0	0	0	0	0	0	0	0	0	0	0	0	0	0	10	0	0	0	0	0	0	0	0	0	0	0	0	0	0	0	0	0	21	633	67	0	3545	1487	7778	0	1097	4702	2773	0	0	0	0	0	10	0	0	0	0	0	0	0	0	0	0	0	0	0	0	0	0	0	7	0	0	0	0	0	0	0	0	0	0	0	0	0	0	0	0	0	0	0	0	0	0	0	0	0	0	0	28	0	0	0	0	0	0	0	0	0	0	0	0	0	0	0	0	0	0	0	0	0	11	0	0	4	0	0	0	0	0	0	0	0	0	0	0	0	0	6	0	0	0	0	0	0	0	0	0	0	0	0	0	0	0	0	0	0	0	0	0	0	0	0	0	0	0	0	0	113	0	0	0	0	0	0	0	0	0	0	23	0	0	0	5	0	0	0	0	0	0	0	0	0	0	0	0	0	0	0	0	0	0	0	0	201	79	0	0	10	0	27	76	0	0	0	0	0	0	0	0	0	0	0	0	0	0	0	0	0	0	0	0	0	0	0	0	0	0	0	0	0	0	0	0	0	0	0	0	0	0	0	54	0	0	0	0	0	0	0	0	0	0	0	0	0	0	0	0	12	0	36	0	416	0	0	0	0	0	0	0	0	0	0	0	0	0	0	0	0	0	0	0	0	0	0	0	0	32	0	23	0	0	0	29	0	0	0	0	0	0	0	0	0	0	0	0	0	0	0	0	0	0	0	0	0	0	0	0	0	0	0	0	24	0	18	0	0	0	0	0	23	0	0	0	0	0	0	0	0	0	0	0	0	0	0	0	0	0	0	0	0	0	0	0	0	0	0	0	0	0	0	0	0	0	0	0	0	0	0	0	0	0	13	0	0	0	0	0	0	0	0	0	0	0	0	168	25	0	0	0	0	0	0	0	0	65	0	0	0	112	0	0	0	0	0	0	0	0	0	0	23	0	0	181	0	0	0	0	0	0	0	0	0	0	74	62	0	0	0	0	32	0	0	0	0	0	0	0	0	0	0	0	0	0	0	0	0	0	0	0	0	0	0	0	0	0	0	36	196	0	111	148	0	0	0	0	0	0	0	0	0	0	0	0	65	0	0	0	0	0	0	0	0	0	0	0	98	0	0	0	0	7142	0	0	0	0	0	0	24	0	0	0	0	8	0	0	0	0	0	0	0	0	0	0	0	13	0	0	0	0	0	0	39	0	0	0	0	127	3216	0	0	9	27	0	0	0	0	0	0	0	0	0	0	112	0	0	0	0	0	0	0	0	0	0	0	0	0	0	0	0	0	0	127	0	0	0	0	0	107	9	0	0	0	0	0	0	0	4	0	0	0	97	0	0	0	0	0	0	0	0	0	0	0	121	456	0	0	0	1447	239	822	0	0	49	0	0	0	0	0	0	0	0	0	4	0	0	0	122	0	0	0	0	0	0	3546	112	0	0	0	0	45	0	0	7	0	0	0	0	174	902	162	0	818	448	0	57	0	0	46	0	0	0	0	0	0	0	0	0	0	0	0	0	0	0	0	0	0	0	0	5	0	0	3	0	0	0	0	0	0	0	0	0	0	0	0	0	0	0	0	0	0	0	0	0	0	0	0	0	0	0	0	0	0	0	0	0	16	0	0	0	0	0	0	0	0	0	0	0	0	0	0	0	0	0	0	0	117	0	0	0	0	0	0	0	0	0	0	0	0	0	0	0	0	0	0	0	0	0	0	0	0	0	0	0	0	0	0	0	0	0	0	0	0	0	0	0	0	0	0	0	0	0	0	0	0	0	0	0	0	0	0	0	183	0	0	0	0	0	0	0	0	0	0	0	8	0	0	0	0	0	0	0	0	0	41	0	0	0	0	0	0	25	348	0	0	0	0	0
W1x1708	0	0	0	0	0	0	0	0	0	0	0	0	0	9	0	0	48	0	0	0	0	0	0	0	0	0	0	0	0	7	0	0	0	0	0	0	0	0	0	0	0	0	0	0	0	0	0	0	0	0	0	0	0	0	0	0	0	0	0	9	0	0	0	0	0	0	0	0	0	0	0	0	0	0	0	0	0	0	0	0	0	0	0	0	0	0	0	0	0	0	0	26	0	266	0	91	0	0	0	0	57	0	0	0	0	0	0	0	0	0	0	49	0	0	0	0	0	317	0	0	0	0	0	0	112	81	0	0	70	0	291	70	16	0	0	0	0	0	0	0	0	0	0	0	0	0	0	0	0	0	0	0	0	0	0	0	0	0	0	0	0	0	0	0	0	0	0	0	0	0	0	0	0	0	0	0	0	0	0	0	0	0	0	0	0	0	0	0	0	39	0	0	0	0	0	0	30	63	0	55	0	0	0	140	0	0	2656	242	0	0	13	14	0	0	0	0	0	0	0	0	0	0	0	0	0	0	0	0	0	0	0	0	0	0	0	0	0	0	0	0	0	21	0	0	0	0	0	0	0	200	0	0	0	0	0	182	0	0	0	0	0	0	0	0	0	0	0	0	0	0	0	0	0	31	0	1087	0	498	192	101	525	265	38	2100	94	0	0	0	0	0	0	0	0	0	0	0	0	0	0	97	0	0	0	0	0	0	0	0	0	0	0	0	0	0	0	0	0	0	0	0	0	37	51	0	0	378	2287	2022	0	0	0	0	0	0	0	0	0	0	0	0	0	0	0	163	0	0	0	0	0	141	0	0	0	18	0	0	0	0	7	0	0	0	0	27	0	0	0	0	0	0	0	0	0	0	0	0	0	0	0	0	0	0	0	0	0	0	0	0	0	0	0	0	0	0	0	0	0	0	0	0	38	0	0	0	0	362	0	0	0	0	0	0	12	0	0	0	0	0	48	0	302	0	0	258	0	538	284	0	297	315	0	0	0	0	126	0	0	0	0	0	0	0	0	0	0	0	0	0	0	18	0	0	0	0	0	0	0	0	0	0	0	85	0	0	649	0	6722	1542	1284	25	3464	168	0	0	0	0	0	0	0	0	0	0	0	0	0	0	0	0	0	0	0	0	0	0	0	0	0	0	0	0	0	0	0	0	0	0	0	0	0	0	0	0	0	0	0	0	0	0	0	0	0	0	0	0	0	34	0	0	0	0	0	0	0	0	0	0	0	0	0	0	0	0	0	0	0	0	14	0	0	0	0	0	0	0	0	0	0	15	0	0	17	0	0	6	0	0	0	0	0	0	0	0	0	0	0	12	0	0	17	0	0	24	0	0	0	0	0	0	0	0	0	0	0	0	0	0	0	0	0	0	0	0	0	0	21	0	0	0	7	0	0	0	0	0	0	0	0	0	0	0	0	0	0	0	0	0	0	0	218	124	33	0	0	0	0	0	0	0	0	0	0	0	0	0	0	0	0	0	0	0	0	0	0	0	0	0	0	25	0	0	0	0	0	0	0	0	0	0	0	0	0	0	0	0	0	0	0	0	0	0	0	29	0	0	9	0	0	0	281	0	0	0	0	0	0	21	0	0	0	0	0	0	0	0	9	0	0	0	0	0	0	0	0	0	0	0	0	85	0	0	0	0	33	0	0	0	0	8	0	0	0	5	0	0	0	0	0	0	0	33	0	0	18	0	0	0	0	0	0	0	0	0	0	0	0	0	0	0	0	0	0	0	655	0	0	0	0	0	0	0	0	0	0	0	0	0	0	0	0	10	0	0	0	9	0	0	0	0	0	0	0	0	0	0	47	0	0	0	0	0	0	0	0	0	0	0	0	0	0	0	0	0	0	0	0	0	0	0	0	0	6	0	0	0	0	0	0	0	298	4	0	0	0	0	127	0	84	0	0	0	19	0	0	0	115	0	0	0	0	0	0	0	0	0	0	0	0	0	0	4895	98	0	0	0	0	0	0	0	5	0	0	0	0	0	0	0	0	0	0	0	0	0	0	0	0	4	0	16	0	0	0	0	456	581	0	234	0	0	343	186	162	0	0	0	56	0	0	0	0	0	0	0	0	0	0	0	0	0	138	0	0	0	154	0	0	0	0	0	0	0	0	0	0	35	0	0	0	0	0	6	0	0	0	0	0	0	0	0	6	0	65	0	0	0	0	0	0	52	23	0	0	260	389	0	0	0	0	272	0	5	0	0	0	0	0	0	0	0	252	158	0	0	2	0	0	0	0	0	0	0	0	0	0	0	30	9	0	9	0	0	0	0	0	0	0	0	0	0	0	0	0	0	0	24	0	0	0	0	0	0	0	15	0	0	0	0	0	0	29	392	30	0	0	2586	541	355	0	0	0	0	0	0	0	0	0	0	0	0	0	0	0	0	0	0	0	0	0	0	0	136	106	0	0	0	0	0	0	0	0	0	12	0	0	0	2276	61	0	471	0	39	0	0	0	113	0	0	0	0	0	0	0	0	0	0	0	0	51	0	0	83	0	0	0	0	41	0	0	0	0	0	0	0	0	0	0	0	0	0	0	0	0	0	0	0	0	0	0	0	0	0	0	0	0	0	0	0	0	0	0	0	8	0	0	0	0	0	0	48	0	0	0	0	0	0	0	0	8	0	0	0	0	0	0	0	0	0	0	0	0	0	2	0	0	0	0	0	33	0	0	0	0	0	0	0	0	0	0	0	0	0	0	0	0	0	0	0	0	0	0	0	0	0	0	0	0	0	0	0	0	0	0	0	0	0	0	0	0	0	0	51	6	0	0	11	0	0	0	0	0	0	0	0	0	0	0	0	0	0	0	0	0	0	0	0	0	0	78	0	0	0	0	0	0
W1x1710	0	0	0	0	0	0	0	0	0	0	0	0	0	0	0	0	0	0	0	0	0	0	0	0	0	0	0	0	0	0	0	0	0	0	0	0	0	0	0	0	0	0	0	0	0	0	0	0	0	0	0	0	0	0	0	0	0	0	0	0	0	0	0	0	0	0	0	0	0	0	0	0	0	0	0	0	0	0	0	0	0	0	0	0	0	0	0	0	0	0	0	0	0	0	0	0	0	0	0	0	0	0	0	0	0	0	0	0	0	0	0	0	0	0	0	0	0	0	0	0	0	0	29	103	39	0	0	0	0	0	0	22	0	0	0	0	0	0	0	0	0	0	0	0	0	0	0	0	0	0	0	0	0	0	0	0	0	0	0	0	0	0	0	0	0	0	0	0	0	0	90	0	0	0	0	0	0	0	0	0	0	0	0	0	0	0	0	0	0	101	0	0	0	0	0	0	0	331	0	0	83	0	11	10	124	0	0	0	81	74	150	78	246	0	0	0	0	0	0	0	0	0	0	0	0	0	0	0	0	0	0	0	0	0	0	0	0	0	0	0	0	68	0	0	0	0	0	0	0	0	0	217	23	0	18	35	0	0	0	0	0	0	0	0	0	0	0	0	0	0	12	0	0	0	0	57	602	85	0	82	45	43	2359	99	840	0	0	0	0	0	0	0	0	0	0	0	0	0	0	0	0	0	0	21	56	0	0	0	0	0	0	0	0	0	0	0	0	0	136	0	0	21	0	90	21	254	19	0	0	14	0	4	0	0	0	0	0	0	0	0	0	0	0	122	0	0	0	0	4	0	0	45	0	0	0	0	0	0	0	0	0	31	0	0	0	0	0	0	0	0	0	0	0	0	0	0	0	0	0	0	0	0	0	0	0	0	0	0	0	0	0	0	0	0	0	0	26	67	0	76	0	0	0	89	0	29	0	0	0	0	0	0	0	0	0	0	0	0	0	0	10	38	0	223	0	1402	85	134	132	150	0	0	0	0	0	0	0	0	0	0	0	0	0	0	2	0	0	0	0	0	0	0	0	0	0	0	0	0	0	0	0	0	6	4	245	12	340	274	719	0	231	139	61	0	0	0	0	0	0	0	0	0	0	0	0	0	0	0	0	0	0	0	0	0	0	0	0	0	0	0	0	0	0	0	0	0	0	0	0	0	0	0	0	0	0	0	0	0	0	0	0	0	0	0	0	0	0	0	0	0	0	0	0	0	0	0	0	0	0	0	0	0	0	0	0	0	0	0	0	0	0	0	0	0	0	0	0	0	0	0	151	0	0	0	0	0	0	0	0	0	0	0	0	0	0	0	0	0	0	0	0	15	0	0	0	0	0	0	0	0	0	0	0	0	0	0	0	0	0	0	0	0	0	0	0	0	0	0	8	0	0	0	0	0	0	0	0	0	0	0	0	0	0	0	0	0	0	0	0	4	0	0	0	39	0	0	0	0	0	0	0	0	0	0	0	0	0	0	0	0	0	0	0	0	0	0	0	0	0	0	0	0	0	0	0	0	0	0	0	0	92	0	0	0	0	0	0	0	0	0	0	0	0	23	0	0	0	0	0	0	18	0	0	0	0	0	0	0	0	0	0	0	0	0	0	0	0	0	0	0	0	0	0	0	284	0	134	0	10	0	0	0	0	0	0	0	0	0	0	0	0	0	0	0	0	0	0	0	0	0	0	0	0	0	0	0	0	35	0	0	0	0	0	0	0	42	0	91	0	0	0	0	0	0	0	0	0	0	0	0	0	0	0	0	0	0	0	0	0	0	0	0	0	0	0	0	3	27	0	0	0	0	0	0	0	0	0	0	0	0	0	0	0	0	0	0	0	0	0	8	0	0	0	0	0	4	0	0	0	0	6	0	0	0	29	0	0	723	0	603	0	0	0	0	0	0	0	0	0	0	0	0	0	0	0	0	0	0	0	0	0	0	0	0	0	0	0	0	0	0	16	0	0	0	0	0	0	37	0	0	0	0	0	0	0	0	0	0	0	0	0	0	0	0	0	0	0	7	0	0	0	13	30	0	0	78	52	9	0	717	0	0	0	0	0	0	0	0	0	0	0	0	0	0	0	0	0	0	0	0	0	0	0	0	0	0	0	0	0	0	0	0	0	0	0	0	0	0	0	0	0	0	0	0	0	0	0	0	0	0	0	0	0	0	0	0	0	67	146	0	0	838	42	0	0	0	580	0	0	0	0	0	0	0	0	0	0	0	0	0	0	0	0	0	0	0	0	0	0	0	0	0	0	0	163	0	0	0	0	0	0	0	0	0	0	0	0	0	0	0	0	0	0	0	0	0	0	0	0	0	0	0	0	0	0	0	0	18	3622	107	54	0	606	369	196	72	0	0	0	0	0	0	0	9	0	0	0	0	13	0	0	0	0	0	13	105	0	0	0	15	0	0	0	75	0	0	0	0	0	0	0	0	0	0	0	360	406	0	50	0	182	0	0	87	0	0	0	0	0	0	0	0	0	0	0	0	0	0	0	0	0	0	1278	0	0	0	0	0	0	0	0	0	0	0	0	0	0	0	0	0	0	0	0	0	0	0	0	0	0	0	0	0	0	0	0	0	0	0	0	0	0	0	0	0	0	0	0	0	0	0	0	0	0	0	0	34	0	0	0	0	0	0	0	0	0	0	0	0	0	0	0	0	0	0	0	0	0	0	0	0	0	0	0	0	0	0	0	0	0	0	0	0	0	0	0	0	0	0	0	0	0	0	0	0	0	0	0	0	0	0	0	0	0	0	0	0	0	0	0	0	0	0	0	0	0	0	0	0	0	0	0	0	0	0	0	0	0	0	0	0	14	14	0	0	0	0	0	0	9	0	0	0	0
W1x1712	0	0	0	0	0	0	0	0	0	0	0	0	0	0	0	0	3	0	0	0	0	0	0	0	0	0	0	0	0	0	0	0	11	0	0	0	0	0	0	0	0	0	0	0	0	0	0	0	0	0	0	0	0	0	0	0	0	351	0	0	0	0	0	0	0	0	25	0	0	0	0	0	0	0	0	0	0	0	0	0	0	0	0	0	0	0	0	0	0	0	0	0	0	0	0	78	0	0	0	0	45	0	0	0	0	0	0	0	0	0	0	0	0	18	0	0	0	0	0	0	0	0	0	0	0	16	0	0	151	0	0	0	0	0	0	0	0	0	0	0	0	0	0	0	0	0	0	0	0	0	0	0	0	0	0	0	0	0	0	0	0	0	0	0	0	285	0	0	0	0	0	0	0	0	0	0	0	32	0	0	0	0	0	0	0	0	0	0	0	0	0	0	0	0	0	0	32	0	0	17	0	0	229	242	0	0	0	0	0	0	28	8	0	0	0	0	0	0	0	0	0	0	0	0	0	0	0	0	0	0	0	0	0	0	0	0	0	0	0	0	0	0	0	0	0	103	0	0	0	0	83	39	0	0	487	0	0	0	0	0	0	0	0	10	0	0	0	0	0	0	0	0	0	0	0	2478	0	0	0	127	527	469	0	1697	12	0	0	0	0	0	0	0	0	0	0	0	0	0	0	0	0	0	0	97	0	867	0	0	0	0	0	0	0	0	0	0	0	0	0	0	79	0	0	94	0	22	0	0	0	54	0	0	0	0	0	0	58	0	0	0	0	0	0	0	0	113	0	0	0	100	378	0	0	0	0	0	0	0	0	0	0	0	0	31	0	0	0	0	0	0	0	0	0	0	0	0	0	0	0	0	0	0	0	0	0	0	0	0	0	0	0	0	0	0	0	0	0	0	0	52	0	189	0	390	0	10	0	0	0	0	0	0	46	0	1448	0	0	0	0	0	45	0	0	80	0	292	0	9272	259	181	0	0	0	0	0	0	0	0	0	0	0	0	0	0	0	0	0	0	0	0	0	0	0	0	0	0	0	0	0	0	0	0	0	0	5	0	4944	1285	340	0	232	298	824	0	0	0	0	0	0	75	0	0	0	0	0	0	0	0	0	0	0	0	0	0	0	0	0	0	0	0	0	0	0	0	0	0	0	0	0	0	0	0	0	0	0	0	0	0	0	0	0	0	0	0	0	0	0	0	0	0	0	0	0	0	0	0	0	0	0	0	0	0	0	0	0	0	0	0	0	0	0	0	0	0	0	0	0	0	0	0	32	0	0	0	0	0	0	0	0	0	3	0	0	0	0	0	0	0	0	0	0	0	0	0	0	0	0	0	0	0	0	0	0	0	0	0	0	0	0	0	0	0	0	0	31	0	0	0	0	0	0	0	0	0	0	0	0	0	0	0	9	0	0	0	0	0	0	0	0	97	0	0	0	0	0	0	0	0	0	0	0	0	0	0	0	0	0	0	0	0	0	0	0	0	16	0	0	0	0	0	0	0	0	0	10	0	0	0	0	0	0	0	0	0	0	0	0	0	0	0	0	0	0	0	0	0	24	0	21	0	0	0	0	0	0	40	0	0	0	0	0	0	0	0	0	0	0	0	0	0	0	0	0	0	0	0	1562	44	0	0	33	0	0	0	14	0	0	0	0	0	0	0	0	0	0	0	0	0	0	0	0	0	0	0	0	0	0	0	0	0	0	0	0	0	0	0	0	0	0	58	0	0	0	0	0	0	0	0	0	0	0	0	0	0	0	0	0	0	0	0	0	0	0	0	0	0	0	0	0	0	0	0	0	0	30	0	0	0	0	0	0	0	0	0	0	0	0	0	0	0	0	0	0	0	0	0	0	0	0	0	0	261	0	0	0	0	0	0	0	0	0	0	0	0	31	0	0	0	0	0	0	0	0	0	0	0	0	0	0	0	0	0	0	0	0	0	0	0	0	0	0	0	0	0	0	189	0	49	0	0	0	0	0	0	0	0	0	0	0	0	0	0	0	0	0	0	0	7	0	19	0	0	211	0	0	21	0	0	0	605	219	0	0	0	152	0	0	0	0	0	0	0	0	0	0	0	0	0	0	0	0	0	0	0	0	0	0	111	0	0	0	0	0	0	0	0	0	0	0	0	0	0	0	0	0	0	0	0	0	0	0	0	0	0	0	0	0	0	197	0	0	264	372	0	0	0	46	0	0	0	0	0	0	0	0	0	0	0	206	0	0	0	0	0	0	0	0	0	0	0	0	0	0	0	0	0	0	0	0	0	53	0	0	28	0	0	0	0	0	0	0	0	0	0	0	0	0	0	0	0	0	10	0	0	0	0	0	0	0	479	24	0	2485	0	205	0	0	0	21	0	0	0	0	0	0	0	0	0	0	0	0	0	0	0	378	0	0	0	0	0	0	0	0	0	0	0	0	0	0	0	0	0	0	0	525	0	2907	0	1129	0	0	151	0	171	0	0	0	0	0	0	0	0	0	0	0	0	0	0	0	0	0	0	0	0	0	0	0	0	0	0	0	0	0	0	0	0	0	0	0	0	0	0	0	0	0	0	0	0	0	0	0	0	0	0	0	0	0	0	0	0	0	0	0	10	0	0	0	0	0	0	0	0	0	0	0	0	0	0	0	0	0	0	0	0	0	0	0	0	0	0	0	0	0	0	0	0	17	0	0	0	0	0	0	0	0	0	0	0	0	0	0	0	0	0	0	7	0	0	0	0	0	0	0	0	0	0	0	0	0	0	0	0	0	0	0	0	0	0	119	0	0	0	0	0	0	0	0	22	0	0	0	0	0	0	0	0	0	0	0	0	0	0	0	0	0	0	0	0	0	0	0	0	0
W1x1717	0	0	0	0	0	0	0	0	0	0	0	0	0	0	0	0	0	0	0	0	0	0	0	0	0	0	0	0	0	0	0	14	0	0	0	0	0	0	0	0	0	0	0	0	0	0	0	0	0	0	0	0	0	0	39	0	0	0	0	0	0	0	0	0	0	0	0	0	0	0	0	0	0	0	0	0	0	0	0	0	0	0	0	0	0	0	0	0	63	0	0	243	86	3	0	77	0	6	0	0	0	0	6	0	0	0	0	0	0	0	0	0	0	0	0	0	0	0	119	63	0	0	21	0	0	109	57	0	0	0	0	46	0	0	0	0	0	0	0	0	0	0	0	0	0	0	0	0	0	0	0	0	0	0	0	0	73	0	0	0	0	0	0	0	0	0	0	0	0	0	0	0	0	0	0	0	0	0	0	0	0	0	0	0	0	0	0	0	0	0	0	0	0	0	0	0	0	0	0	0	0	0	186	0	42	37	0	188	0	0	26	7	0	0	182	0	0	0	0	0	0	0	0	0	0	0	0	0	0	0	0	0	0	0	0	0	0	0	0	0	0	0	0	0	0	0	0	21	0	288	136	62	0	100	51	184	0	0	0	0	0	0	0	0	0	0	0	0	0	0	0	0	0	0	0	101	54	161	705	406	74	317	0	242	28	0	0	0	0	0	0	0	0	0	0	0	0	0	0	0	0	0	0	50	93	0	44	0	0	0	0	0	0	0	0	0	0	0	0	0	0	21	0	109	97	13	0	113	0	220	0	0	0	0	0	0	0	0	0	0	0	0	0	0	0	78	0	98	0	0	0	251	0	0	0	0	0	0	0	0	0	17	0	0	0	0	0	0	0	0	0	0	0	0	0	0	0	0	9	0	0	0	0	0	0	0	0	0	0	0	0	0	0	0	0	0	329	0	0	22	0	0	0	0	0	154	0	0	0	0	0	0	0	23	0	0	0	0	11	0	199	558	114	499	175	262	299	0	351	305	0	0	0	0	10	0	0	0	0	0	0	0	0	0	0	0	0	0	0	0	0	0	0	0	0	0	0	0	0	0	0	0	0	0	554	11876	1248	687	2828	5586	415	539	620	0	0	0	0	0	8	0	0	0	0	0	0	0	0	0	0	0	0	0	0	0	0	0	0	0	0	0	0	0	0	0	0	0	0	0	0	0	0	0	0	0	0	0	0	0	0	0	0	0	0	0	0	0	0	0	0	0	0	0	0	0	0	0	0	0	0	0	0	0	0	0	0	0	0	0	0	0	0	0	0	0	0	0	0	0	0	0	0	86	0	30	0	0	0	0	0	0	0	0	0	0	0	0	0	0	0	0	0	0	0	0	0	0	0	0	0	0	12	0	0	0	0	0	0	0	0	0	0	0	0	0	0	0	0	0	0	0	15	0	0	0	0	0	0	11	0	0	0	0	0	0	0	24	0	0	41	52	106	0	0	15	0	0	0	0	0	0	0	0	0	13	0	0	0	0	0	0	0	0	0	0	0	0	0	0	0	0	0	0	0	0	0	0	21	0	0	0	0	0	0	0	0	0	0	0	0	0	0	0	0	0	0	0	0	0	0	0	49	0	0	18	0	24	0	0	0	0	0	0	0	0	0	0	0	0	0	0	0	0	0	0	0	0	0	96	0	0	44	0	0	0	0	0	0	0	0	0	0	0	0	0	0	0	0	0	0	0	0	0	0	0	0	0	0	0	0	0	0	0	0	0	0	0	0	0	0	0	0	0	12	0	0	0	0	0	0	0	0	0	0	0	0	0	0	261	0	0	0	0	0	0	0	0	0	0	0	0	0	0	0	0	0	0	0	0	0	0	0	0	0	0	0	0	0	0	0	0	0	0	0	0	0	0	0	0	0	0	27	49	0	0	0	0	0	99	0	0	390	0	0	0	74	0	0	0	0	0	0	0	0	0	0	0	0	0	29	0	0	0	0	0	0	0	0	0	1678	0	0	0	0	0	0	0	0	106	0	0	0	0	0	0	0	0	0	0	0	0	0	0	0	0	0	0	12	10	0	0	0	0	340	171	0	119	0	0	0	57	111	0	0	0	0	0	0	0	0	0	0	0	0	0	0	0	0	0	50	439	0	185	52	0	0	0	0	0	0	0	0	0	0	0	0	0	0	0	0	0	0	0	0	0	0	0	0	0	0	0	14	0	0	0	0	0	0	184	12	0	0	0	562	0	0	0	57	0	0	0	0	0	0	0	4	0	0	0	0	0	19	0	0	0	0	0	0	0	0	0	0	0	115	0	0	0	0	166	0	0	102	0	0	126	0	89	0	0	0	0	0	0	0	0	0	0	76	0	0	0	0	0	0	0	0	0	0	0	9	761	76	435	38	529	57	98	0	0	0	0	0	0	0	0	0	0	0	0	0	0	0	0	0	0	470	0	0	0	0	0	23	0	0	32	0	88	0	0	0	0	0	0	0	0	0	26	0	65	0	0	645	0	115	340	0	0	0	0	0	0	0	0	0	0	0	0	0	0	10	0	0	0	0	0	0	0	0	3	0	0	0	0	0	0	0	0	0	0	0	0	0	0	0	0	0	0	0	0	0	0	0	0	0	0	0	0	0	0	0	0	0	0	0	0	0	0	0	0	0	0	0	0	0	0	0	0	0	0	0	0	0	0	0	0	0	0	0	0	0	0	0	0	0	0	0	0	0	0	0	0	0	0	0	0	0	0	0	0	0	49	0	0	0	0	0	0	0	0	0	0	0	0	0	0	0	0	0	0	0	0	0	0	0	0	0	53	0	18	48	24	0	0	0	0	0	0	0	6	0	0	38	0	0	0	0	0	0	0	0	0	0	0	46	0	0	0	0	0	0	0	0	0	0
W1x1723	0	0	0	0	0	0	0	0	0	0	0	0	0	0	16	0	40	0	0	0	0	0	136	0	0	0	0	0	0	0	0	0	0	0	0	0	0	0	0	0	0	0	0	0	0	0	0	0	0	0	0	0	0	0	0	0	0	0	0	0	7	0	0	0	0	0	0	0	0	0	0	0	0	0	0	0	3	43	0	0	0	8	0	0	0	0	0	0	0	0	0	0	0	25	0	33	0	0	0	0	0	0	0	0	0	0	0	0	0	0	0	0	0	0	0	0	0	424	77	22	0	0	56	0	83	15	349	0	19	0	18	78	0	0	0	0	0	0	0	0	0	0	0	0	0	0	0	0	0	0	0	0	0	0	0	0	0	0	0	0	0	0	0	0	0	0	0	0	0	0	84	19	0	0	0	0	0	0	25	0	0	0	0	0	0	0	0	0	0	34	0	0	150	0	0	27	29	45	0	20	22	32	55	32	26	0	0	0	0	108	85	18	36	0	0	0	0	0	0	0	0	0	0	0	0	0	0	15	0	0	0	0	0	0	0	0	0	0	0	0	0	0	0	0	0	0	0	0	0	0	147	49	95	0	53	94	0	0	0	0	0	0	0	0	0	0	0	0	0	0	0	0	0	17	0	181	250	191	67	83	0	66	1036	499	1732	0	0	0	0	0	0	0	0	0	0	0	8	0	0	0	0	0	0	0	70	0	0	28	0	0	0	0	0	0	0	0	0	0	0	0	0	4	0	49	0	0	0	0	973	444	0	0	0	0	0	0	0	0	0	0	0	0	0	0	0	0	0	0	0	0	0	0	0	0	0	11	0	0	0	171	0	22	0	0	6	0	0	0	0	0	0	0	0	0	0	0	0	0	0	0	0	35	0	0	0	0	0	0	0	0	0	0	0	0	0	0	0	14	0	162	64	115	0	0	0	114	0	0	0	0	0	0	4	0	0	0	0	0	0	0	8	444	500	616	117	582	339	521	341	158	0	0	0	0	0	0	0	0	0	7	0	0	0	0	0	0	0	0	0	0	0	0	0	0	0	0	0	0	0	0	0	0	0	21971	1262	0	1617	457	2783	0	651	976	0	80	0	0	0	0	0	0	0	0	0	0	0	0	0	0	0	0	0	0	0	0	0	0	0	0	0	0	0	0	0	0	0	0	0	0	0	0	0	0	0	0	0	0	0	0	0	0	0	0	0	0	0	0	0	0	0	0	0	0	0	0	0	0	0	0	0	0	0	0	0	0	0	0	0	0	0	0	0	0	0	0	0	0	0	0	0	0	0	0	0	32	0	0	0	0	0	0	0	0	0	0	0	0	0	0	75	0	0	0	0	0	0	0	0	0	0	0	0	0	0	0	0	0	0	0	0	0	0	0	0	0	17	0	0	0	0	0	0	0	0	0	0	0	0	0	0	0	0	0	0	0	0	0	4	0	97	19	56	0	0	0	0	0	0	0	0	0	0	0	0	0	0	0	0	0	0	0	0	0	0	0	0	0	0	0	0	0	0	0	0	0	0	0	0	0	0	0	134	0	0	0	0	0	0	0	0	0	0	0	0	0	0	0	8	0	0	0	23	0	0	0	0	0	0	0	0	0	0	0	0	0	0	0	0	0	0	0	0	0	0	0	0	0	0	0	0	0	0	0	0	0	0	0	0	0	9	0	0	0	0	0	0	0	0	0	0	38	0	0	0	0	0	0	0	0	0	0	0	16	0	0	0	0	0	24	0	0	0	0	0	0	0	0	0	0	0	0	0	0	0	0	0	0	0	0	0	0	0	0	0	0	0	0	0	0	0	0	0	0	0	0	0	0	0	0	0	0	0	0	0	0	0	0	0	0	0	0	0	0	0	70	0	0	0	0	0	0	32	0	0	0	405	30	0	112	0	0	0	0	0	0	33	0	104	0	0	0	0	0	0	0	0	0	0	0	0	0	0	0	0	0	0	0	0	0	0	0	22	0	0	0	0	0	0	78	0	0	0	0	0	0	0	0	0	0	0	0	0	0	0	0	0	0	0	11	0	0	0	0	193	168	0	168	0	12	61	0	95	0	0	0	0	0	0	0	0	0	0	0	0	0	0	0	0	0	0	0	0	0	9	318	0	48	0	0	0	0	0	0	0	0	0	0	0	0	0	0	0	0	0	0	0	0	0	0	0	0	0	0	0	0	22	0	0	66	95	0	0	413	0	10	0	0	124	58	0	0	0	0	0	0	0	0	0	0	0	508	0	54	0	0	0	0	0	0	0	0	0	0	0	0	0	43	0	0	0	0	0	0	0	59	0	0	0	0	0	0	0	0	0	318	0	0	42	0	0	0	0	0	0	0	21	0	0	60	42	596	530	1138	1775	194	296	671	0	0	0	0	0	0	0	0	0	0	0	0	43	0	0	0	0	0	0	0	0	89	21	31	0	0	0	60	0	26	0	0	0	0	0	0	0	0	0	123	0	97	0	36	133	0	673	332	0	0	0	0	0	0	0	0	0	0	0	36	0	0	0	591	0	0	0	0	0	0	0	0	0	0	0	0	0	0	0	0	0	0	0	0	0	0	0	0	0	0	0	0	0	0	0	0	0	0	0	0	0	0	0	0	0	0	0	0	0	0	0	0	0	0	0	0	0	0	0	0	0	0	0	0	0	0	0	0	0	0	0	0	0	0	0	0	0	0	0	0	0	0	0	7	0	0	0	0	0	0	0	0	0	0	0	0	0	0	0	0	0	0	0	0	0	0	0	0	0	0	0	0	0	0	0	0	0	0	0	0	0	83	0	0	0	0	0	0	0	0	0	0	0	14	0	0	0	0	0	0	0	0	0	0	0	0	0	0	0	0	10	0	0	0	0	0	0
W1x1724	0	0	0	0	0	0	0	0	0	0	0	12	12	0	0	0	0	0	8	0	0	0	122	0	0	0	0	0	0	0	0	0	0	0	0	0	0	0	0	0	0	0	0	34	0	0	0	11	0	0	0	0	0	0	0	0	0	0	0	0	0	0	0	0	0	12	0	29	0	0	0	0	0	0	0	0	0	0	0	0	0	0	0	0	0	0	0	0	0	0	0	12	0	24	0	37	0	56	0	74	0	0	0	0	0	0	0	0	0	0	0	0	0	41	0	0	19	45	82	0	0	0	79	112	30	52	0	0	0	0	0	30	0	0	0	0	0	0	0	0	0	0	0	0	0	0	0	0	0	0	0	0	0	0	0	0	0	0	0	0	0	0	0	0	0	8	0	0	0	0	12	0	0	0	0	0	0	0	23	0	34	0	0	0	0	0	0	0	0	0	0	0	0	0	0	0	52	99	266	13	1056	0	0	63	369	0	123	0	0	0	0	89	49	0	233	0	0	0	0	0	0	0	0	0	0	0	40	0	0	0	0	0	0	0	0	0	0	0	0	0	0	0	0	0	0	0	0	0	43	111	0	80	31	0	65	80	0	0	0	22	0	0	0	0	0	0	20	0	0	0	30	22	0	0	33	0	379	338	0	521	212	267	129	201	84	0	0	0	0	0	0	0	0	0	0	0	0	0	0	0	0	93	0	160	61	0	0	0	0	0	0	0	5	0	0	0	611	0	0	0	320	0	19	261	101	100	0	0	119	197	0	0	0	0	0	0	0	0	0	0	0	0	0	53	0	105	0	0	389	0	0	381	0	0	0	0	0	0	0	28	0	25	123	0	0	83	0	0	0	0	0	0	0	0	0	0	0	0	0	0	0	0	0	0	0	0	0	0	0	0	0	0	0	0	0	0	61	178	0	0	74	36	47	0	959	0	0	0	0	0	0	0	3	91	0	103	0	0	0	0	157	277	172	612	399	274	1085	0	69	593	0	0	0	0	19	146	0	0	0	0	22	0	0	0	0	0	0	0	0	0	0	0	0	0	0	0	0	0	0	0	0	89	171	62	782	2570	2264	1559	3354	4989	2656	515	206	0	0	0	0	0	7	0	0	0	22	0	0	0	0	0	0	0	0	0	0	0	0	0	17	0	0	0	0	8	0	0	0	0	0	0	0	0	0	0	0	0	0	537	0	0	0	0	0	0	0	0	0	0	0	0	25	0	0	0	0	0	0	0	0	0	0	0	0	0	0	0	0	0	0	0	0	0	0	28	0	0	0	0	10	0	0	0	18	76	765	6	0	0	0	25	0	0	0	0	0	0	0	23	0	0	0	12	0	0	0	0	0	0	0	0	0	0	0	0	0	0	7	0	0	0	0	0	0	0	0	0	0	0	9	0	13	0	5	0	0	0	0	0	0	0	0	0	0	0	0	0	0	0	0	0	0	42	0	0	0	0	18	0	0	0	0	3	0	0	0	0	0	0	0	0	0	0	0	0	0	0	0	0	0	0	0	0	0	0	0	0	0	0	0	0	0	0	0	0	0	0	43	0	0	0	0	0	0	15	0	27	0	0	0	0	0	554	64	0	34	0	0	31	0	83	0	0	0	0	0	0	0	0	0	0	0	0	0	0	0	0	0	60	0	0	87	0	0	55	61	0	0	0	0	0	0	0	0	0	0	0	0	0	0	0	0	0	19	0	0	0	0	0	0	0	0	0	0	49	0	14	0	0	0	36	0	0	0	0	0	42	13	0	0	0	0	0	0	0	0	0	0	0	0	0	0	0	0	0	0	0	0	0	32	76	30	0	0	0	0	0	0	0	0	0	0	75	0	0	0	50	189	0	0	0	0	0	0	0	0	0	55	32	0	0	0	0	18	58	0	0	195	0	0	0	0	138	0	0	0	19	57	104	0	0	0	0	0	0	0	0	28	21	0	0	0	0	0	0	0	0	0	0	0	0	0	0	95	7	0	0	0	57	0	37	0	0	0	0	0	0	0	0	0	0	0	0	0	0	0	0	13	0	118	0	0	0	0	30	95	769	0	298	0	249	0	230	186	0	0	253	0	0	0	3	298	0	0	0	0	0	0	0	0	0	20	116	168	105	150	0	0	0	0	0	0	0	0	0	0	0	0	0	0	8	0	0	0	0	0	4	0	0	0	0	0	0	0	0	0	0	0	0	0	317	81	0	577	0	301	0	0	0	105	78	0	0	0	0	0	0	0	0	0	0	105	11	0	8	0	0	0	0	0	0	0	0	0	27	0	0	83	0	50	0	0	0	456	1126	0	0	0	0	2	0	0	0	0	0	0	0	0	0	33	64	0	0	0	0	0	0	0	0	0	480	106	717	208	577	0	351	490	0	0	0	0	0	0	0	0	0	0	0	0	0	0	0	0	0	206	0	3	0	0	0	5	0	22	0	0	146	0	282	0	0	0	0	0	0	0	114	109	315	1349	175	215	0	339	0	0	487	0	0	0	0	0	0	0	0	0	0	0	0	24	0	0	0	0	0	0	0	0	0	0	0	0	0	0	0	0	0	0	0	0	0	0	0	5	0	0	0	0	0	0	0	0	0	0	0	0	0	0	0	0	0	0	0	0	25	0	0	0	0	0	0	0	0	0	82	0	0	24	0	0	0	0	0	204	0	0	0	0	0	0	0	12	0	0	0	0	0	0	0	0	0	0	0	0	0	0	0	0	0	0	0	0	0	0	0	0	0	0	0	0	0	0	0	0	0	0	0	0	0	0	0	0	0	0	0	0	0	0	41	0	0	11	0	0	0	0	0	0	0	0	0	7	0	0	0	0	0	0	0	66	0	0	329	0	107	0	0	0	0	13	51	0	0	0	0	0
W1x1725	0	0	0	0	0	0	0	0	0	0	0	0	118	0	0	0	6	0	0	0	0	0	105	0	0	0	0	0	0	0	0	0	0	0	0	0	0	0	0	0	0	0	0	0	0	0	0	0	0	0	0	0	0	79	0	0	0	0	0	0	0	0	11	0	0	0	0	0	0	0	0	0	0	0	0	0	0	0	0	0	0	0	0	0	0	0	0	0	0	0	0	22	0	8	0	28	0	55	0	0	0	0	19	0	0	0	21	0	0	0	0	0	0	0	0	0	0	64	100	0	0	0	29	452	79	40	0	0	0	0	0	52	0	0	0	0	0	0	0	0	0	0	0	0	0	0	0	0	0	0	0	0	0	0	0	0	0	0	0	0	0	0	0	0	0	15	0	0	0	0	0	0	0	0	0	0	0	0	10	0	0	0	0	0	0	0	0	0	0	0	0	0	40	0	0	0	22	27	73	0	30	0	310	51	404	0	0	0	655	109	32	27	0	0	0	0	0	0	0	22	0	0	0	0	0	0	0	0	0	0	0	0	0	0	0	0	0	0	0	0	0	0	0	0	0	0	0	0	0	0	315	141	79	222	143	10	0	0	0	0	0	0	0	0	0	0	0	0	0	0	93	12	0	20	29	193	122	482	0	0	456	902	138	138	493	0	0	28	0	0	0	0	0	0	0	0	0	0	0	0	0	0	0	35	162	284	0	20	0	0	0	0	0	0	0	0	0	0	0	0	0	148	129	204	77	399	714	0	23	9	0	0	0	0	0	0	0	0	0	0	0	0	0	0	21	72	0	0	0	0	0	232	0	0	0	0	0	0	0	14	423	63	0	0	0	202	0	0	0	0	0	0	0	0	0	0	0	0	0	0	0	0	0	0	0	0	0	0	0	0	0	0	0	0	0	7	0	67	0	0	61	112	0	212	0	48	7	0	0	0	255	0	0	0	0	0	0	0	0	0	144	764	302	0	315	40	217	0	199	303	0	0	0	0	0	0	0	0	0	0	0	0	0	0	0	0	0	0	0	0	0	0	0	0	0	0	0	0	0	0	0	22	351	0	1219	0	5811	607	2128	0	2516	1820	0	0	0	0	0	0	0	0	0	0	0	0	0	7	0	0	0	0	31	0	0	2	0	0	0	0	17	0	0	0	0	0	0	0	0	0	0	18	0	0	0	0	0	0	0	0	0	0	0	0	0	0	0	0	0	0	0	0	0	0	0	0	0	0	0	0	0	0	0	5	0	0	0	0	0	0	0	11	0	0	0	0	0	0	0	0	0	0	117	0	0	19	0	0	7	0	0	0	0	0	0	0	0	5	0	0	0	0	0	0	0	0	0	0	0	0	0	0	0	0	0	0	0	0	0	0	0	0	0	0	0	0	0	0	20	0	0	0	0	0	0	0	0	0	0	0	0	0	0	0	0	0	0	0	0	0	139	19	28	0	0	43	0	0	0	0	0	2	0	0	0	0	0	0	0	0	0	0	48	0	0	0	0	9	0	0	0	0	0	0	0	0	0	36	0	38	0	0	0	0	0	0	0	0	0	0	0	0	0	0	0	17	3	0	0	0	0	0	24	0	67	0	0	44	0	0	0	0	0	0	0	0	0	0	0	0	0	0	0	0	0	0	0	37	0	0	0	0	65	0	26	0	0	0	0	0	0	0	0	0	10	0	0	0	0	0	0	0	0	0	0	0	0	0	0	0	0	0	0	29	0	0	0	0	16	0	0	279	0	464	0	11	60	0	0	0	0	0	0	0	0	0	0	0	0	0	0	0	0	0	0	0	0	0	0	61	605	0	0	0	0	0	484	0	0	0	0	0	0	0	0	0	0	0	0	0	0	0	0	0	0	0	58	0	0	0	0	0	61	23	0	17	278	0	0	64	0	148	420	0	0	0	73	61	43	0	0	0	0	0	0	0	64	0	0	0	0	0	0	0	0	0	0	0	0	0	0	0	0	0	0	0	0	66	0	366	0	0	0	0	0	0	0	0	0	0	0	0	0	0	0	0	0	0	17	0	0	24	0	0	380	785	0	226	0	0	0	962	832	0	0	0	0	0	0	0	0	5	0	0	0	0	0	0	0	0	40	0	0	0	25	94	0	119	0	132	191	0	0	8	0	19	0	0	0	0	0	0	0	0	0	0	0	0	0	0	0	0	32	0	0	0	59	0	0	121	357	0	0	0	836	0	0	0	108	71	0	5	0	0	0	38	0	0	0	0	140	0	0	4	6	0	0	0	0	0	0	0	0	0	0	0	126	0	0	194	0	0	363	0	0	47	0	0	0	0	0	0	0	0	22	0	0	0	47	0	0	0	0	0	0	0	0	0	0	0	1432	368	228	466	5168	198	446	0	0	0	10	23	0	0	0	0	0	0	0	0	0	0	0	0	31	0	0	0	0	68	0	0	0	0	0	139	0	79	0	0	0	0	0	0	0	0	157	379	0	28	0	101	166	0	1464	373	0	0	0	0	0	0	0	0	0	0	0	0	0	0	0	0	0	0	0	0	0	0	0	0	0	0	0	0	0	0	0	0	0	0	0	0	0	0	0	0	0	0	0	0	0	0	0	0	0	0	0	0	0	0	0	7	0	0	0	0	0	0	0	0	0	0	0	0	0	0	0	0	0	0	0	0	0	0	0	0	0	0	0	0	0	0	0	0	0	0	0	0	0	0	0	0	0	0	0	0	0	0	0	0	0	0	0	0	0	0	0	0	0	0	0	0	0	0	0	0	0	0	0	0	0	0	0	0	0	0	0	0	0	0	0	0	0	0	0	0	0	0	0	0	5	0	0	0	0	0	0	0	0	0	0	0	0	67	15	0	0	0	15	0	0	0	59	0	0
W1x1726	0	0	0	0	0	0	0	0	0	0	0	0	0	0	0	0	0	0	0	0	0	0	0	0	0	0	0	0	0	0	0	0	0	0	0	0	0	0	0	0	0	0	0	0	0	0	0	0	0	0	0	0	0	0	9	0	0	0	0	0	0	0	0	0	0	0	0	0	9	0	0	0	0	0	0	0	0	0	0	0	0	0	0	0	0	0	0	0	0	0	0	0	168	8	0	0	0	0	399	0	0	0	0	0	0	0	27	0	0	0	0	0	0	11	0	0	0	0	110	0	0	0	22	0	0	309	22	0	0	0	0	23	0	0	0	0	0	0	0	0	0	0	0	0	0	0	0	0	0	0	0	0	0	0	0	0	0	0	0	0	0	0	0	0	0	26	0	0	0	0	0	0	0	0	0	0	0	0	0	0	0	0	0	0	0	0	0	0	0	0	0	0	0	0	0	24	0	0	81	0	0	187	33	19	33	0	141	0	418	11	0	0	0	0	0	0	0	0	0	0	0	0	0	0	0	0	0	0	0	0	0	0	12	0	0	0	0	0	0	167	0	0	0	0	0	0	0	51	0	0	0	74	7	19	131	125	0	0	0	0	0	0	0	0	0	0	0	0	0	127	0	0	14	25	31	54	0	535	1738	277	65	999	65	0	65	0	0	0	0	0	0	0	0	0	0	0	0	0	0	0	0	0	0	0	0	0	165	0	0	0	0	0	0	0	0	0	0	0	0	0	0	505	0	249	89	52	0	336	0	140	10	0	0	0	0	0	0	0	0	0	0	0	0	0	0	70	0	0	0	0	0	0	0	0	0	0	0	0	0	0	0	0	70	0	49	0	0	0	0	0	0	0	0	0	0	0	0	0	0	0	0	0	0	0	0	0	0	0	63	0	0	0	24	0	0	0	22	0	68	85	12	0	0	133	0	78	0	0	0	0	0	0	0	34	0	0	0	0	0	0	604	64	0	0	76	321	626	0	269	1735	0	0	0	0	7	0	0	0	0	0	0	0	0	0	88	0	0	0	0	0	0	0	0	0	0	0	0	0	0	0	0	0	319	0	2511	0	889	2735	742	0	1990	2107	344	0	0	0	0	0	0	0	0	0	0	0	0	0	0	0	0	0	0	0	0	0	0	0	0	0	40	0	0	0	0	0	0	0	0	0	0	0	0	0	0	0	0	0	0	0	0	0	0	0	0	0	0	0	0	0	0	0	0	0	0	0	0	0	0	0	0	0	0	0	0	0	0	0	9	0	0	8	0	0	0	0	0	0	0	0	0	0	0	33	0	13	0	18	0	0	0	0	0	0	0	0	0	0	0	0	0	0	0	0	0	0	0	0	0	0	0	0	0	0	0	0	0	0	0	0	0	0	0	0	0	0	0	0	0	0	0	0	8	0	0	13	0	0	0	0	0	0	19	0	0	0	0	0	0	0	53	0	49	0	0	8	20	0	0	0	0	0	0	12	0	6	0	0	0	0	0	0	0	0	0	0	0	0	0	0	0	41	0	0	0	0	0	0	0	0	0	0	0	0	0	0	0	0	0	0	0	0	0	52	0	3	0	0	0	0	0	0	66	0	185	26	0	0	0	19	0	0	0	0	0	0	60	0	0	0	0	0	0	0	0	0	0	40	0	0	0	0	0	0	164	0	0	0	0	0	5	0	0	0	0	0	0	0	0	0	0	0	0	0	0	0	0	0	0	0	0	0	0	0	0	0	0	0	0	0	0	24	0	0	0	0	0	0	0	0	0	0	0	0	0	0	0	0	0	0	0	0	0	0	0	0	0	0	17	0	0	0	0	0	0	0	0	0	0	3	0	0	0	0	85	0	0	0	0	0	0	0	0	0	0	0	0	0	0	0	0	0	172	4	0	0	0	0	0	81	0	0	435	0	0	0	374	0	18	0	0	0	0	0	0	0	0	0	0	0	0	0	0	0	0	0	0	0	171	0	0	46	14	0	0	0	0	68	0	0	0	0	0	0	0	0	0	0	0	0	0	0	0	0	0	0	0	0	21	0	0	0	0	0	13	318	0	200	0	17	13	0	0	0	0	0	196	0	0	0	0	0	0	12	0	0	0	0	0	0	391	0	0	0	18	19	0	0	0	0	0	0	0	0	0	0	0	0	0	0	0	5	7	12	0	0	0	0	0	0	0	0	55	0	0	0	12	0	0	85	2	0	0	198	158	0	0	0	59	112	0	0	0	0	0	0	0	0	0	0	0	0	210	0	0	0	0	0	0	0	0	0	0	0	0	0	0	0	0	30	0	0	47	90	434	102	0	0	0	0	0	0	0	0	0	0	0	0	0	0	0	0	0	0	0	0	0	0	0	1226	194	1113	0	161	84	280	2108	242	0	0	0	0	0	0	0	0	0	0	0	0	0	0	0	12	443	0	0	14	0	0	0	0	0	0	0	26	0	373	0	0	0	0	0	0	0	0	0	0	217	0	194	0	797	0	0	804	0	0	0	0	0	0	0	0	0	0	0	0	19	0	30	0	0	0	0	21	0	0	0	0	0	0	0	0	0	0	0	0	0	0	0	0	0	0	0	0	0	0	0	0	0	0	0	0	0	0	0	0	0	0	0	0	0	0	0	0	0	0	0	0	0	0	0	0	0	0	0	0	0	0	0	0	0	0	0	0	0	0	0	0	0	0	0	0	0	0	0	0	0	0	0	0	0	0	0	0	0	0	0	0	0	0	0	0	0	0	0	0	0	0	0	0	0	0	0	0	0	0	0	0	0	0	0	4	0	0	0	15	0	0	0	0	0	0	0	0	0	0	0	0	0	13	0	0	0	0	0	0	0	0	0	0	0	0	287	0	0	0	0	0	0	0	0	0	0
W1x1804	19	0	0	0	0	0	0	0	8	0	0	0	0	814	0	0	7	0	0	0	0	0	0	26	0	0	0	0	0	0	0	14	0	0	0	0	0	0	0	0	0	0	0	0	0	0	0	0	0	0	0	0	0	0	22	0	0	0	0	0	0	0	44	0	0	0	0	0	0	0	32	0	0	0	0	0	0	0	0	0	0	0	0	0	0	0	0	0	0	0	0	52	0	76	0	41	62	21	0	0	0	0	0	0	0	0	0	0	0	0	0	13	0	0	3	0	0	0	195	108	11	0	42	0	0	61	0	0	0	0	0	0	0	0	0	0	0	0	0	0	0	0	0	0	0	0	0	0	0	0	0	0	0	24	0	0	0	0	0	0	0	0	0	0	0	18	0	0	0	0	0	0	0	0	0	0	0	0	17	0	0	0	0	0	0	0	0	410	0	0	0	0	0	14	5	0	0	0	218	0	6	636	263	45	111	0	0	141	0	27	0	0	0	0	0	0	0	0	0	0	0	0	0	0	0	0	0	0	0	0	0	0	0	0	0	0	0	0	0	0	0	0	0	0	0	0	0	13	0	283	95	183	0	241	32	147	0	0	0	12	0	0	0	11	0	0	0	0	513	0	0	0	49	38	26	153	0	168	1995	854	230	329	25	564	322	0	0	0	0	0	0	0	0	0	0	0	0	0	0	0	0	0	0	15	63	0	135	0	82	0	0	0	0	0	0	0	0	462	0	0	712	476	22	408	140	9	0	0	0	431	0	0	0	0	0	0	0	0	0	0	0	0	0	0	0	104	0	577	0	0	95	0	0	0	0	0	0	65	0	0	0	33	64	17	121	0	0	0	9	0	0	0	0	0	0	0	0	0	0	0	0	0	0	0	0	0	0	0	59	0	0	0	0	19	0	0	94	0	748	51	0	0	0	127	0	139	0	0	0	0	0	0	0	53	0	27	0	0	0	59	171	179	0	0	602	78	1930	487	558	609	391	0	0	0	0	0	0	0	0	0	0	0	0	0	22	0	0	0	0	0	0	0	0	0	0	0	0	0	0	0	0	5	85	60	1310	0	4062	4199	3811	0	1837	2168	66	0	0	0	0	0	0	0	0	4	0	0	0	0	0	0	0	0	0	0	0	0	0	0	0	0	6	0	0	0	0	0	0	0	0	0	0	0	0	0	0	0	0	0	0	0	0	0	0	0	0	0	0	0	0	0	0	0	0	0	0	0	0	0	0	0	0	0	0	0	0	0	0	0	0	0	0	0	0	0	0	0	0	0	13	0	0	0	28	125	0	14	0	0	0	0	0	0	0	0	0	0	0	0	0	0	0	0	0	0	0	0	0	0	0	0	0	0	0	0	0	0	0	0	0	0	0	0	0	23	0	0	17	0	0	0	0	0	29	782	0	0	0	0	0	12	0	0	0	0	0	15	0	45	0	0	0	29	0	0	0	0	228	0	0	0	0	19	0	0	0	0	0	0	0	0	0	0	0	0	0	0	0	0	0	10	0	43	0	0	0	0	0	0	0	0	0	0	0	0	0	0	0	0	0	0	0	0	0	39	0	0	0	0	0	0	0	62	47	0	0	16	0	35	0	0	0	21	0	0	0	0	0	0	0	0	0	0	0	0	0	0	0	0	0	0	0	0	0	0	65	0	0	0	0	0	7	0	0	0	25	0	0	0	0	19	0	0	0	0	0	0	0	0	0	0	0	0	0	40	0	2	0	0	0	8	0	31	0	0	0	0	0	0	0	0	0	8	0	0	0	0	0	0	0	0	0	0	0	0	0	0	0	0	0	0	118	0	0	0	0	0	0	0	0	0	0	31	0	0	0	0	0	0	0	0	0	0	0	0	114	0	0	0	0	0	0	0	123	87	0	0	0	0	0	45	0	0	0	0	0	0	33	11	159	0	0	0	0	0	0	0	0	0	0	0	0	0	0	0	49	0	0	0	106	0	0	538	89	290	0	0	0	67	0	126	0	0	0	0	0	0	0	0	0	0	0	0	0	0	0	0	0	47	0	0	0	0	0	123	137	147	0	316	165	714	0	11	360	0	0	0	0	0	0	0	0	0	0	0	0	0	0	0	0	0	0	0	0	552	83	0	0	3	0	0	7	0	0	0	0	0	0	0	0	0	0	0	0	0	0	0	52	0	0	0	0	0	5	0	0	0	33	0	0	155	6	462	0	0	32	0	1501	0	0	346	0	0	0	0	11	0	0	0	0	0	0	0	63	14	0	0	0	0	0	0	0	0	0	0	0	0	0	0	0	0	0	0	168	0	0	104	2	0	55	0	0	0	79	0	0	0	0	0	27	0	0	0	0	0	0	0	0	0	0	2446	128	552	925	1145	374	750	859	443	0	0	17	0	0	0	0	0	0	0	0	0	0	0	0	0	112	0	8	0	0	0	12	81	0	18	0	0	0	184	0	2041	2064	0	0	57	0	0	608	29	2950	1578	663	60	1563	0	1886	680	0	0	0	0	0	0	0	0	0	0	0	0	0	0	0	0	0	0	0	0	0	0	0	0	0	8	0	0	19	0	0	0	0	0	0	0	0	0	0	0	58	0	0	0	0	0	57	35	0	0	0	0	0	0	0	0	0	0	0	0	0	0	0	0	0	4	0	0	0	0	0	0	0	0	0	0	0	0	0	0	0	0	0	0	0	0	16	0	0	0	0	0	0	0	0	0	0	0	0	0	0	0	0	0	0	0	0	0	0	0	0	0	0	0	0	0	0	0	0	5	0	0	0	11	0	47	0	0	0	0	0	29	0	0	0	0	0	0	0	0	0	0	32	0	16	0	0	0	0	0	69	0	0	0	0	0	0	0	159	179	140	0	0	80	0	0	0	0	0
W1x1805	0	0	0	0	0	0	0	0	0	0	0	0	0	0	0	0	5	0	0	0	0	0	0	0	0	0	0	0	0	0	0	0	0	0	0	0	0	0	0	0	0	0	0	0	0	0	0	0	0	0	0	0	0	0	0	50	0	0	0	0	0	0	0	0	0	0	0	0	0	0	0	0	0	0	0	0	0	0	0	0	0	5	0	0	0	0	0	0	0	0	0	0	0	0	0	50	0	0	0	0	0	0	0	0	0	0	25	0	0	0	0	0	0	0	0	0	0	0	143	10	0	0	253	0	0	60	0	0	0	0	0	0	0	63	0	0	0	0	0	0	0	0	0	0	0	0	0	0	0	0	0	0	0	0	0	0	0	0	0	0	0	0	0	0	0	8	0	0	0	0	0	0	0	26	0	0	0	0	0	0	0	0	0	0	0	0	0	0	0	0	0	0	0	0	0	42	0	0	754	23	0	0	0	0	0	0	0	274	0	0	0	0	0	0	0	0	0	0	0	0	0	0	0	0	0	0	0	0	0	0	0	0	0	0	0	0	0	0	0	0	0	0	78	0	0	0	0	0	0	0	0	206	0	0	105	0	0	0	0	0	0	0	0	0	0	0	0	0	0	70	14	0	0	0	0	0	0	870	252	766	135	253	0	146	0	0	0	0	0	0	0	0	0	0	0	0	0	0	0	0	0	0	0	116	211	0	0	20	0	0	0	0	0	0	0	0	0	0	0	0	347	29	28	0	0	912	0	1873	0	798	0	0	0	0	0	0	0	0	0	0	0	0	0	0	0	0	0	0	0	473	0	0	0	0	0	0	0	0	0	0	0	0	0	0	0	0	0	0	0	0	0	0	0	0	0	0	0	0	0	0	0	0	0	0	0	0	0	0	0	0	0	0	0	0	0	0	0	0	0	0	0	33	0	0	0	7	0	0	0	0	0	0	12	82	0	0	0	0	0	0	488	482	361	1113	6	0	421	493	1889	593	0	0	0	0	0	0	0	0	0	0	0	0	0	0	0	0	0	0	0	0	0	0	0	0	0	0	0	0	0	0	0	0	34	44	4712	12	4305	2120	3454	0	3005	1494	0	0	0	0	0	0	0	0	0	0	0	0	0	0	0	0	0	0	0	0	0	0	0	0	0	0	22	0	0	0	0	0	0	0	0	0	0	0	0	0	0	0	0	0	0	0	0	0	0	0	0	0	0	0	0	0	0	0	0	0	0	0	23	0	0	0	0	0	0	0	0	0	0	0	0	0	0	0	0	0	0	0	0	0	0	0	0	0	35	23	0	87	0	0	0	0	0	0	0	0	0	0	0	0	0	0	0	0	0	0	0	0	0	0	0	0	0	0	0	0	0	0	0	0	0	0	0	0	0	4	0	0	0	0	0	0	0	0	0	0	0	0	0	0	0	0	0	0	0	0	0	0	0	0	0	0	0	0	13	0	0	0	0	4	0	0	0	0	0	0	0	0	0	0	0	0	0	0	0	0	0	0	0	0	0	12	0	0	0	0	0	0	0	0	0	0	0	0	0	0	0	0	0	0	0	0	0	0	0	22	0	0	0	0	0	0	28	0	134	64	0	0	0	0	0	0	0	0	0	0	0	0	0	0	0	0	0	0	0	0	0	0	0	0	0	0	0	0	0	0	0	0	0	0	0	0	0	0	0	0	0	0	0	0	0	0	0	0	0	0	0	0	0	0	0	0	0	0	0	0	0	0	0	0	0	0	0	17	0	0	15	0	0	0	0	0	0	0	0	0	0	0	0	0	0	0	0	0	0	0	0	0	0	0	0	0	0	0	0	0	0	0	25	0	0	0	0	0	0	0	0	0	0	0	0	0	0	0	0	0	0	0	0	0	0	0	0	0	27	0	0	0	10	0	0	0	24	15	6	0	0	0	144	6	0	0	0	0	0	0	0	0	0	0	0	0	0	0	0	0	0	0	0	0	13	0	0	0	0	0	0	0	0	0	0	0	0	0	0	0	0	0	0	0	0	0	0	0	0	0	0	0	0	0	0	0	0	0	0	0	0	0	0	0	0	0	0	0	116	0	0	0	0	0	0	0	0	0	0	0	0	0	0	0	0	0	0	0	0	20	208	0	0	0	0	0	0	0	0	0	0	13	0	0	0	0	0	0	0	0	0	0	0	35	0	0	0	0	15	0	0	0	0	0	0	0	0	0	0	0	579	0	0	0	0	157	0	9	0	0	0	0	0	0	0	0	151	0	0	0	0	0	0	0	0	0	0	0	0	0	0	0	0	0	0	0	0	0	0	0	0	0	0	0	0	0	0	0	0	0	0	0	0	0	42	0	0	0	0	0	0	0	0	0	0	0	19	1747	41	5119	0	0	807	1413	0	0	47	0	0	0	0	0	0	0	0	0	0	0	0	0	29	0	0	0	0	0	0	0	0	0	0	0	0	184	0	0	0	0	0	0	0	0	1485	0	0	1219	391	0	1508	0	0	310	0	0	0	0	0	0	0	0	0	0	0	0	0	0	0	0	0	0	0	0	0	0	0	0	0	0	0	0	0	0	0	0	0	0	0	0	0	0	0	0	0	0	0	0	0	0	0	0	0	0	0	0	0	0	0	0	0	0	0	0	0	0	0	7	0	0	0	0	0	0	0	0	0	0	0	0	0	0	0	0	0	0	0	0	0	0	0	0	0	0	0	0	0	0	0	0	0	0	0	0	0	0	0	0	0	0	0	0	0	0	0	0	0	0	0	0	0	0	0	0	0	0	0	0	0	0	0	0	0	0	0	13	0	0	23	0	0	0	0	0	0	0	0	0	0	0	0	0	0	0	9	0	0	0	0	0	0	0	0	0	0	0	0	0	0	0	0	0	0
W1x1806	0	0	0	0	0	0	0	0	0	0	0	0	0	0	0	0	7	0	0	20	0	0	0	0	0	0	0	0	0	0	0	0	0	0	0	0	0	0	0	0	0	0	0	0	7	0	0	0	0	0	0	0	0	0	0	65	0	0	0	0	0	0	0	0	0	0	0	0	0	0	0	0	0	0	0	0	0	0	0	0	0	2	0	0	0	0	0	0	0	0	0	56	0	5	0	0	0	0	0	0	0	0	13	0	0	0	0	0	0	0	0	0	0	0	0	0	0	0	0	0	0	0	160	0	10	75	0	11	40	0	0	0	0	0	0	0	0	0	0	0	4	0	0	0	0	0	0	0	0	4	0	0	0	0	0	0	0	0	0	0	0	0	0	0	0	0	0	0	0	467	0	0	0	41	0	0	0	0	0	0	0	0	0	0	0	0	0	0	0	0	0	0	0	0	0	0	0	0	0	26	0	0	0	14	0	0	0	0	0	0	0	8	0	0	0	0	0	0	0	0	0	0	0	0	0	13	0	0	0	0	0	0	0	0	0	0	0	0	0	0	0	0	0	0	0	0	0	0	0	271	0	139	0	193	296	477	0	0	0	0	2	0	0	0	0	0	0	0	0	0	0	0	0	0	0	697	0	595	394	442	2375	109	0	652	0	0	0	0	0	0	0	0	0	0	0	0	0	0	0	0	0	0	0	0	71	0	0	0	632	0	0	0	0	0	0	0	0	0	0	0	0	0	25	0	0	439	0	0	0	153	0	0	0	0	0	0	0	0	0	0	0	0	0	0	0	0	0	0	0	120	0	0	0	0	0	0	0	0	0	0	0	0	0	13	0	0	0	0	0	0	0	0	0	0	0	0	0	0	0	0	0	0	0	0	0	0	0	0	0	0	0	0	0	0	0	0	0	6	0	0	22	0	0	0	0	67	0	0	0	0	0	0	36	0	0	0	0	0	4	0	0	202	2874	0	0	86	0	1503	598	281	0	0	0	0	0	0	0	0	0	0	0	0	0	0	0	0	0	0	0	0	0	0	0	0	0	0	0	0	0	0	0	20	0	0	3469	0	7214	1932	1107	0	2128	3591	0	0	0	0	0	0	0	0	0	0	0	0	0	0	0	0	0	0	0	0	0	0	0	0	0	0	0	0	0	0	0	0	0	0	0	0	0	0	0	0	0	0	0	0	0	0	0	0	0	0	0	0	0	0	0	0	0	0	0	0	0	0	0	0	0	0	0	0	0	0	0	0	0	0	0	0	0	0	0	0	0	0	0	0	0	14	0	0	15	0	0	28	0	0	0	0	0	0	0	0	0	0	0	0	0	0	0	0	0	20	0	0	0	0	0	0	0	0	0	0	0	0	0	0	0	0	0	0	0	0	0	0	0	0	0	0	0	0	0	0	0	0	0	0	0	0	0	0	0	0	0	0	0	0	0	0	0	68	0	0	0	16	0	0	0	0	0	0	0	0	0	0	0	0	0	0	0	0	0	0	0	0	0	0	0	0	0	0	0	0	0	0	0	0	0	0	0	0	0	0	0	0	0	0	0	0	0	0	0	10	0	4	0	0	0	0	0	0	0	0	0	0	0	0	0	0	0	0	0	0	0	0	0	0	0	0	0	0	0	0	0	0	0	0	0	0	0	0	0	0	0	0	0	0	0	0	0	0	0	5	0	0	0	0	0	0	0	0	0	0	0	0	0	0	0	0	0	0	0	56	0	13	0	0	0	0	0	0	0	0	0	0	0	0	0	0	0	0	0	0	0	0	0	0	0	0	0	0	0	0	0	0	0	0	0	0	0	0	0	0	0	0	21	0	0	0	0	0	0	0	0	0	0	0	0	0	0	48	26	0	0	0	0	0	0	0	0	0	14	0	0	0	19	0	0	56	37	0	0	0	0	0	71	0	196	0	0	0	0	0	0	0	0	0	0	0	0	0	0	0	0	0	0	0	0	0	1061	0	0	0	0	0	0	0	0	0	0	0	0	0	0	0	0	12	0	0	0	0	0	0	0	0	0	0	0	25	0	37	0	0	0	429	0	0	0	0	228	0	27	0	0	0	0	0	0	0	0	0	0	0	0	0	0	0	0	0	0	0	586	82	144	0	0	0	0	0	0	0	0	0	0	0	0	0	0	0	0	0	0	0	0	0	0	0	0	0	0	0	7	0	0	0	0	0	0	0	20	0	0	72	197	0	0	0	8	89	0	0	0	0	0	0	0	0	0	0	179	0	0	0	0	0	0	0	0	0	0	0	0	0	0	0	0	24	0	180	0	0	232	0	0	16	0	0	0	0	0	0	0	0	0	0	0	0	21	0	0	0	0	2	0	0	0	0	11	0	116	0	32	0	0	2618	0	473	0	0	0	0	0	0	0	0	0	0	0	0	0	0	0	0	0	0	0	0	0	0	0	0	15	0	0	0	0	68	0	0	0	0	6	0	0	0	1921	0	0	945	0	25	0	0	0	0	0	0	0	0	0	0	0	0	0	0	0	0	0	0	0	0	0	0	0	0	0	0	0	0	0	0	0	0	0	0	0	0	0	0	0	0	0	0	0	0	0	397	0	0	0	0	0	0	0	0	0	0	0	0	0	0	0	0	0	0	0	0	0	0	0	0	0	0	0	0	0	0	0	0	0	0	0	0	0	0	0	0	0	0	0	0	0	0	0	0	0	0	0	0	0	0	0	0	0	0	0	0	0	0	0	0	0	0	0	0	0	0	0	0	0	0	0	0	0	0	0	0	0	0	0	0	0	0	0	0	0	0	0	0	0	0	0	0	0	0	0	0	0	0	0	0	0	0	0	0	0	0	0	0	0	0	0	0	0	0	0	0	89	0	0	0	0	25	0
W1x1807	0	0	0	0	0	0	0	0	0	0	0	0	0	0	0	0	0	0	0	0	0	0	30	0	0	0	0	0	0	13	0	0	0	0	0	0	0	0	0	0	0	0	0	0	0	0	14	0	0	0	0	0	43	0	0	0	12	0	0	0	0	0	0	0	0	0	0	0	0	0	0	0	0	0	0	0	0	17	0	12	0	0	0	0	0	0	0	19	0	0	0	19	0	10	0	89	0	0	0	0	0	0	0	0	0	0	0	0	0	0	0	0	0	14	4	0	0	0	0	3650	0	0	0	0	40	19	0	92	40	0	106	0	0	0	0	0	0	0	0	0	0	0	0	0	0	0	0	0	18	0	28	0	0	0	0	0	0	0	0	0	0	0	0	0	0	515	0	0	0	0	21	0	0	0	128	0	0	91	0	483	53	0	0	0	0	0	0	21	0	0	0	0	5	0	0	55	0	20	54	47	9	286	0	13	326	17	0	0	0	0	15	16	14	0	0	0	0	0	0	0	0	17	0	0	11	0	0	0	0	0	0	26	21	0	0	0	133	0	0	0	0	0	0	0	0	606	0	0	0	0	0	121	0	637	0	11	0	0	0	0	0	0	0	0	0	0	0	0	0	0	0	308	221	0	0	545	0	115	0	0	160	524	65	567	64	10	0	0	0	0	0	22	0	0	0	0	20	28	0	0	0	33	0	0	55	0	0	53	200	0	0	0	0	0	0	0	0	0	0	0	0	57	58	349	0	2939	0	104	72	26	0	0	0	0	0	0	0	0	0	0	0	0	0	0	0	47	0	0	0	198	0	0	0	0	0	0	0	0	0	0	0	0	0	0	0	0	0	0	0	0	0	0	0	0	0	0	107	0	17	0	0	0	0	0	0	8	0	0	0	0	0	0	0	0	0	38	0	14	0	0	0	0	0	2803	0	160	0	0	107	0	0	0	6	0	0	0	0	0	0	0	87	444	119	185	0	34	152	0	759	572	0	0	0	0	0	0	0	24	0	0	0	0	0	0	9	0	12	0	0	0	0	0	0	0	0	0	0	0	6	0	0	20	212	60	980	51	2136	590	953	0	0	0	422	0	136	0	0	0	0	0	0	0	0	0	0	0	0	0	39	0	0	0	0	0	0	0	0	0	10	0	0	0	0	0	0	0	0	0	0	0	0	0	0	31	0	0	0	0	0	0	0	0	0	98	0	0	0	0	0	0	0	0	0	0	0	0	0	0	0	0	0	0	0	0	0	0	0	0	0	14	0	0	0	0	0	0	22	0	0	0	0	0	0	28	0	1037	0	0	13	0	0	0	0	0	0	22	0	0	0	0	22	0	0	0	0	0	0	0	0	0	0	0	0	0	0	0	0	0	0	0	0	0	0	0	28	0	0	0	0	0	0	0	0	21	496	30	0	16	0	0	0	0	0	0	0	0	0	0	49	89	49	0	0	0	0	0	0	0	0	0	0	41	0	0	0	0	0	0	0	0	0	0	11	0	0	5	0	0	0	0	0	0	0	0	0	0	0	0	0	0	0	20	0	0	0	0	0	0	0	0	0	56	0	0	24	0	0	0	0	0	0	0	0	0	0	36	0	0	0	0	0	0	0	0	45	0	0	0	0	0	0	0	0	0	0	423	0	0	0	0	0	20	49	0	0	16	0	0	9	0	0	0	0	0	0	0	0	0	0	0	0	0	0	0	0	0	0	0	0	0	0	53	0	10	0	0	13	0	0	56	0	0	0	0	0	0	0	0	0	0	0	0	0	0	0	0	0	0	0	0	0	0	0	0	0	0	37	0	136	0	0	0	0	0	0	0	0	0	0	0	0	0	0	0	0	0	0	118	0	69	0	0	0	0	0	0	0	0	52	0	56	969	0	54	23	0	0	0	0	19	0	0	94	0	0	0	184	0	0	0	0	0	0	0	0	0	0	0	0	0	0	0	0	0	0	0	0	0	0	0	429	0	68	0	0	0	0	0	0	0	0	0	0	0	0	0	0	0	0	0	0	0	0	0	0	0	0	0	0	0	0	201	0	257	0	1385	0	3328	0	0	1070	0	0	0	0	0	0	0	0	0	0	0	0	0	0	0	0	0	0	0	0	176	90	0	0	0	0	0	0	0	0	0	27	0	0	0	0	0	0	0	21	0	0	0	0	0	0	0	0	14	18	0	0	0	0	0	360	67	0	0	0	100	187	0	0	0	39	103	21	0	0	0	0	0	0	15	0	0	0	11	0	0	27	0	0	0	0	0	0	0	0	0	0	0	0	0	0	177	0	0	0	2039	0	0	0	0	64	0	39	25	0	18	9	0	0	0	28	0	0	0	0	0	0	0	0	0	0	868	0	666	1520	44	1254	181	0	0	67	20	35	0	0	0	56	0	0	13	49	0	0	0	0	134	0	0	1393	0	0	0	47	6	0	5	0	11	0	130	0	0	0	0	0	0	0	0	630	12	0	0	1606	86	330	524	868	44	0	203	0	0	0	0	0	0	0	0	0	0	0	0	20	0	0	60	0	0	0	0	0	0	0	0	0	0	0	0	0	0	0	0	0	0	0	0	0	8	0	0	0	0	0	0	0	0	0	0	16	0	0	0	0	0	0	0	0	0	0	0	0	10	0	0	0	0	0	0	0	0	0	0	0	0	0	0	22	0	0	0	0	20	0	0	0	0	0	0	0	0	0	0	0	0	0	0	0	0	0	0	0	0	0	0	0	0	0	0	0	0	0	0	0	0	0	0	0	0	12	0	0	0	0	0	0	0	0	0	0	234	0	0	54	0	0	0	7	0	0	0	0	0	5	0	38	0	0	0	0	0	0	4	0	51	0	0	0	0	0	0	19	0	0	0	0	0	0
W1x1808	0	0	0	0	0	0	0	0	0	0	0	0	0	0	0	200	0	0	0	0	0	0	0	0	0	0	0	0	0	0	0	0	0	0	0	0	0	0	0	0	0	0	0	0	0	0	0	0	0	0	0	0	0	0	0	0	0	140	0	0	0	0	0	0	0	0	0	0	0	0	0	0	0	0	0	0	0	0	0	0	0	0	0	0	0	0	0	0	0	0	0	125	0	43	0	0	0	0	0	0	0	0	0	0	0	0	0	0	0	0	0	0	0	0	0	0	45	0	0	0	0	0	0	0	0	19	0	0	96	0	0	0	0	0	0	0	0	0	0	0	0	0	0	0	0	0	0	0	12	0	0	0	0	0	0	0	0	0	0	0	0	0	0	0	0	24	0	0	0	0	0	0	0	21	0	0	0	45	0	0	10	0	0	0	0	10	0	0	0	0	0	0	0	0	0	29	0	0	0	0	15	384	561	191	498	0	0	0	0	0	0	0	0	0	0	0	0	0	0	0	0	0	0	0	0	0	0	0	0	0	0	0	9	0	0	0	6	98	0	0	0	0	0	0	0	0	0	0	0	0	56	0	25	111	173	0	0	0	0	0	0	0	0	0	0	0	0	0	0	0	0	26	0	0	0	32	0	255	260	0	509	217	47	338	44	0	0	0	0	0	0	0	0	0	0	0	9	0	0	0	0	0	0	0	105	0	89	0	238	0	0	0	0	0	0	0	0	101	0	0	0	0	0	264	289	426	1640	25	0	330	0	12	0	0	0	0	214	86	0	0	0	0	0	0	0	0	0	0	0	338	0	0	0	0	0	0	0	0	0	0	0	0	70	0	0	0	0	0	0	0	0	0	0	0	0	0	0	0	0	0	0	0	0	0	0	0	0	0	33	0	0	0	0	0	0	0	0	0	0	28	0	0	0	0	0	150	30	0	0	0	0	0	13	37	0	0	0	0	0	0	77	583	0	1794	0	80	0	4316	442	292	0	0	0	0	0	0	0	22	0	0	0	0	0	0	0	0	0	0	0	0	0	0	0	0	0	0	0	0	0	0	0	0	0	0	424	0	8387	1668	52	0	1650	0	2358	0	0	0	0	0	0	0	0	4	0	0	0	0	0	0	0	0	0	0	0	0	0	0	0	0	0	0	0	0	0	0	0	0	0	0	0	0	0	0	0	0	0	0	0	0	0	0	0	0	0	0	12	0	0	0	0	0	0	0	0	0	0	0	0	0	0	0	0	0	0	0	0	0	0	0	15	22	0	0	0	0	0	0	0	0	0	0	0	0	0	0	0	0	0	0	0	0	0	0	0	0	0	29	0	0	0	0	0	23	101	0	0	0	0	0	0	0	0	0	0	0	0	0	0	0	0	0	0	0	0	0	8	0	0	0	0	0	0	0	0	0	0	0	0	0	0	0	0	0	0	0	0	0	0	0	254	103	0	0	0	0	0	0	0	0	0	0	0	0	0	0	0	0	0	0	0	0	0	0	0	0	0	0	0	6	0	0	0	0	0	0	0	0	0	18	0	0	0	0	0	0	0	0	0	0	0	0	0	22	0	0	0	0	119	0	63	0	0	31	0	0	0	0	0	0	0	0	0	0	0	0	0	0	0	0	0	0	0	0	0	0	0	63	0	0	0	0	0	0	89	0	27	0	0	0	0	0	0	10	0	0	0	0	0	0	0	0	0	0	0	0	0	0	0	0	0	0	684	0	0	5	0	0	0	0	0	15	0	0	0	0	0	0	0	0	0	0	0	0	0	0	0	0	0	0	0	0	0	0	0	0	0	0	29	0	0	0	0	0	0	0	25	0	0	0	0	0	0	0	0	0	0	0	0	54	0	0	0	0	0	0	0	203	0	0	0	20	81	451	0	0	0	0	0	44	0	0	0	0	0	0	25	22	358	0	0	0	0	0	0	0	0	0	0	0	97	0	0	0	0	0	0	0	0	0	0	0	77	0	0	0	0	9	0	84	0	0	0	0	0	0	0	0	0	0	0	0	0	0	0	0	0	0	0	18	0	15	0	0	0	0	0	0	889	396	347	0	237	0	0	0	0	0	31	0	0	215	0	0	0	0	0	0	0	0	0	0	0	0	0	0	0	0	0	0	0	0	0	0	0	0	0	0	0	0	0	0	0	0	0	0	0	0	0	0	0	0	10	0	0	0	0	0	121	0	0	0	0	0	175	0	0	0	30	0	7	7	0	0	0	0	0	0	0	0	269	0	0	0	0	0	0	0	0	0	0	0	0	0	0	0	0	0	0	0	0	0	0	0	927	85	0	0	0	0	16	0	0	0	0	0	0	0	0	0	0	0	0	0	0	0	0	0	0	0	106	196	180	0	2236	0	836	510	0	0	0	0	0	0	0	0	0	0	0	0	0	0	0	0	0	0	311	0	0	0	0	0	0	0	0	0	0	80	0	0	0	0	28	0	0	0	678	0	0	0	613	7	0	0	0	431	14	27	0	0	0	0	0	0	0	0	0	0	0	0	0	0	0	0	0	0	0	0	0	5	0	0	0	13	0	0	0	0	0	0	0	0	0	0	0	0	0	0	0	0	0	0	0	0	0	0	0	0	0	0	0	0	0	0	0	0	0	0	0	63	0	0	0	0	0	0	0	0	0	0	0	0	0	0	0	0	0	0	0	0	0	0	0	0	0	0	0	0	0	0	0	0	0	0	0	0	0	0	0	0	0	0	0	0	0	0	0	0	0	0	0	0	0	0	0	0	0	0	0	0	5	0	0	0	0	0	0	30	0	25	0	0	0	0	0	32	0	0	0	27	10	0	0	0	0	0	0	0	0	0	0	0	0	0	0	84	0	0	40	0	0	0	0	0	0
W1x1809	0	0	0	38	33	0	0	0	0	0	0	0	0	0	145	0	0	66	0	0	98	0	0	0	33	0	0	10	63	0	33	0	0	0	0	0	0	0	0	0	0	213	117	0	21	179	31	0	0	0	0	0	0	0	0	0	0	0	183	0	24	0	0	24	0	0	0	0	0	0	0	0	0	0	42	0	7	0	0	0	0	0	43	0	37	14	0	0	0	0	0	17	0	0	0	30	445	0	0	0	0	0	0	24	20	101	0	37	0	0	0	0	62	0	8	0	0	0	11	0	119	258	0	0	0	32	0	380	19	414	0	0	0	0	0	0	67	0	0	0	18	0	0	0	0	0	0	13	0	31	0	0	0	0	0	36	0	109	142	0	7	0	0	0	941	0	0	0	998	0	0	0	0	0	0	0	0	0	0	13	13	39	6	0	0	0	0	0	8	0	0	0	0	0	0	0	0	45	129	1538	0	88	26	32	18	0	0	0	143	0	16	18	0	238	0	0	0	0	0	0	16	0	0	0	0	0	0	0	34	0	0	0	0	0	0	0	0	0	0	0	0	0	0	0	0	0	0	0	0	95	0	80	0	0	0	0	29	0	0	0	22	0	0	0	131	0	0	0	0	0	0	0	0	0	0	101	0	0	66	119	146	170	332	0	112	16	0	0	0	0	84	71	0	0	0	21	0	14	0	58	0	0	20	26	0	0	0	281	0	0	72	0	0	0	0	53	0	0	0	0	0	0	1022	115	32	84	0	0	0	160	0	0	131	0	0	0	0	0	17	0	0	0	0	0	1142	0	0	0	10	0	0	173	0	0	65	0	0	0	0	15	0	0	0	262	0	0	0	0	0	28	0	0	0	0	61	0	0	0	0	0	0	0	0	0	0	0	0	0	0	0	60	0	7	0	0	0	30	0	0	0	0	0	15	94	0	0	0	0	0	0	0	96	0	0	0	86	0	0	0	0	565	129	0	177	491	150	54	247	104	277	0	0	0	39	0	0	0	0	0	0	0	126	0	0	0	0	35	0	0	0	0	0	0	14	0	0	0	0	0	0	0	0	24	116	263	1303	615	538	294	289	236	332	164	0	0	0	0	0	0	0	72	0	0	0	16	0	0	0	0	0	0	0	95	0	0	0	0	299	0	0	0	0	0	0	0	6	0	0	58	85	149	0	0	91	0	0	31	0	0	0	0	12	0	0	0	0	130	0	0	106	0	108	0	0	0	57	0	0	16	20	0	0	0	0	37	0	0	0	0	0	50	0	0	0	0	0	0	0	29	0	24	0	0	0	0	8	98	0	122	0	0	72	26	0	132	0	0	0	0	0	0	0	0	0	0	0	61	0	0	0	0	191	0	0	21	0	0	0	0	0	0	60	0	0	0	59	0	45	0	0	0	0	0	0	0	55	0	5	27	17	0	13	0	0	0	41	0	27	28	0	0	0	619	0	19	0	0	0	0	0	0	0	0	0	0	0	0	0	62	0	0	0	0	51	0	70	107	0	0	0	0	218	0	207	24	0	0	0	0	0	0	0	0	100	0	86	11	0	0	0	0	17	0	0	37	0	0	0	53	0	0	105	0	0	299	0	0	0	580	0	0	0	0	0	0	0	8	0	0	0	0	0	0	35	0	0	0	0	67	0	0	0	0	0	0	0	0	0	0	0	0	0	0	0	0	0	23	0	0	0	0	0	0	0	0	0	0	0	0	0	0	0	0	13	1007	0	632	0	63	0	0	0	0	0	0	0	0	0	0	0	46	43	0	0	0	66	65	0	0	0	0	0	167	0	0	0	69	0	49	0	0	74	0	0	0	0	0	0	0	0	0	0	0	0	0	186	0	0	0	0	456	587	0	0	0	0	0	0	0	0	170	42	0	1963	0	0	0	75	101	53	215	0	0	0	30	0	0	0	0	63	0	69	0	64	0	0	124	0	0	0	247	0	0	0	0	0	0	0	24	0	0	0	0	120	0	0	0	0	0	0	0	0	0	31	0	22	0	0	0	0	0	127	0	0	0	0	0	0	109	0	0	280	54	23	29	0	350	132	0	128	215	0	44	0	0	376	0	0	0	0	0	0	0	0	24	0	16	0	0	0	0	0	21	0	0	0	0	0	0	345	0	184	370	0	41	0	12	0	0	0	0	0	0	0	0	0	33	82	22	179	0	0	0	0	0	0	0	168	19	0	13	0	37	0	0	0	62	159	0	0	0	37	0	0	0	23	0	419	0	0	0	0	146	0	0	31	58	0	108	0	46	0	0	0	40	0	0	35	0	0	0	0	118	93	0	0	0	0	0	7	0	0	103	0	0	0	0	0	890	0	33	45	0	0	0	0	111	739	353	585	1443	343	121	113	97	190	534	0	0	0	0	0	0	0	0	0	0	0	0	0	0	0	92	3207	0	0	0	0	362	63	0	70	0	19	650	80	0	0	0	553	0	0	0	0	149	64	122	92	68	2458	49	0	0	136	0	0	0	219	0	63	48	0	18	0	0	0	0	0	16	0	0	0	117	0	0	8	26	19	0	0	0	0	0	0	39	0	0	117	0	0	0	0	0	60	0	0	0	0	0	71	0	0	38	0	0	0	0	0	0	0	0	0	43	0	0	0	0	0	0	218	0	0	0	0	0	0	0	80	0	291	0	0	0	0	44	0	19	0	0	12	0	0	0	0	0	0	0	0	0	0	0	0	0	85	0	0	0	154	0	0	0	0	0	185	0	0	0	0	0	0	0	0	108	0	0	40	0	0	0	0	35	0	0	231	0	0	0	0	0	0	0	0	292	0	0	180	0	0	0	0	0	0	0	0	0	0	0	0	0	25	0	8	0	0	0	0	0	52	0	53	0	0	0
W1x1810	0	0	0	0	0	0	0	0	0	0	170	0	0	0	0	0	0	0	0	0	0	0	30	0	0	0	0	0	0	0	0	0	0	0	0	0	0	0	0	0	0	0	0	0	0	0	0	0	0	0	0	0	0	0	0	0	0	0	0	0	0	87	0	0	0	14	0	0	0	0	0	0	0	0	0	0	0	0	0	0	0	0	0	0	0	0	0	0	5	0	0	0	190	45	0	88	0	4	0	0	0	0	0	0	0	0	0	0	0	0	0	0	0	21	0	0	0	144	213	38	0	0	48	0	0	33	21	0	0	0	0	93	0	0	0	0	392	0	0	0	0	0	0	0	0	0	0	0	0	0	0	0	0	0	37	0	0	0	0	0	0	0	0	0	0	14	0	0	0	514	0	0	0	0	0	0	0	0	66	19	0	0	0	0	0	0	0	0	0	0	0	0	0	47	0	0	44	0	168	0	75	102	166	70	249	0	882	0	0	63	50	27	0	0	0	0	0	59	0	0	0	0	0	0	0	0	0	10	0	0	0	0	0	0	0	0	0	0	0	0	0	0	0	0	0	0	0	20	0	340	475	126	530	24	26	206	0	0	0	0	0	0	0	0	0	0	0	0	0	0	0	20	28	32	65	721	75	679	282	365	96	191	961	308	730	0	0	0	0	0	0	0	0	0	0	0	0	0	0	0	0	0	0	119	108	0	0	0	0	0	0	0	0	0	0	0	0	0	0	0	0	6	0	249	65	446	30	0	57	139	0	0	0	0	0	0	0	0	0	0	0	0	0	0	0	99	0	0	0	0	0	0	0	0	0	0	0	0	0	0	0	43	69	0	0	24	0	0	0	0	0	0	14	0	0	0	0	0	0	0	10	0	0	0	0	0	0	0	26	0	0	0	0	0	0	0	393	0	105	123	134	202	0	5	0	32	0	0	0	0	0	0	0	45	0	0	0	0	0	0	41	341	0	0	284	349	428	335	573	586	8	0	0	0	0	0	0	0	0	0	0	0	0	0	0	0	0	6	29	0	0	0	0	0	0	100	127	0	0	0	0	0	89	7	1982	0	4583	1656	3971	0	1809	1934	1306	0	0	0	0	0	0	0	0	0	0	0	0	0	0	0	9	0	0	0	0	0	0	0	0	0	16	0	0	0	0	0	0	0	0	0	0	0	0	0	0	0	0	0	0	0	0	0	0	0	0	0	0	0	0	0	0	0	0	0	0	0	0	0	0	0	0	0	0	0	0	0	0	0	0	0	9	0	0	0	0	0	42	0	0	0	0	0	29	76	0	9	0	0	0	0	0	0	0	0	0	0	0	0	0	0	0	0	0	0	0	0	0	0	0	0	0	0	0	0	0	0	0	0	0	0	0	0	0	0	0	0	0	0	0	0	12	0	4	0	0	0	0	0	0	0	0	0	0	0	0	0	0	0	0	0	0	50	0	0	0	104	0	0	0	0	0	0	7	0	0	0	0	0	0	0	0	0	0	0	0	0	0	0	0	0	0	0	0	0	0	0	0	0	23	0	0	0	0	0	0	0	0	0	0	0	0	0	0	8	0	17	0	0	0	0	0	0	34	0	0	29	0	35	0	5	0	0	0	0	0	11	0	0	0	0	0	0	0	0	0	0	0	53	0	0	0	0	0	0	0	0	0	0	0	0	0	0	0	0	0	0	0	0	0	0	0	0	0	0	0	0	0	0	0	0	0	0	0	40	0	0	0	0	0	0	0	62	0	0	0	0	0	0	0	0	0	0	0	0	0	0	0	0	0	0	0	0	0	0	0	0	0	0	0	67	143	0	0	0	0	0	0	0	0	0	0	0	0	0	0	0	0	0	0	0	0	0	0	0	0	0	0	38	0	0	0	0	26	54	0	0	0	0	0	127	0	0	439	0	0	0	319	50	138	0	0	0	0	0	0	0	0	0	0	0	0	0	0	0	0	0	0	0	0	0	0	0	96	0	0	0	0	41	0	35	0	0	0	0	0	0	0	0	0	0	0	0	0	0	0	0	0	26	24	0	0	0	0	0	458	665	0	611	0	444	0	63	146	0	0	0	0	0	0	0	0	0	0	31	0	0	0	0	0	0	0	0	194	793	0	19	0	0	0	0	0	0	0	0	0	0	0	0	0	0	0	2	0	0	0	0	0	0	0	0	0	0	6	0	0	0	88	0	0	235	942	0	643	0	1041	0	0	0	125	173	0	0	0	0	0	0	0	13	0	0	0	0	0	11	0	0	0	0	0	0	0	0	0	0	0	0	22	0	0	0	0	0	600	0	0	157	0	0	0	0	0	0	0	0	0	0	0	0	57	0	0	0	0	0	0	0	0	0	0	890	1661	1469	33	467	730	631	1525	216	0	0	31	0	0	0	0	0	0	0	0	0	0	0	0	0	128	0	0	70	0	0	27	0	0	0	0	183	0	167	0	0	0	0	0	154	0	0	0	91	0	378	562	45	647	1378	0	481	0	0	0	0	0	0	0	0	0	0	0	0	0	0	0	0	0	0	0	0	0	0	0	0	0	0	0	0	0	0	0	0	0	0	0	0	0	0	0	0	0	0	0	0	0	0	0	0	0	0	0	0	0	0	0	0	0	0	0	0	0	0	0	0	0	0	0	0	0	0	0	0	0	0	75	0	0	0	0	0	0	0	0	0	0	0	0	0	0	0	5	0	0	0	0	0	0	0	0	0	0	0	0	0	0	0	0	0	0	0	0	0	0	0	0	0	0	0	0	0	0	0	0	0	0	0	0	0	0	0	0	46	0	0	0	0	0	0	0	0	0	0	0	0	0	0	0	0	0	0	0	0	0	0	0	0	0	16	0	0	0	0	0	298	124	0	0	0	0
W1x1811	0	0	0	0	0	0	0	0	0	0	0	0	19	0	64	0	17	0	0	0	0	0	149	0	0	0	0	0	0	0	0	0	0	0	0	0	0	0	0	0	0	0	0	0	24	0	0	0	0	0	0	0	0	0	0	5	0	87	0	0	0	0	0	0	0	0	0	0	0	0	0	0	0	0	0	0	0	0	0	0	17	0	0	0	0	0	0	0	0	0	0	0	0	230	0	0	27	28	0	0	0	0	0	0	0	0	0	0	0	0	0	0	0	0	0	0	0	40	86	790	0	0	45	0	97	22	0	59	41	0	0	0	0	0	0	0	0	21	0	0	0	0	0	0	0	0	0	0	0	0	0	0	0	0	0	0	0	0	0	0	0	0	0	116	0	0	60	0	0	0	70	0	0	0	0	0	0	0	0	0	0	0	0	0	0	0	0	0	0	0	0	0	0	0	0	130	0	169	122	141	57	49	0	0	249	0	0	0	0	0	115	16	0	0	0	0	0	0	0	0	0	0	0	0	0	0	0	0	0	0	0	0	0	0	0	0	0	85	36	0	0	0	0	0	0	0	0	0	0	267	0	47	0	931	0	486	0	0	0	0	0	0	0	0	0	0	0	104	0	0	0	34	0	0	0	154	119	119	223	616	707	642	571	125	530	0	16	0	0	14	0	0	7	0	0	0	0	0	0	0	0	0	0	32	0	0	0	0	0	0	0	0	0	0	0	0	0	0	75	0	0	73	234	0	143	52	0	0	307	474	0	0	0	0	0	0	0	0	0	0	0	0	0	0	0	136	0	0	0	0	23	0	0	0	0	148	0	0	0	0	0	0	0	0	0	0	0	0	0	0	0	0	0	0	0	0	0	0	0	14	25	0	0	0	0	32	0	0	0	0	0	0	0	0	0	0	39	0	0	45	767	286	801	26	0	71	0	0	0	0	27	278	0	0	0	0	0	0	21	0	97	579	0	0	642	345	444	625	1642	123	115	0	0	25	0	0	0	0	0	42	0	0	0	0	0	0	0	0	0	0	0	0	0	0	76	0	0	0	0	0	0	47	0	48	215	120	1263	1324	4048	0	670	386	32	0	0	0	0	0	28	0	0	0	0	0	0	0	0	0	0	0	0	0	0	0	0	0	0	0	0	0	0	0	0	0	0	0	0	0	0	0	0	0	0	0	0	0	0	0	0	0	0	0	0	94	0	0	0	0	0	0	0	0	0	0	0	0	0	19	0	0	0	0	43	0	0	0	0	0	0	0	0	0	0	0	0	0	35	0	0	0	0	0	0	8	0	0	0	0	0	0	0	0	26	0	0	0	0	0	0	0	0	0	0	0	0	0	0	0	0	0	0	0	320	0	0	13	0	0	0	0	0	0	0	0	0	0	0	0	0	0	0	0	0	0	0	0	0	62	0	0	0	0	0	0	0	0	0	44	0	239	0	0	0	0	0	0	0	0	0	0	0	0	0	43	0	0	0	0	0	0	0	0	0	0	0	0	0	0	0	0	0	0	0	0	0	0	0	18	0	0	0	0	0	0	0	0	0	0	0	0	0	40	0	21	0	0	0	0	0	0	82	49	0	0	0	0	0	0	0	0	0	0	0	0	0	0	0	0	0	0	0	0	0	0	0	119	103	0	0	0	0	0	81	0	0	0	0	0	0	0	0	0	0	0	0	0	0	0	0	16	38	0	0	0	0	0	0	0	0	0	0	0	0	0	0	0	0	0	0	56	0	0	0	0	0	0	0	7	0	0	0	0	0	0	0	0	0	0	0	0	0	0	0	0	0	0	0	0	0	0	0	0	0	0	0	0	0	0	0	0	0	0	0	0	0	0	67	27	0	0	0	0	0	103	0	172	0	0	0	0	0	385	0	98	64	0	0	0	15	195	0	0	0	0	36	0	0	0	0	0	0	0	0	0	0	0	0	0	0	0	0	0	0	0	0	0	37	0	0	0	25	0	252	89	0	162	0	0	0	9	0	0	0	0	0	0	0	0	0	0	0	0	0	0	0	0	124	0	0	0	0	0	70	126	32	94	1433	0	0	15	62	0	0	15	0	0	0	0	0	0	0	0	0	0	0	0	0	0	0	0	0	24	0	31	0	18	0	0	39	0	0	10	0	0	0	0	0	0	0	0	0	0	0	0	0	0	0	0	0	20	0	0	0	0	18	0	0	61	87	0	0	148	0	0	0	0	184	0	0	0	0	83	0	0	0	0	43	0	149	0	0	57	21	0	0	0	0	0	0	0	0	0	46	0	57	0	0	0	0	0	0	0	0	0	0	0	0	65	0	0	293	0	20	0	0	0	47	92	0	0	0	0	0	0	0	0	0	5575	701	1552	1137	0	520	812	50	930	0	0	0	0	0	0	0	0	0	0	0	0	0	0	0	25	0	0	53	0	562	0	67	58	0	13	0	38	0	45	0	0	0	0	0	0	106	381	0	491	14	2422	372	176	209	0	2019	492	0	0	0	0	0	0	0	0	0	0	0	0	0	0	0	0	0	0	0	0	0	0	0	0	0	0	0	0	0	0	0	0	0	0	0	0	0	0	0	0	0	0	0	0	0	0	0	0	0	0	0	0	0	19	0	0	0	5	0	0	0	106	0	0	0	0	0	0	0	0	0	0	0	0	0	0	0	0	0	0	0	0	0	0	0	0	0	0	0	0	0	0	0	0	0	0	0	0	0	0	0	0	0	0	0	0	0	0	0	0	0	0	0	0	0	0	0	0	0	0	8	0	0	0	0	0	0	0	0	0	126	83	0	0	68	0	0	0	0	0	0	0	0	60	31	0	0	0	0	0	0	0	37	0	0	0	0	70	0	0	0	0	25	0	0	0	0	0	0
W1x1813	0	0	0	0	0	0	0	0	0	0	0	0	0	95	0	0	0	0	0	0	0	0	0	0	0	0	0	0	0	0	0	0	0	0	0	0	0	0	0	0	0	0	0	0	0	0	0	0	0	0	0	0	0	0	0	0	0	0	0	0	31	0	0	0	0	0	0	0	0	0	0	0	0	0	0	0	0	25	0	0	0	0	0	0	0	0	0	0	0	0	0	0	0	0	161	101	27	0	0	0	0	0	0	0	0	0	0	0	0	0	0	0	0	0	0	0	0	21	39	0	0	0	782	0	0	0	0	80	17	0	35	50	0	0	0	0	0	0	0	0	0	0	0	0	0	0	0	0	0	0	0	0	0	0	0	0	0	0	0	0	0	0	0	0	14	0	0	0	0	0	16	0	0	0	0	0	0	0	31	0	0	0	0	0	0	0	0	0	0	0	0	0	0	0	0	9	0	0	271	81	0	7	13	0	0	0	0	0	0	0	0	0	0	16	0	0	0	0	0	0	0	0	0	0	0	0	0	0	0	0	0	0	0	0	0	0	0	0	0	0	0	0	0	0	0	0	0	0	0	0	0	308	0	0	0	128	2798	0	0	0	0	0	0	0	0	0	0	0	0	0	0	0	0	0	0	0	58	278	38	403	0	262	49	0	44	0	0	0	0	0	0	0	0	0	0	0	0	0	0	0	0	0	195	308	250	0	0	56	0	0	0	0	0	0	0	0	0	0	0	0	494	290	0	71	0	0	0	473	0	57	0	0	0	156	0	0	0	0	0	0	0	0	0	0	0	100	0	85	276	0	0	0	0	0	0	0	0	117	0	0	0	46	34	0	0	0	0	0	0	0	0	0	0	0	0	0	0	0	0	0	0	0	0	0	0	0	0	0	0	0	0	0	0	0	0	0	48	0	0	0	0	0	0	104	0	0	0	0	0	0	0	0	0	28	0	0	52	0	0	0	172	50	0	1263	701	81	478	0	209	643	0	0	0	0	15	0	0	0	0	0	0	0	0	0	0	0	0	0	0	0	0	15	0	0	0	0	0	31	0	0	0	17	0	64	721	35116	207	1530	828	3482	1525	749	43	0	0	0	0	0	0	0	0	0	0	0	0	0	0	0	4	0	0	0	10	0	0	0	0	0	0	0	0	0	0	0	0	0	0	0	0	0	0	0	0	0	0	0	0	0	0	0	0	0	0	0	0	0	0	0	0	0	95	0	0	0	0	0	0	0	0	0	0	0	0	0	0	0	0	0	0	0	0	0	0	0	0	0	0	0	0	0	31	0	0	0	0	0	0	0	0	0	0	0	0	0	0	0	0	6	0	0	0	0	0	0	0	0	0	0	0	14	0	0	0	0	13	28	0	0	0	0	0	27	0	0	0	0	0	0	0	0	0	86	0	0	0	0	0	0	0	0	0	0	0	0	0	32	0	0	0	0	0	0	0	0	0	0	0	0	0	0	0	0	0	0	0	0	0	0	0	0	0	0	0	0	0	0	0	0	0	0	0	0	0	0	0	0	0	0	0	0	0	0	0	0	0	0	0	0	0	0	0	0	0	0	0	0	0	0	0	0	56	0	193	29	0	33	0	0	0	0	0	0	0	0	0	0	0	0	0	0	0	0	0	0	0	0	0	0	0	0	0	0	0	0	0	0	0	0	0	0	0	0	0	0	0	0	0	0	71	0	0	0	0	0	0	0	0	0	0	0	0	0	0	0	14	0	0	0	0	0	0	0	0	0	0	0	0	0	0	0	0	0	0	0	0	0	0	0	0	0	0	0	0	0	0	0	0	4	0	0	0	0	0	0	0	0	0	34	0	0	0	0	0	0	0	0	0	0	0	0	0	0	0	0	0	0	0	0	0	0	53	0	0	42	13	0	0	0	0	0	0	0	0	0	222	7	0	0	0	0	0	0	0	0	0	0	0	0	0	0	0	0	0	0	0	0	0	0	0	0	0	178	0	0	0	0	0	46	0	0	0	0	0	0	0	0	0	0	0	0	0	0	0	0	60	0	0	0	0	0	0	0	121	0	0	50	54	26	0	37	0	0	0	0	0	0	0	0	0	0	0	41	0	0	0	0	0	0	0	688	353	0	163	0	0	0	188	0	5	0	0	0	0	0	0	0	0	0	0	11	0	0	0	0	0	0	0	0	0	12	0	0	23	0	0	0	0	0	0	0	0	0	533	0	0	0	0	148	0	0	0	0	0	0	0	0	0	14	0	0	0	0	0	0	0	0	0	0	0	0	0	0	0	0	0	0	0	0	0	0	0	0	0	54	0	0	0	0	0	0	0	0	0	0	0	272	0	0	0	0	9	0	0	0	0	0	0	39	54	1060	372	525	30	504	294	0	2714	0	0	0	0	0	0	0	0	0	0	0	0	0	0	0	84	0	0	0	0	0	65	0	0	0	0	0	26	152	0	249	270	18	0	0	0	0	0	0	0	144	53	113	785	0	0	317	0	0	0	0	0	0	0	0	0	0	0	0	34	0	0	0	0	0	0	0	0	0	0	10	0	0	0	0	0	0	0	0	15	0	0	0	0	0	0	0	0	0	0	0	0	0	0	0	0	0	0	0	0	0	0	0	0	0	0	0	0	0	0	0	0	0	0	0	0	0	0	0	0	0	0	0	0	0	0	0	0	0	0	0	0	0	0	0	0	0	0	0	0	0	0	0	0	0	0	0	0	0	0	0	0	0	0	0	0	0	0	0	0	0	0	0	0	0	0	0	0	0	0	0	0	15	0	0	0	0	0	0	0	0	0	0	0	0	23	0	0	0	0	0	0	0	0	0	0	0	0	0	0	0	0	50	0	0	0	0	0	0	0	0	0	0	0	0	0
W1x1814	0	0	0	0	0	0	0	0	0	0	0	0	0	0	0	0	25	0	0	0	0	0	0	0	0	0	0	0	0	3	0	0	0	0	0	0	0	0	0	0	0	0	0	0	0	0	0	0	0	0	0	0	0	0	0	0	0	0	0	12	0	0	0	0	0	0	0	0	8	0	0	0	0	0	0	0	0	0	0	0	0	0	0	0	0	0	0	0	0	0	0	14	0	43	0	38	0	0	0	0	0	0	0	0	0	0	0	0	0	0	0	0	0	19	0	0	0	0	85	0	0	0	39	0	0	19	38	0	0	0	0	0	0	0	0	0	0	0	0	0	0	0	0	0	0	0	0	0	0	0	0	0	0	0	0	0	0	0	0	0	0	0	0	0	0	0	0	0	0	0	0	126	0	0	0	0	0	0	33	119	0	0	0	0	0	0	0	0	0	12	0	0	0	0	0	0	19	0	0	0	0	44	221	115	153	0	0	0	0	0	0	0	6	0	0	0	0	0	0	16	0	0	0	0	0	0	0	0	0	0	0	0	0	0	0	0	0	0	0	0	0	0	0	0	0	0	0	0	0	120	0	94	9	291	0	389	0	0	0	0	0	0	0	0	0	0	0	0	0	0	0	0	0	0	8	2263	64	237	149	70	336	436	15	90	0	0	0	0	39	0	0	0	0	0	0	0	0	0	0	0	0	0	0	124	50	0	27	0	0	0	0	0	0	0	0	0	0	0	0	0	621	30	41	113	215	675	0	373	0	97	64	0	0	0	0	8	0	0	0	0	0	0	0	0	0	61	0	0	0	98	0	0	0	13	0	0	0	0	0	0	0	0	0	0	68	0	0	0	0	0	0	0	0	0	0	9	0	0	0	0	0	0	0	0	0	0	0	0	15	0	0	0	26	0	0	0	39	0	0	0	54	0	88	0	0	47	0	0	0	0	1045	0	0	25	0	0	0	0	0	0	0	1594	1573	1025	69	113	177	0	266	160	0	0	0	0	0	0	0	6	0	0	0	0	0	0	0	0	0	0	0	11	0	5	0	0	0	0	0	0	0	0	0	48	37	0	265	16	11734	906	2051	0	2437	3934	566	0	0	0	0	0	5	0	0	0	0	0	0	0	0	0	0	0	0	0	0	0	0	0	0	0	12	597	0	0	0	0	0	0	0	0	0	0	0	0	0	0	0	0	0	0	0	0	0	0	0	0	0	0	0	0	0	0	0	0	0	0	0	0	0	0	0	0	0	0	0	0	0	0	0	0	0	0	0	0	0	0	0	0	0	0	0	0	23	0	0	43	0	0	0	0	0	0	0	0	0	0	0	0	0	0	0	0	0	0	0	0	0	0	0	0	0	0	0	0	0	0	0	0	0	0	0	0	0	0	0	0	0	0	0	0	0	0	12	0	0	0	4	0	0	117	0	0	0	0	0	0	0	0	0	0	43	43	0	0	0	0	0	22	0	9	0	0	0	9	0	0	0	0	0	0	0	0	0	0	0	0	0	0	0	0	0	0	0	0	0	0	0	0	0	0	0	0	0	0	0	0	0	0	0	0	0	0	0	11	0	17	0	0	0	0	110	0	37	0	0	0	0	26	0	0	0	0	0	0	0	0	0	0	0	0	0	0	0	0	0	0	0	23	0	0	0	0	0	0	0	463	0	0	0	0	0	0	0	0	6	0	0	0	0	0	0	0	0	0	0	0	0	0	0	0	0	0	291	0	0	20	0	0	5	0	0	0	0	0	0	0	0	0	0	0	0	0	0	0	0	0	0	0	0	0	0	9	94	0	0	0	0	0	0	0	0	0	0	0	0	0	30	0	0	0	0	0	0	0	0	0	0	0	0	0	0	0	0	0	0	0	0	0	0	0	0	0	47	59	0	0	0	0	0	0	26	0	146	0	0	0	73	0	86	0	0	0	0	0	0	0	144	0	0	0	0	0	0	0	0	0	0	0	0	0	0	0	22	0	0	23	0	101	0	7	0	0	0	0	0	0	0	0	0	9	0	0	0	0	0	0	0	0	23	0	0	0	0	0	276	0	0	221	0	134	305	151	399	0	4	0	0	0	0	0	0	0	0	0	0	0	0	0	0	0	0	0	0	158	61	0	0	0	0	0	0	0	0	4	0	0	0	35	0	0	0	0	0	0	0	0	8	0	0	0	0	0	0	0	13	0	0	0	0	118	0	0	0	0	492	0	0	0	0	96	0	8	0	0	0	0	0	0	0	0	375	0	0	0	0	0	0	0	0	0	0	0	0	0	151	0	0	0	0	0	7	0	117	382	0	64	0	0	0	0	0	0	0	0	0	0	78	0	0	0	0	0	0	0	0	0	0	0	0	437	48	396	21	0	0	2362	2091	97	0	0	0	0	0	0	0	0	0	0	0	0	0	0	0	0	41	0	1030	0	0	0	0	0	0	0	0	0	0	68	9	0	0	0	0	85	0	0	383	0	0	0	470	22	0	0	0	259	0	0	0	0	0	0	0	0	0	0	0	0	0	0	0	0	0	0	0	0	0	0	0	0	0	0	0	0	0	0	0	0	0	0	0	0	0	0	0	0	0	0	0	91	0	0	0	0	0	0	0	0	0	0	0	0	0	0	0	0	0	0	0	23	0	0	0	0	0	0	39	0	0	0	0	0	0	0	0	0	0	0	0	0	0	0	0	0	0	0	3	0	0	0	0	0	0	0	0	0	0	0	0	0	0	0	0	0	0	0	0	0	0	0	0	0	0	0	0	0	0	0	0	0	6	0	0	0	0	0	0	25	0	0	0	0	0	0	0	0	0	0	0	0	0	0	5	0	0	0	0	0	0	0	0	0	28	0	14	0	110	14	20	149	0	0	0	0	0
W1x1815	0	0	0	0	0	0	0	0	0	0	0	0	0	0	0	0	0	0	0	0	0	0	0	0	0	0	0	0	0	4	0	13	0	0	0	0	0	0	0	0	0	0	0	0	0	0	0	12	0	0	0	0	0	0	0	20	0	0	0	0	7	142	0	0	0	6	0	216	0	0	0	0	0	0	0	0	0	0	0	5	0	0	0	0	0	0	0	0	0	0	0	0	0	42	0	25	0	95	0	45	0	0	0	0	0	0	0	0	0	0	0	0	0	0	0	7	0	212	46	0	0	0	0	0	65	0	38	0	0	0	0	43	0	0	0	0	0	0	0	0	0	0	0	11	0	0	0	0	0	0	0	0	0	0	0	0	0	0	0	0	0	0	0	0	0	0	0	0	0	0	27	0	0	0	0	0	0	0	42	14	0	0	0	0	0	0	0	0	0	0	0	0	40	0	0	0	75	258	96	12	0	130	92	24	260	0	0	0	0	88	56	65	64	0	0	99	0	0	0	0	0	0	27	0	0	0	0	0	0	0	0	0	0	0	0	0	0	0	0	0	0	0	0	0	0	0	0	0	97	249	0	117	140	0	108	273	0	0	0	0	0	0	0	0	0	0	0	0	0	0	0	0	0	0	0	409	854	226	0	288	0	95	336	313	1448	0	0	0	0	0	0	0	0	0	0	0	0	0	0	0	0	0	0	34	49	246	0	0	314	0	0	0	0	0	0	0	0	0	0	0	0	0	0	154	60	0	0	0	133	473	0	0	0	162	0	156	0	0	0	0	0	3	0	124	0	61	0	102	0	0	216	0	0	0	0	0	0	0	36	179	0	35	0	0	0	176	0	0	0	0	0	0	0	0	0	0	0	0	0	0	0	0	0	146	0	0	0	0	0	0	16	0	0	0	0	0	112	140	0	118	56	140	10	0	0	0	0	0	0	0	0	0	0	0	0	21	0	0	0	0	6	294	150	346	197	701	525	647	482	193	0	0	0	0	64	0	0	0	0	0	12	0	0	0	6	0	0	0	0	0	0	0	0	0	0	0	0	0	0	0	0	199	265	19	1410	7	1746	719	913	0	1436	683	189	0	0	0	0	0	0	0	0	0	0	0	0	0	0	0	0	0	0	0	0	0	0	0	0	0	21	0	0	0	0	0	0	0	0	9	0	0	0	11	0	0	0	0	0	0	0	0	0	0	0	5	0	0	0	0	11	0	0	0	0	0	0	0	0	0	0	0	0	0	0	0	0	0	0	0	0	0	0	0	0	0	0	0	0	0	0	0	75	62	0	66	0	0	0	0	0	0	0	0	0	57	0	12	0	0	0	0	0	0	0	0	0	0	0	0	0	0	48	0	627	681	12	0	0	0	0	263	0	0	0	0	0	0	48	0	23	0	0	0	0	0	0	0	0	7	0	0	0	0	0	0	0	74	0	0	0	0	240	0	0	178	0	1184	0	0	0	0	0	0	0	0	0	0	0	0	0	0	18	0	0	0	0	0	0	0	31	0	0	0	0	0	0	0	0	0	0	0	0	0	0	0	0	0	0	0	0	0	31	11	0	76	0	0	0	0	0	0	0	0	0	0	0	64	0	0	0	13	0	0	0	0	0	0	0	0	0	0	0	0	0	0	0	31	0	0	0	0	0	0	0	0	0	0	0	0	0	0	0	0	0	0	0	0	0	0	0	0	164	0	0	0	0	0	0	0	0	0	0	26	0	0	0	0	0	703	0	0	0	0	0	0	0	0	0	0	0	0	0	0	40	0	0	0	0	0	104	0	0	0	0	0	0	0	0	251	0	0	0	0	378	0	0	0	0	0	0	0	0	0	0	0	0	0	0	0	0	55	0	0	0	0	260	0	0	0	0	0	0	33	0	0	339	0	0	67	26	544	0	71	0	0	0	441	116	0	0	0	0	0	0	0	0	0	0	0	0	0	0	0	0	0	0	0	0	0	0	0	17	0	0	0	0	36	0	64	0	0	0	0	0	0	0	0	0	0	0	0	0	0	0	0	0	0	0	0	0	0	0	0	147	0	0	348	0	112	0	99	0	0	0	0	0	0	0	0	0	0	0	0	0	0	0	0	0	0	0	0	167	0	9	205	0	0	0	0	159	0	0	0	0	0	0	0	0	0	0	0	0	0	0	0	0	0	0	0	0	0	10	83	11	342	0	0	0	182	71	0	0	680	32	0	0	0	137	58	0	0	0	0	18	0	0	0	0	0	0	129	0	17	0	0	0	0	0	49	0	0	0	0	0	0	124	0	3540	71	0	0	329	132	0	38	0	0	0	0	0	0	0	0	0	0	206	0	0	0	0	175	0	0	0	25	0	0	0	1360	857	550	653	840	551	1070	421	297	0	0	13	8	0	0	0	0	0	0	0	0	12	0	0	0	0	0	0	0	0	0	18	82	9	0	0	391	0	123	0	0	0	0	0	0	0	0	0	983	0	296	279	0	275	195	0	41	0	0	0	0	86	0	0	0	0	0	0	40	45	0	0	0	0	0	0	0	0	0	0	0	0	0	0	0	0	0	0	0	0	0	0	0	0	0	0	0	0	0	0	0	0	0	0	0	0	0	0	0	0	0	0	0	0	0	0	33	0	0	0	0	0	0	0	0	0	0	0	0	0	0	0	0	0	0	0	0	0	0	0	0	0	0	0	0	0	0	0	0	0	0	0	0	0	0	0	0	0	112	0	0	0	0	0	0	0	0	0	0	0	0	0	15	0	0	0	0	0	0	0	0	0	0	0	0	0	0	0	0	0	0	0	109	0	0	0	0	0	0	0	0	0	0	0	0	0	0	0	82	0	0	0	0	0	158	0	0	0	0	13	0	0	0	0	0	0
W1x1816	0	0	0	0	0	0	0	0	0	0	0	0	0	0	0	0	0	0	0	0	0	0	0	0	0	0	0	0	0	0	0	0	0	0	0	0	0	0	0	0	0	0	0	0	0	0	0	0	0	0	0	0	0	0	0	0	0	0	0	0	0	0	0	0	0	0	0	0	0	0	0	0	0	0	0	0	0	0	0	0	0	0	0	0	0	0	0	0	0	0	0	124	762	0	0	0	0	0	0	0	0	0	0	0	0	0	0	0	0	0	0	0	0	7	0	0	0	0	102	0	0	0	59	0	0	262	7	8	0	0	0	28	0	0	0	0	0	0	0	0	0	0	0	0	0	0	0	0	0	0	0	0	0	0	0	0	0	0	0	0	0	0	0	0	0	0	0	0	0	0	0	0	0	0	0	0	0	0	0	0	0	0	0	0	0	0	0	0	0	0	0	0	0	0	0	0	0	0	0	0	0	308	0	0	16	0	0	0	0	0	0	0	0	3	0	0	0	0	0	0	0	0	0	0	0	0	0	0	0	0	0	0	0	0	0	0	0	0	0	0	0	0	0	0	0	0	0	0	0	0	0	264	0	0	0	67	0	0	0	0	0	0	0	0	0	0	0	0	0	236	0	23	0	0	0	126	0	363	0	1197	0	489	0	0	2	0	0	0	0	0	0	0	0	0	0	0	0	0	0	0	0	0	0	0	0	0	144	0	0	0	0	0	0	0	0	0	0	0	0	0	144	1243	0	345	0	26	1482	42	0	207	0	0	0	40	212	0	0	0	0	0	0	0	0	0	0	126	0	0	0	0	0	0	0	0	0	0	0	0	0	0	0	0	0	0	0	0	0	0	0	0	0	0	10	0	0	0	0	0	0	0	0	0	32	0	0	0	0	0	24	0	0	0	0	0	0	0	25	0	0	0	0	0	0	0	0	208	0	0	0	0	0	0	0	0	0	0	0	0	0	0	1159	85	0	170	484	7	844	82	552	1025	0	0	0	0	0	0	0	0	0	0	0	0	0	0	0	0	0	0	0	0	0	10	0	0	0	0	0	0	0	0	0	0	199	25	2255	0	364	6053	8077	0	1388	1048	23	0	0	0	0	0	0	0	0	4	0	0	0	0	0	0	18	0	0	0	0	0	0	0	0	0	9	0	0	0	0	0	0	0	0	0	0	0	0	0	0	0	0	0	0	0	0	0	0	0	0	0	0	0	0	0	0	0	0	0	0	0	0	0	0	0	0	0	0	0	5	0	0	0	0	0	0	0	0	0	0	0	0	0	0	0	0	0	0	0	0	19	0	0	0	0	0	0	0	0	0	0	0	8	0	0	0	0	0	0	0	0	0	0	0	0	0	0	0	0	0	0	0	0	0	0	0	0	0	0	0	0	0	0	0	0	0	0	0	0	0	0	0	0	0	0	0	0	0	0	0	0	0	0	0	0	52	0	0	0	0	0	0	0	0	0	0	0	0	0	0	0	0	0	0	0	0	0	0	0	0	0	0	0	0	0	0	0	0	0	0	0	0	67	0	0	0	0	0	0	0	0	0	0	0	0	0	0	0	0	0	11	0	0	0	0	0	0	78	0	0	0	0	0	0	0	7	0	0	0	0	0	30	32	0	0	0	0	0	6	0	0	0	0	0	0	0	0	0	0	114	0	0	0	0	0	0	0	0	0	16	0	0	0	0	0	0	0	0	0	0	0	0	0	0	0	0	0	0	0	0	0	0	0	0	0	0	0	0	0	0	0	0	0	0	0	0	0	0	0	0	0	0	0	0	0	0	0	0	0	0	0	0	0	0	0	0	0	0	0	0	0	0	0	0	0	0	57	0	0	0	0	0	0	0	0	0	0	0	0	0	97	0	0	0	0	0	0	441	0	0	0	0	0	0	0	0	0	0	0	0	0	425	0	0	0	0	0	0	0	0	0	0	0	0	0	0	0	0	0	0	0	0	0	7	0	0	0	0	0	0	0	0	0	0	27	0	0	0	0	0	0	0	0	0	0	0	0	0	0	0	0	0	0	0	0	0	0	0	0	89	22	0	155	27	0	0	0	0	0	0	0	0	0	0	0	0	0	0	0	0	0	0	0	0	0	203	0	0	36	0	0	0	0	0	0	0	0	0	0	0	0	0	0	0	7	0	0	0	0	0	9	0	0	0	0	0	0	0	0	0	0	0	0	0	860	0	0	0	0	0	0	0	0	0	260	0	0	0	0	0	0	0	0	0	0	0	0	0	0	0	0	0	0	0	0	0	0	0	0	0	0	0	0	0	0	0	0	229	0	0	234	0	0	0	0	16	0	0	0	0	0	0	0	0	0	0	0	0	0	0	0	0	0	0	0	0	725	72	941	0	2018	553	701	0	0	0	0	0	0	0	0	0	0	0	0	0	0	0	0	215	0	0	0	0	0	0	0	0	0	0	0	0	196	0	0	0	0	0	0	0	301	0	0	0	195	16	0	531	195	69	1868	0	0	0	0	0	0	0	0	0	0	0	0	77	0	67	0	0	0	0	0	0	0	0	0	0	0	0	0	0	0	0	0	41	0	0	0	0	0	0	0	0	0	0	0	0	0	0	12	0	0	0	0	0	4	0	0	0	0	0	0	0	0	0	0	234	0	0	0	0	0	0	0	0	0	0	0	0	0	0	0	0	0	0	0	0	0	0	0	0	0	6	0	0	0	0	0	0	0	0	0	0	0	0	0	0	0	0	0	0	0	0	0	0	0	0	0	0	0	0	0	0	0	0	0	0	0	0	0	0	0	0	19	0	0	0	0	0	0	0	0	0	0	0	0	0	0	0	0	0	0	0	0	0	0	0	0	0	0	210	0	0	0	0	0	0	0	0	179	0
W1x1817	0	13	0	0	0	0	0	0	0	0	0	0	0	0	0	0	0	0	0	0	0	0	0	0	0	0	0	0	0	0	0	0	0	0	0	0	0	0	0	0	0	0	0	0	0	0	0	0	0	0	0	0	0	0	0	0	0	0	0	0	3	0	0	0	0	15	0	0	0	0	0	0	0	0	0	0	0	0	0	0	0	0	0	0	0	0	0	0	12	0	0	0	0	0	0	0	0	0	0	34	0	0	11	0	0	0	0	0	0	0	0	0	0	0	0	0	15	3204	47	0	0	0	50	0	6	22	0	0	0	31	0	18	0	0	0	0	0	0	0	0	0	0	0	0	0	0	0	0	0	0	0	0	0	0	0	0	0	0	0	0	0	0	0	0	0	0	0	0	0	0	61	0	0	0	0	0	0	0	20	0	0	0	0	0	0	0	0	0	0	75	0	0	0	0	0	0	0	141	0	31	0	0	27	0	109	567	0	0	0	0	50	14	0	0	376	0	0	0	31	0	0	0	0	0	0	0	0	0	0	0	0	0	0	0	52	0	0	0	0	0	0	0	0	0	0	0	0	0	0	0	0	151	9	0	31	23	1992	0	0	0	5	0	0	0	0	0	0	0	0	0	70	0	0	23	0	52	90	309	0	104	758	312	79	0	0	0	0	0	0	0	0	0	0	0	0	0	0	0	0	0	0	0	0	124	0	0	0	0	0	0	0	0	0	0	0	0	0	0	0	0	571	0	304	113	32	5	0	0	0	23	0	0	0	0	0	0	0	0	0	0	0	0	0	0	0	42	0	48	271	0	0	0	0	0	0	0	0	0	43	0	0	0	0	16	0	0	0	23	0	0	0	0	0	0	0	0	0	0	0	0	0	0	0	0	0	0	0	0	45	0	0	0	0	0	58	0	195	22	0	0	29	104	18	0	1334	0	0	0	0	0	0	0	0	24	0	0	0	0	71	0	69	1258	0	122	919	1374	133	80	53	487	0	0	0	0	0	0	0	0	0	0	0	0	0	0	0	0	0	0	0	0	0	0	0	0	0	0	0	0	0	0	0	304	99	251	431	3730	1756	1137	1283	15422	1038	563	348	0	0	0	0	0	0	0	0	0	0	0	0	0	0	0	0	0	29	0	0	0	0	0	0	0	8	0	0	0	0	0	0	0	0	0	0	0	0	0	0	0	0	0	0	0	0	0	0	0	0	9	0	0	0	0	0	0	0	0	0	0	0	0	0	0	0	0	0	0	0	0	0	0	4	0	0	0	0	0	0	0	0	0	0	0	0	0	0	0	0	18	0	0	0	0	0	0	0	0	0	0	0	0	0	0	0	0	0	0	0	0	0	0	0	0	0	0	42	0	0	0	11	0	0	0	0	0	0	0	0	0	0	0	0	0	0	0	0	0	0	0	0	0	0	15	0	0	0	0	0	0	0	51	0	0	354	57	0	0	0	0	0	0	108	0	0	0	0	0	0	0	0	0	0	0	6	0	0	0	0	0	0	0	0	0	0	0	0	0	0	0	0	0	0	0	0	0	0	0	0	0	0	0	0	0	0	0	0	0	0	11	0	0	0	0	0	0	56	0	0	18	0	0	0	0	0	0	0	0	0	0	0	0	0	0	0	0	0	0	0	0	0	0	0	250	0	0	0	428	26	0	0	0	0	0	0	0	0	0	0	0	0	0	0	0	0	0	0	0	0	0	0	0	106	0	0	0	0	0	0	301	0	0	0	0	0	0	0	0	0	0	0	0	0	0	0	0	0	0	0	0	0	0	0	27	0	0	0	0	0	0	0	0	0	0	0	28	0	0	0	0	0	0	0	0	0	0	0	0	0	0	0	0	0	0	0	35	0	0	15	109	0	0	0	0	0	0	24	28	33	57	0	0	0	130	0	33	0	0	0	0	112	0	0	0	0	0	0	0	0	0	0	0	0	0	0	0	0	0	7	0	0	0	0	0	0	0	0	0	0	0	0	0	0	48	0	0	0	0	0	0	0	0	0	0	0	0	0	0	0	0	0	0	0	0	0	0	57	0	59	0	0	320	0	0	0	547	38	0	0	0	0	0	0	11	0	0	0	0	0	0	0	0	0	0	0	124	159	0	0	0	0	0	0	0	0	0	0	0	0	0	0	0	0	0	0	0	0	5	0	0	0	0	0	0	0	0	10	0	0	0	0	0	0	157	14	0	0	461	317	0	0	0	165	205	0	0	0	0	0	0	0	0	0	0	0	0	60	17	0	0	0	0	0	0	0	0	0	0	0	0	39	801	71	0	0	0	38	0	166	11	0	0	0	0	0	0	0	0	0	0	0	0	36	0	0	0	0	0	0	0	0	0	19	425	692	526	50	88	0	73	58	0	0	0	14	0	0	0	0	13	0	0	0	0	4	0	0	0	0	0	0	0	0	0	7	48	38	0	0	10	0	121	0	0	0	5	0	0	0	0	95	77	0	0	0	243	97	391	120	399	0	0	0	0	0	0	0	0	0	0	0	0	0	0	0	0	0	0	0	0	0	0	0	0	0	0	0	0	0	0	0	0	9	0	0	0	0	0	0	0	0	0	0	0	0	0	0	0	0	0	0	0	0	0	0	0	0	0	0	31	0	0	0	0	0	0	0	48	0	0	0	0	0	0	0	0	0	0	0	0	0	0	0	0	0	0	0	0	0	0	0	0	0	0	0	0	0	0	0	0	0	0	0	0	0	0	0	0	0	0	0	0	0	0	0	0	0	0	0	0	0	0	19	0	0	0	0	0	0	0	0	0	0	395	33	0	0	0	0	0	0	0	0	21	0	0	0	0	0	0	0	0	0	0	0	43	2	0	0	0	0	0	50	0	20	0	0	0	0
W1x1904	0	0	0	0	0	0	0	0	0	0	0	40	37	0	0	0	11	0	0	0	0	0	0	0	0	0	12	0	0	0	0	40	0	0	0	0	0	0	0	0	0	0	0	0	0	0	0	0	0	0	0	0	0	0	0	0	0	0	0	0	0	0	0	0	0	11	0	0	0	0	0	0	0	0	0	0	0	0	0	0	0	0	0	0	0	0	0	0	0	0	0	0	0	105	196	0	0	72	0	26	0	0	10	0	0	0	0	0	0	0	0	0	0	0	0	0	0	0	158	0	0	0	22	207	16	43	26	0	19	0	282	0	0	0	0	0	0	0	11	0	0	0	0	46	0	0	0	0	0	0	0	8	0	19	0	0	0	0	0	0	0	0	0	0	0	168	0	0	0	0	0	0	0	0	0	0	0	0	0	0	0	0	0	0	0	0	0	0	0	0	0	0	0	175	212	0	0	0	247	20	160	247	402	103	378	0	0	0	0	108	102	95	0	0	0	213	0	0	0	0	0	0	0	0	0	0	0	0	0	0	0	0	0	0	0	0	0	0	0	0	0	0	0	0	150	0	0	29	0	388	439	151	123	28	493	352	0	0	0	0	0	0	0	0	0	0	0	0	0	0	0	73	0	134	0	224	222	180	0	262	163	87	729	581	1356	0	0	0	0	0	0	0	0	0	0	0	0	0	0	27	0	0	0	30	39	0	0	0	0	0	0	0	0	0	0	0	0	0	112	0	244	121	0	185	56	13	0	0	999	144	0	0	0	0	0	0	0	0	0	0	0	0	0	195	0	108	0	435	221	0	0	417	0	0	0	0	0	0	0	0	0	27	49	0	0	251	0	0	0	0	0	0	32	0	0	0	0	0	0	0	0	0	0	0	0	0	0	66	0	0	0	89	0	75	0	0	0	16	0	162	125	218	0	0	627	11	10	0	0	0	0	0	0	35	0	0	61	0	23	0	329	1333	0	0	375	127	688	791	234	480	0	0	0	0	0	161	0	0	0	0	0	0	0	0	22	0	0	0	0	0	0	0	0	0	0	0	0	0	0	0	0	70	204	30	300	39	1807	1140	4418	1276	707	1683	1726	0	0	0	0	0	11	0	0	0	0	0	0	22	0	0	0	0	0	0	0	0	0	114	64	0	0	0	0	0	0	0	0	0	0	0	0	0	0	0	0	0	0	0	0	0	114	69	0	0	0	32	0	0	0	0	0	0	0	0	0	0	0	0	0	0	0	0	0	0	0	0	0	0	0	0	0	0	0	0	0	0	0	20	45	0	0	0	0	39	0	0	0	0	0	0	0	0	0	0	0	0	0	0	0	0	0	0	0	0	0	0	0	0	0	0	0	0	0	0	0	0	52	0	0	0	0	0	0	4	0	0	0	0	44	0	0	0	12	0	0	0	0	135	0	25	0	0	0	0	0	0	0	94	0	0	0	26	0	0	0	163	0	39	0	0	0	0	0	0	0	0	0	0	0	34	0	0	0	0	0	0	0	0	0	0	0	33	0	0	0	0	0	0	0	0	0	0	0	0	0	0	23	0	0	0	0	0	0	26	0	33	0	0	0	0	0	0	0	0	0	0	0	39	343	0	0	0	0	0	0	0	0	0	0	0	0	0	0	0	0	0	0	0	0	0	0	0	0	0	44	0	0	0	0	0	0	0	0	0	0	0	0	0	0	0	0	0	0	0	0	0	0	0	0	0	0	0	0	0	199	0	0	0	0	0	0	0	0	0	28	0	0	0	0	0	0	0	0	0	0	0	0	0	0	0	0	0	0	0	0	0	0	0	0	180	0	0	0	0	0	0	0	0	0	0	0	0	0	0	0	0	0	0	0	0	0	18	0	0	175	0	35	5	0	0	0	0	21	0	0	0	24	0	0	65	54	125	14	23	0	0	0	0	0	0	0	0	0	0	0	2	0	0	0	0	0	0	0	0	24	0	0	0	0	2	0	0	144	474	0	33	0	63	0	107	0	0	0	0	0	0	0	0	0	0	0	0	0	0	0	0	0	0	52	0	25	0	0	141	109	0	0	560	839	0	0	0	47	0	0	0	0	0	0	0	0	0	0	13	0	0	0	0	0	0	125	0	0	34	0	260	0	0	0	0	224	0	0	0	0	0	0	0	0	0	0	0	0	0	0	0	0	0	0	0	0	0	0	94	0	0	178	0	0	341	219	287	0	0	0	308	230	0	135	0	0	0	0	0	0	0	0	0	0	0	0	0	0	46	0	0	0	0	0	0	0	0	0	0	13	0	95	0	25	0	70	0	0	0	1359	15	16	0	0	0	0	0	0	0	0	0	0	140	37	0	11	0	0	0	0	7	0	0	0	347	4633	419	449	416	650	332	746	139	0	0	0	36	0	7	0	0	0	0	0	15	0	0	0	0	99	0	17	117	0	0	22	0	0	0	0	320	0	274	0	0	0	0	0	0	0	0	0	171	789	0	1399	37	495	0	0	270	0	0	0	0	0	0	0	0	0	0	0	0	27	0	11	0	0	0	0	0	0	0	0	0	0	0	0	0	0	0	0	0	0	0	0	0	21	0	0	0	0	0	0	0	0	0	0	0	0	0	0	0	0	0	0	0	0	0	0	32	0	0	0	0	0	0	0	0	0	0	0	0	0	0	0	0	0	0	0	0	0	0	0	0	0	0	27	0	0	0	0	0	0	0	0	0	0	0	0	0	0	0	0	0	0	0	0	0	0	0	0	0	0	0	0	151	0	0	0	0	0	0	0	0	0	0	0	0	0	0	0	22	0	170	211	36	0	0	0	0	0	0	0	0	16	39	0	0	116	0	0	0	0	0	0	0	0	122	0	0	0	0	0	140	0	0	0	0	0
W1x1907	0	0	0	0	0	0	0	0	0	0	0	0	0	0	0	0	0	0	0	0	0	0	0	0	0	0	0	0	0	0	19	0	0	0	0	0	0	0	0	0	0	0	0	0	0	0	0	0	0	0	0	0	0	0	0	0	0	0	0	0	368	0	0	0	0	11	0	0	0	0	0	0	0	0	10	0	0	0	0	0	0	7	0	0	22	0	0	0	22	0	0	0	0	0	0	0	0	0	0	0	0	0	6	0	0	0	0	0	0	0	0	0	32	0	6	0	0	0	467	3	44	57	80	0	12	89	123	97	0	102	0	204	0	0	0	0	28	0	0	0	0	0	0	0	0	0	0	0	0	0	0	0	0	0	0	0	0	0	0	0	0	78	0	33	24	0	0	0	0	0	0	0	0	0	0	32	0	0	54	0	0	0	0	0	0	0	0	0	0	0	0	0	0	0	0	0	0	17	245	265	0	0	202	363	68	0	0	0	478	0	0	12	0	72	0	0	0	0	0	0	0	0	0	0	0	0	0	5	0	0	0	0	0	0	0	0	0	0	0	0	0	0	0	0	0	0	0	0	0	828	0	191	0	240	101	661	37	0	0	0	0	0	0	0	0	0	0	0	0	0	0	0	0	0	0	70	18	254	223	366	278	297	0	843	0	0	0	0	0	0	0	23	0	0	0	0	0	0	0	0	0	0	0	61	244	0	0	71	0	0	0	0	0	0	0	22	0	0	0	0	0	0	179	370	0	257	0	0	0	637	0	0	0	0	0	0	0	0	0	0	0	0	0	0	4323	0	0	0	22	0	650	23	0	0	0	0	0	40	0	0	0	27	0	0	0	0	0	0	0	0	0	0	0	0	0	0	0	0	0	0	0	0	0	0	0	0	0	0	0	0	36	0	0	0	0	0	95	0	0	0	0	135	3	360	13	16	0	0	0	0	0	0	57	32	0	0	0	0	15	0	164	564	228	547	563	52	635	0	1211	373	0	0	0	0	0	0	0	0	0	0	0	0	0	0	0	0	0	0	0	0	0	0	0	0	0	0	0	0	202	0	0	0	0	258	2341	2566	348	1458	2916	213	2103	893	766	0	0	0	0	0	0	0	0	0	0	0	0	0	0	0	9	0	0	0	14	0	0	416	0	0	0	0	0	0	0	0	0	0	0	0	0	0	22	0	0	0	0	0	0	0	0	0	0	0	0	0	27	0	0	0	0	46	0	0	0	0	0	0	0	0	0	0	0	0	0	0	0	0	0	0	0	0	10	0	0	0	0	0	0	0	0	0	44	0	0	27	0	0	0	0	0	0	0	0	0	0	0	0	20	0	0	17	0	61	0	0	0	0	20	0	0	0	0	0	0	0	0	21	0	0	0	0	0	0	0	0	0	0	0	0	0	0	0	0	0	0	0	40	0	0	0	0	0	0	0	0	0	69	0	40	66	113	0	0	254	0	0	0	0	0	0	0	0	0	0	0	0	0	0	0	0	0	0	0	0	0	0	0	0	0	0	0	0	0	0	0	0	0	0	0	0	0	0	0	0	0	0	0	0	0	0	0	0	43	0	0	0	0	59	0	31	0	53	0	0	0	0	0	0	0	22	0	0	0	0	0	0	0	0	0	0	0	0	0	0	0	0	0	0	0	0	0	0	0	0	0	0	0	0	0	0	0	0	0	0	0	0	0	0	0	0	0	0	0	0	0	0	0	0	0	0	0	0	30	0	0	23	0	39	0	75	0	0	0	30	0	0	0	0	0	0	0	0	31	0	0	0	0	0	0	0	0	0	0	0	0	16	0	6	0	0	23	0	0	821	44	0	0	0	0	0	0	0	0	0	0	0	0	0	0	47	0	0	0	99	0	0	0	0	0	0	0	592	46	0	237	0	0	0	0	49	0	0	0	0	0	48	0	0	0	0	0	0	0	0	0	0	0	0	141	0	0	0	0	91	0	0	0	0	0	0	0	172	0	0	0	0	37	0	69	0	0	0	0	0	0	0	0	0	0	0	0	0	0	0	0	0	0	0	32	0	0	0	0	305	79	16	0	0	51	46	0	61	0	10	0	0	0	0	0	0	0	263	0	0	0	0	0	0	0	0	166	0	0	54	0	0	0	0	285	0	27	0	37	0	0	0	0	0	0	0	0	0	0	0	0	22	0	0	0	0	26	0	0	22	818	0	0	0	482	0	0	0	0	0	0	0	0	9	207	0	0	0	0	0	0	0	10	0	0	0	0	0	0	46	0	0	0	0	0	0	0	0	0	0	0	0	0	0	104	0	0	40	0	30	138	0	0	0	0	0	0	121	0	28	0	0	0	0	0	0	0	0	10	0	0	0	0	0	63	0	882	862	1888	7073	462	370	698	498	0	74	0	0	0	0	0	0	0	0	0	0	0	23	0	99	97	0	0	0	0	500	108	0	23	0	0	0	197	34	0	0	64	59	0	0	136	490	14	170	694	811	341	414	2629	1069	108	0	0	0	0	0	0	0	0	0	66	0	0	34	0	0	0	0	0	0	0	0	0	0	0	0	0	0	5	0	0	15	0	0	0	0	0	0	0	4	0	0	0	0	0	0	0	0	0	0	0	0	0	0	0	0	0	0	0	0	0	0	0	0	0	0	0	0	0	0	0	0	0	0	0	0	48	0	0	0	0	0	0	0	0	0	0	0	0	0	0	0	11	0	0	0	0	0	0	0	0	0	0	0	0	0	0	0	0	0	0	0	0	0	0	0	0	0	0	0	0	0	0	0	0	0	0	0	0	0	0	0	0	0	0	0	0	0	0	58	0	0	0	0	41	0	0	0	0	0	0	0	0	0	7	0	102	0	0	0	7	0	0	63	0	0	0	0	0	0
W1x1908	0	0	0	0	0	0	0	0	0	0	0	0	0	0	0	0	0	0	0	0	0	0	0	0	0	0	0	0	0	0	0	0	0	0	0	0	0	0	0	0	0	0	0	0	0	0	0	0	0	0	0	0	0	0	0	98	0	0	0	70	0	0	0	0	0	0	0	0	0	0	0	0	0	0	0	0	0	0	13	0	0	0	0	0	0	0	0	0	0	0	0	0	0	0	0	0	0	0	0	0	0	0	18	0	0	0	0	0	0	0	0	0	0	0	0	0	0	20	161	0	0	15	0	0	66	0	0	0	255	0	0	0	0	0	0	0	0	0	0	0	0	0	0	0	0	0	0	0	0	0	0	0	0	0	0	0	0	0	0	0	0	0	0	0	0	0	0	0	0	0	0	0	0	61	0	0	0	0	0	0	19	0	0	0	0	0	0	0	0	0	0	0	0	0	0	94	0	0	0	34	0	0	692	203	82	0	0	0	0	0	0	0	0	0	0	0	0	0	0	0	0	18	0	0	0	0	0	0	0	0	0	0	0	0	0	0	0	0	0	0	0	0	0	0	0	0	0	0	19	0	0	18	0	99	0	0	0	0	0	0	0	0	0	0	0	0	0	0	0	0	76	0	0	0	0	1320	96	0	95	150	3378	82	80	2114	0	0	0	0	0	0	0	0	0	0	0	0	0	0	0	0	0	11	0	0	0	0	0	0	0	0	0	0	0	0	0	0	0	0	0	0	0	160	31	144	0	0	0	0	0	0	0	0	0	0	0	0	0	0	0	0	0	0	0	0	0	0	0	0	0	0	0	0	0	0	0	0	0	0	0	0	0	0	0	0	0	0	0	0	0	0	0	0	0	54	0	0	0	0	0	0	0	0	0	0	0	0	0	0	0	0	22	700	0	0	0	0	0	44	0	69	0	321	0	0	0	55	37	0	0	0	0	0	377	0	0	0	0	0	0	0	310	0	0	0	144	76	0	288	22	69	0	0	0	0	0	0	0	28	0	0	0	0	0	0	0	0	0	0	0	0	0	0	0	0	0	0	0	0	0	0	0	232	0	2699	111	62	3380	1019	1194	0	75	0	0	0	0	0	0	0	0	0	0	13	0	0	0	0	0	0	0	0	0	0	0	0	0	0	0	0	0	0	0	0	0	0	0	0	0	0	0	0	0	22	144	0	0	0	0	0	0	0	0	0	0	0	30	0	0	0	0	0	0	0	0	0	0	0	0	0	0	0	0	0	0	0	0	0	0	0	0	0	0	0	0	0	0	0	0	0	0	16	0	0	0	0	0	0	0	0	0	0	0	0	0	19	0	0	0	0	0	0	0	0	0	0	0	0	0	0	0	0	0	0	0	0	0	0	0	0	0	0	0	0	9	0	83	0	0	0	0	0	0	0	0	0	0	0	0	16	0	0	0	0	0	0	0	0	0	0	46	618	0	5660	0	0	0	0	0	0	0	0	0	0	0	0	0	0	0	0	0	0	0	0	0	0	0	0	0	0	304	0	0	0	0	0	0	0	0	0	0	0	0	0	0	0	0	0	0	0	0	0	0	347	0	1040	0	0	1147	0	271	0	0	0	0	0	0	0	0	0	0	0	0	0	19	0	0	0	0	0	0	0	0	0	0	0	0	0	0	0	0	0	0	0	622	0	58	0	0	0	0	0	0	0	0	0	0	0	0	0	0	0	0	0	0	0	0	0	0	0	0	0	0	0	0	0	0	46	0	0	0	0	0	0	32	0	0	0	0	0	0	0	0	0	0	0	0	0	0	0	0	0	0	0	0	0	0	0	0	0	0	0	0	0	0	691	0	0	0	0	0	0	0	0	0	0	0	0	0	240	0	0	0	0	0	64	0	0	0	0	0	0	9	0	0	0	0	0	0	128	5566	102	0	0	0	0	0	0	0	0	0	0	16	0	0	0	0	0	0	0	0	0	0	0	0	0	0	0	0	0	0	0	0	0	0	0	0	0	0	0	0	0	0	0	0	0	0	0	0	0	0	0	0	0	0	0	0	0	0	38	0	0	0	0	34	0	0	0	0	0	0	0	423	0	0	0	0	0	0	0	0	0	0	0	0	0	0	0	0	0	0	0	125	0	0	0	0	0	0	0	0	0	0	0	0	0	0	0	0	23	0	0	0	0	0	8	0	0	0	0	0	0	355	0	0	0	0	0	0	0	0	0	0	0	0	0	0	0	17	57	0	0	0	0	0	0	0	0	34	0	0	0	0	0	0	0	0	0	0	0	0	0	0	0	0	0	0	0	115	0	0	0	0	0	0	0	0	0	0	0	0	0	0	7	0	0	0	0	0	0	0	0	0	0	0	0	0	0	0	181	160	32	244	0	119	687	120	176	0	0	0	0	0	0	0	0	0	0	0	0	0	0	0	0	0	0	0	0	0	0	0	64	0	0	0	0	0	0	0	0	0	15	603	0	0	0	0	332	0	0	436	0	0	0	0	47	0	0	0	0	0	0	0	0	0	0	0	0	0	0	0	0	0	0	0	0	0	0	0	0	0	0	0	0	0	32	0	0	0	0	0	0	0	0	0	0	0	0	0	0	0	0	0	0	0	0	0	0	0	0	0	0	0	0	0	0	0	0	0	148	0	0	0	0	0	0	0	0	0	0	0	0	0	0	0	0	0	0	0	0	0	0	0	0	0	0	0	0	74	0	0	0	0	0	0	0	0	0	0	0	0	0	0	0	0	0	0	0	0	0	0	0	0	0	0	0	0	0	0	0	0	0	0	0	0	0	0	0	0	0	0	0	0	0	0	0	16	0	0	0	0	0	0	0	38	0	0	0	0	0	0	0	0	0	0	0	0	0	232	0	0	0	0	0	0
W1x1911	0	0	0	0	0	0	0	0	0	0	0	8	0	0	0	0	0	0	0	0	0	0	20	0	0	0	0	0	0	0	0	0	8	0	0	0	0	0	0	0	0	0	0	0	0	0	0	0	0	0	0	0	0	0	37	0	0	0	0	0	0	0	0	0	0	18	0	0	0	0	0	0	0	0	20	0	0	32	0	0	0	0	0	0	0	0	0	0	0	0	0	0	0	0	0	79	0	0	0	0	0	0	0	0	0	0	0	0	0	0	0	0	0	0	0	0	0	64	262	4	0	0	48	0	16	48	0	0	0	0	42	68	0	0	0	0	0	0	0	0	0	0	0	0	0	0	0	0	0	0	0	26	0	11	0	0	0	0	0	0	0	0	0	0	0	0	0	0	0	0	0	0	0	0	0	7	0	0	44	0	0	0	0	0	0	0	0	0	0	0	0	0	5	15	0	18	52	0	264	0	72	199	59	0	110	0	0	0	0	0	38	16	34	0	0	69	0	0	0	0	0	0	0	0	0	0	0	0	0	0	24	0	0	0	0	0	10	0	0	0	0	0	0	0	0	0	0	16	0	257	275	142	29	44	31	242	0	0	0	0	0	0	0	0	0	0	0	0	0	0	0	0	0	0	25	0	50	272	0	256	163	163	326	1797	178	0	0	0	0	0	0	0	0	0	0	0	0	0	0	0	0	0	0	14	130	0	832	0	0	0	0	0	0	0	0	0	0	0	0	0	237	2741	0	405	40	0	0	0	290	404	26	0	0	0	0	0	0	0	0	0	0	0	0	0	0	43	0	864	0	255	417	134	0	0	0	0	0	102	0	0	0	21	28	0	97	0	0	0	0	0	0	0	0	0	0	0	0	0	0	0	0	0	0	0	0	0	0	0	125	0	0	0	10	0	0	0	225	29	0	160	0	0	0	0	355	286	0	0	0	0	0	0	0	52	0	0	0	0	0	0	587	219	0	1701	325	120	730	0	668	489	0	0	0	0	0	0	0	0	0	0	0	0	0	0	0	0	0	0	22	0	0	0	0	0	0	0	0	0	0	0	0	0	0	17	2138	0	4065	1492	1365	0	1903	2516	321	0	0	0	0	0	6	0	0	0	0	0	0	0	0	0	0	0	0	36	0	0	0	0	0	0	0	0	0	0	0	0	0	0	0	0	0	0	0	0	0	0	0	0	0	50	16	0	0	0	0	0	0	0	0	0	14	0	0	0	0	0	0	0	0	0	0	0	0	0	0	0	0	0	5	0	0	0	0	0	0	0	0	0	6	9	0	0	119	114	0	163	0	0	0	0	0	0	0	0	0	0	0	0	0	0	0	0	0	0	0	0	0	0	0	0	0	14	0	0	0	0	0	0	0	0	0	0	0	13	0	0	0	0	0	0	0	0	7	0	145	0	0	0	0	5	0	0	0	0	0	0	0	210	0	0	0	0	60	0	0	66	0	24	0	0	0	0	0	0	0	0	0	0	0	0	0	0	0	0	0	0	0	0	0	0	0	19	0	0	0	0	0	0	0	0	0	0	0	0	0	0	0	0	0	0	0	0	0	0	0	10	7	0	0	0	0	0	48	0	0	33	0	47	0	0	0	0	0	0	0	0	0	0	0	0	0	0	0	0	0	0	0	0	0	0	0	0	0	0	0	0	0	0	0	0	0	0	0	0	0	0	0	0	0	0	0	0	0	0	0	0	0	0	0	0	0	0	0	0	0	0	0	0	0	28	0	13	0	0	0	0	0	0	0	0	0	0	0	0	0	0	0	0	0	0	0	0	0	0	0	0	0	0	0	75	114	0	0	0	0	0	52	0	0	0	0	0	0	0	45	0	0	0	5	0	0	277	0	0	0	0	47	0	0	0	0	0	615	0	0	0	0	0	0	203	0	126	341	0	0	0	54	111	168	0	0	0	0	0	0	0	0	0	0	0	0	0	0	0	0	0	0	0	0	0	17	0	6	0	0	0	0	12	0	19	0	0	0	0	0	0	0	0	0	0	0	0	0	0	0	0	0	0	0	0	0	0	0	0	421	343	0	171	84	0	0	0	109	0	0	0	0	0	0	0	0	0	0	40	0	0	0	0	0	14	890	0	256	114	102	322	0	0	0	0	0	0	0	0	0	0	0	0	0	0	0	0	0	0	0	0	0	0	0	0	0	0	0	0	0	0	26	0	0	120	348	422	0	0	298	0	1834	0	0	161	0	0	0	0	16	0	0	13	0	0	137	0	68	9	0	0	0	0	0	0	0	0	0	0	0	0	0	0	0	245	18	0	0	0	0	187	0	0	0	0	0	0	37	0	0	0	0	143	89	0	0	0	0	0	0	0	0	0	0	613	100	908	521	277	0	835	1491	356	0	0	45	0	4	0	0	0	0	0	0	0	0	0	0	0	102	0	0	0	0	0	8	0	0	0	0	135	0	98	0	0	0	0	0	36	0	0	934	104	943	882	175	33	816	0	319	298	0	0	0	0	0	0	0	0	0	0	0	0	34	0	0	0	0	0	0	0	0	0	0	0	0	7	0	0	0	0	0	0	0	0	0	0	0	0	0	0	0	0	0	364	0	0	25	0	0	0	0	0	0	0	0	0	0	0	0	0	0	0	0	0	0	0	0	0	0	0	0	0	0	0	103	0	0	0	0	0	0	21	0	0	0	0	0	0	0	0	0	0	0	0	0	0	0	0	0	0	0	0	0	0	0	0	0	0	0	0	0	0	0	0	0	0	0	0	0	0	0	0	0	0	0	0	0	0	0	0	0	26	0	0	0	65	0	0	0	0	0	0	0	0	0	0	0	13	0	0	0	0	0	0	0	0	0	47	421	0	64	0	0	0	0	0	0	0	0
W1x1912	0	0	0	0	0	0	0	0	4	0	236	13	0	0	0	0	0	0	0	34	0	0	0	0	0	0	0	0	0	0	0	17	0	0	0	0	0	22	0	0	0	0	0	0	0	0	0	0	0	0	0	0	0	0	0	0	0	0	0	0	10	0	0	0	0	3	0	0	0	0	0	0	0	0	0	0	0	0	0	0	0	0	0	0	0	0	0	0	0	0	0	0	153	22	250	0	0	0	0	0	0	0	0	0	0	0	0	0	0	0	0	0	0	0	0	0	0	0	79	0	0	0	0	0	0	21	11	0	0	0	0	0	0	0	0	0	0	0	0	0	0	0	0	0	0	0	0	0	0	0	0	55	0	18	0	0	0	0	0	0	0	0	0	0	0	57	0	754	0	0	0	0	0	0	0	0	0	0	0	0	252	0	0	0	0	0	0	0	0	0	0	0	0	0	0	0	0	0	169	0	0	536	200	51	156	0	0	160	0	0	0	0	0	12	0	0	0	0	0	0	0	0	0	0	0	0	0	0	0	0	0	0	0	0	0	0	0	13	0	0	0	0	0	0	0	0	0	37	0	0	0	32	0	0	346	0	17	0	0	0	0	0	0	0	0	0	0	0	0	0	0	44	0	0	0	54	0	77	7	234	0	360	0	124	0	0	0	0	0	0	0	0	0	0	0	0	0	0	0	0	0	0	736	24	0	0	127	0	0	0	0	0	0	0	0	0	0	0	0	0	405	384	0	212	228	10	0	0	0	75	0	40	0	0	0	0	0	0	0	0	0	0	0	0	352	69	0	0	1203	102	20	0	0	0	0	0	0	61	0	0	0	14	67	0	0	0	0	0	0	0	0	0	0	0	0	0	0	0	0	0	0	0	0	0	0	0	0	0	33	81	0	0	0	56	0	0	0	0	0	0	0	0	163	17	372	105	0	0	0	0	0	0	0	69	0	177	221	0	0	7	945	411	0	467	484	0	312	0	918	366	0	0	0	0	0	0	0	5	0	0	0	0	0	0	0	0	0	0	0	0	0	16	0	0	0	0	0	0	0	0	86	0	196	6	557	543	1275	859	1755	421	827	1179	351	0	0	0	0	0	0	0	0	0	0	0	0	0	0	0	3	0	0	28	0	0	0	0	0	0	0	0	0	0	0	0	0	0	0	0	0	0	0	0	130	0	0	0	0	0	0	0	0	0	0	21	0	0	0	0	28	0	0	0	0	0	0	0	0	0	0	0	0	0	0	0	0	0	0	0	0	0	0	0	0	0	0	8	0	0	0	0	0	66	0	15	0	47	0	0	0	0	0	0	0	0	0	0	0	0	0	0	0	0	0	0	0	0	0	0	0	0	0	0	0	0	49	0	0	0	0	0	0	0	0	0	0	0	0	0	0	0	3	0	0	0	0	0	0	0	0	0	0	0	0	0	0	0	0	0	0	10	0	0	0	0	89	0	0	0	0	0	17	0	0	0	0	0	0	7	0	0	0	0	0	0	0	0	0	0	0	48	0	0	0	0	0	0	0	0	0	0	0	0	0	0	0	0	0	0	0	0	70	39	0	0	0	0	0	0	0	276	27	0	0	18	0	35	0	0	0	0	0	0	0	0	0	0	0	280	0	0	0	0	0	0	0	78	0	0	227	0	0	0	0	0	0	0	0	0	0	0	0	0	7	0	0	0	0	0	0	17	0	0	0	0	0	0	0	0	0	0	0	23	0	0	0	0	0	0	0	0	0	0	0	0	0	0	0	0	0	0	0	0	0	0	0	0	0	0	0	0	0	0	0	0	0	0	187	0	208	0	0	0	36	0	0	0	0	0	0	0	0	0	0	0	0	0	0	0	0	0	0	0	0	0	0	0	0	0	0	0	171	57	0	0	0	0	0	0	0	0	118	0	0	0	44	0	67	0	0	0	0	0	0	0	0	0	0	0	0	0	0	0	0	0	0	0	0	0	0	0	28	223	0	0	0	181	0	87	0	0	0	0	0	0	0	0	0	0	0	0	0	0	0	0	0	0	101	0	0	0	0	410	14	295	0	345	1176	4346	0	0	44	0	0	46	0	0	0	0	0	0	0	0	0	0	0	0	0	0	0	0	0	0	10	0	186	0	0	0	0	0	0	0	0	0	0	0	0	0	0	0	0	0	0	0	0	0	0	0	0	3	0	0	0	0	0	0	0	90	0	1027	0	0	0	0	1679	0	0	185	0	0	0	0	0	0	0	0	0	0	0	0	0	0	0	0	0	0	0	0	0	0	0	0	0	0	0	0	0	66	0	0	302	0	637	0	0	0	0	0	0	0	0	0	0	0	0	0	0	0	0	0	0	0	0	0	0	0	0	3118	0	316	1264	3031	752	121	744	694	220	0	0	0	0	0	0	0	0	0	0	0	0	0	0	0	82	9	51	0	0	0	49	102	0	0	0	0	0	161	0	0	0	0	0	66	0	0	0	0	590	491	534	43	564	0	113	266	0	0	0	0	0	0	0	0	0	0	0	0	0	0	0	0	0	0	0	0	0	0	0	0	0	0	0	0	0	0	0	0	0	0	18	0	17	0	0	0	0	0	0	0	0	0	11	0	0	0	0	0	0	0	0	0	0	0	0	8	29	0	0	0	0	0	133	0	0	0	0	0	0	0	0	0	0	0	0	0	0	0	0	0	0	0	0	0	0	0	0	0	0	0	0	0	0	0	0	0	0	0	0	0	0	0	0	0	0	0	0	0	0	0	0	0	0	0	0	6	0	0	0	0	0	0	0	0	0	0	0	40	0	0	0	0	0	0	0	0	0	0	23	0	13	39	0	0	0	0	0	0	0	0	0	0	0	0	88	345	0	0	0	14	0	0	0	0	62
W1x1913	0	0	0	0	0	0	0	0	0	0	619	0	0	0	0	0	0	0	0	0	0	0	0	0	0	0	0	0	0	0	0	0	0	0	0	0	0	0	0	0	0	0	0	0	0	0	0	0	0	0	0	0	0	0	0	0	0	0	0	0	0	0	0	0	0	0	0	0	0	0	0	0	0	0	0	0	0	0	0	0	0	0	0	0	0	0	0	0	0	0	0	0	0	0	0	0	16	0	0	0	0	0	0	0	0	0	0	0	0	0	0	0	0	0	0	0	0	0	0	0	0	0	0	0	0	0	0	0	19	0	0	0	0	0	0	0	305	0	0	0	0	0	0	0	0	0	0	0	0	0	0	0	0	0	0	0	0	0	0	0	0	0	0	0	8	0	0	0	0	0	0	0	0	0	0	26	0	0	0	0	0	0	0	0	0	0	0	0	0	0	0	0	0	0	0	0	0	0	0	45	0	0	0	0	0	0	0	0	0	0	0	0	0	0	0	0	0	0	0	0	0	0	0	0	0	0	0	0	0	0	0	0	0	0	0	0	0	0	0	0	0	0	0	0	0	0	0	0	0	0	0	0	35	0	0	0	0	0	0	0	0	0	0	0	0	0	0	0	0	0	0	0	0	0	0	0	22	0	0	0	11	0	0	0	0	0	0	0	0	0	0	0	0	0	0	0	0	0	0	0	0	0	0	0	0	0	0	43	0	0	0	0	0	0	0	0	0	0	0	0	0	0	0	0	0	0	0	0	0	0	0	0	0	0	0	0	0	0	0	0	0	0	0	0	0	0	0	0	0	0	0	115	0	0	0	0	0	0	0	0	0	0	0	4	0	0	0	0	0	0	0	0	0	0	0	0	0	0	0	0	0	0	0	0	0	0	0	0	27	0	0	0	0	0	0	0	567	0	0	0	0	0	0	0	0	0	0	0	0	0	0	0	0	0	0	0	0	0	0	0	0	0	0	0	8639	11	592	0	0	0	0	0	0	0	0	0	0	0	0	0	0	0	0	0	0	0	0	0	0	0	0	0	0	0	0	0	0	0	0	0	0	2	0	383	0	0	0	10022	30	0	1690	0	0	0	0	0	0	0	0	0	0	0	0	0	0	0	0	0	0	0	0	0	0	0	0	0	0	0	0	0	0	0	0	0	0	0	0	0	0	0	0	0	0	0	0	0	0	0	0	0	0	0	0	0	0	0	0	0	0	0	0	0	0	0	0	0	0	0	0	0	0	0	0	0	0	0	0	0	0	0	0	0	0	0	0	0	0	0	0	0	0	0	0	0	0	0	0	0	0	0	0	0	0	0	0	0	0	0	0	0	0	0	0	0	0	0	0	0	0	0	0	0	0	0	0	0	0	0	0	0	0	0	0	109	0	0	0	0	0	0	0	0	0	0	0	0	0	0	0	0	0	0	0	0	0	0	0	0	0	0	0	0	0	0	0	0	0	0	0	0	0	0	0	0	0	0	0	0	0	0	0	0	0	0	0	0	0	0	0	0	0	0	0	0	0	0	0	0	0	0	0	0	0	0	0	0	0	0	0	0	0	0	0	89	0	0	0	0	0	0	0	0	0	0	32	0	0	0	12	0	0	0	0	0	0	0	0	0	0	0	0	0	0	0	0	0	0	0	0	0	0	0	0	0	0	0	0	0	0	0	0	0	0	0	0	0	0	0	0	0	0	0	0	0	271	0	0	0	0	0	0	0	0	0	0	0	0	0	0	0	0	0	0	0	0	0	0	0	0	0	0	0	0	0	0	0	0	0	0	0	0	114	0	0	0	0	0	0	0	0	0	0	0	0	0	0	0	0	0	0	0	0	0	0	0	0	0	0	0	49	8	0	0	0	0	0	0	0	0	0	1620	0	0	70	0	0	0	0	23	0	0	0	0	0	0	0	0	0	0	0	0	0	0	0	0	0	0	0	0	0	0	0	0	0	0	0	0	27	0	0	0	0	0	564	0	0	0	0	0	0	0	0	0	0	0	0	0	0	0	0	0	0	0	0	0	0	0	0	0	0	0	0	0	0	0	0	0	0	330	0	0	0	0	0	0	0	0	0	0	0	0	0	0	0	0	0	0	0	0	0	0	0	0	0	0	0	0	0	0	0	0	0	12	0	0	0	0	0	0	0	0	0	0	0	0	0	0	0	0	0	0	0	0	0	0	0	0	0	0	0	0	0	0	0	0	0	0	0	0	25	0	0	0	0	0	0	0	0	0	0	0	0	0	0	0	0	0	0	0	0	0	0	0	0	0	0	0	0	0	0	0	0	0	0	0	0	0	0	0	0	0	0	29	0	0	0	0	0	0	0	0	0	0	0	0	0	0	0	0	0	44	6063	0	0	0	2749	0	0	0	0	0	0	0	0	0	0	0	0	0	0	0	0	0	0	0	0	0	0	0	0	0	0	0	0	0	393	0	0	0	0	0	0	0	0	0	0	0	0	0	73	0	0	0	0	0	0	0	0	0	0	0	0	0	44	0	0	0	0	384	0	0	0	0	0	0	0	0	0	0	0	0	0	0	0	0	0	0	0	0	0	0	0	0	0	0	0	472	0	0	0	0	0	0	0	0	0	0	0	0	0	0	0	0	0	0	0	0	0	0	0	0	0	0	0	0	0	0	0	0	0	0	0	0	0	0	0	0	0	0	0	0	0	0	0	0	0	0	0	0	0	0	0	0	0	0	0	0	0	0	0	0	0	0	0	0	0	0	0	0	0	0	0	0	0	0	0	0	0	0	0	0	0	0	0	0	0	0	0	4	26	0	0	45	0	0	0	0	0	0	0	0	451	0	0	0	0	0	0	0	0	0	0	0	0	0	0	66	0	0	0	0	0	0
W1x2003	0	0	0	0	0	0	0	0	0	0	0	13	0	0	0	0	0	0	0	0	0	0	0	0	0	0	0	0	0	0	0	0	0	0	0	0	0	0	0	0	0	0	0	0	0	0	0	0	0	0	0	0	0	0	0	0	0	0	0	0	0	0	0	0	0	8	0	0	0	0	0	0	0	0	0	0	0	0	0	0	0	0	0	0	0	0	0	0	0	0	0	0	0	0	0	0	0	0	0	0	0	0	0	0	0	0	0	0	0	0	0	0	0	0	0	0	0	0	62	43	0	0	28	0	0	144	0	0	0	0	0	0	0	0	0	0	0	0	0	0	0	0	0	0	0	0	0	0	0	0	0	59	0	53	0	0	0	0	0	0	0	0	0	0	0	19	0	70	0	513	0	0	0	0	0	0	0	0	0	0	0	0	0	0	0	0	0	0	0	0	0	0	0	0	10	0	0	0	0	0	0	154	0	0	16	0	0	0	0	0	0	16	0	0	0	0	0	0	0	0	0	0	0	0	0	0	0	0	0	29	0	0	0	0	0	0	0	0	0	0	0	0	0	0	0	0	0	35	0	0	0	19	0	46	0	0	0	0	0	0	0	0	0	0	0	0	0	0	0	0	0	0	48	26	0	132	118	443	0	471	61	167	25	0	0	0	0	0	0	0	0	0	0	0	0	0	0	0	0	0	0	0	0	23	0	0	64	0	0	0	0	0	0	0	0	0	0	0	0	0	0	107	0	101	119	0	0	0	0	114	0	0	0	0	0	0	0	0	0	0	0	0	0	0	0	59	0	0	635	0	0	0	0	0	0	0	0	62	0	0	87	0	127	0	32	0	0	0	0	0	0	0	10	0	0	0	0	0	0	0	0	0	0	0	0	0	0	0	0	0	0	0	0	31	0	0	25	0	0	0	0	0	0	0	0	61	0	29	0	0	0	0	0	48	0	8	0	0	0	0	749	153	0	223	481	83	596	0	243	448	9	10	0	0	0	0	0	0	0	0	0	0	0	0	0	0	0	0	0	0	0	0	0	0	0	0	0	0	0	0	0	0	23	0	1411	1640	397	4896	2245	198	1082	466	113	0	0	0	0	0	0	0	0	0	0	0	0	0	20	0	0	0	0	0	0	0	0	0	0	0	0	0	0	0	0	0	0	0	0	0	0	0	0	0	0	0	127	0	0	0	0	0	0	0	0	0	0	0	0	0	0	0	0	0	0	0	0	0	26	0	0	0	0	0	0	0	0	0	0	0	0	0	0	0	0	0	0	0	0	0	0	0	0	63	0	9	0	0	0	0	0	0	0	0	0	0	0	0	0	0	0	0	0	0	0	0	0	0	0	0	0	0	0	0	0	0	11	0	0	0	0	0	0	0	0	0	0	0	0	0	0	241	0	0	0	0	0	0	0	0	0	0	0	0	0	0	0	0	0	0	28	0	20	0	0	12	35	0	0	0	0	0	0	0	0	0	0	0	0	0	0	0	0	0	0	0	0	0	0	0	0	13	0	0	0	0	0	0	0	0	0	0	0	0	0	0	0	0	0	75	0	30	175	0	0	0	0	0	0	0	0	0	104	0	0	13	0	0	0	77	0	0	0	0	0	0	0	0	0	0	0	0	0	0	0	0	0	0	0	0	55	0	188	0	0	0	0	0	0	0	0	0	0	0	0	0	0	0	0	0	0	0	0	0	0	0	0	0	0	0	283	0	0	0	0	0	0	0	0	0	0	0	0	0	0	0	0	0	0	0	0	0	0	0	0	0	0	0	0	0	0	0	0	0	0	0	0	0	0	0	0	0	0	33	17	0	0	0	0	0	0	0	0	79	0	0	0	0	0	0	0	0	0	0	0	0	0	0	0	0	0	0	40	0	0	0	0	0	0	0	0	13	44	0	0	0	59	0	0	0	0	0	0	0	0	0	0	0	0	0	0	0	0	0	0	0	0	0	0	0	0	0	0	485	0	0	0	0	0	0	0	0	0	0	0	0	0	0	0	0	0	0	0	0	0	141	0	0	0	0	0	0	0	46	0	0	0	84	0	163	0	131	81	0	0	100	0	0	0	0	0	0	0	0	0	0	0	0	0	0	382	0	0	57	0	16	100	0	0	0	0	0	0	0	0	0	0	0	0	0	0	0	0	0	0	0	0	0	0	0	0	0	0	0	0	15	22	0	0	66	0	470	0	0	0	0	1974	0	107	179	0	0	0	0	0	0	0	0	0	0	0	0	0	0	0	0	0	0	0	0	0	0	0	0	0	0	0	0	0	0	426	0	0	0	0	0	0	0	0	0	0	0	0	0	0	0	0	0	0	0	0	0	0	0	0	0	0	0	0	0	156	784	945	509	36	94	493	0	0	0	0	0	0	0	0	0	0	0	0	0	0	0	0	0	410	0	0	0	0	0	0	0	0	0	862	37	0	103	0	0	0	0	0	0	0	0	0	42	100	306	188	0	161	0	35	618	0	0	0	0	0	0	0	0	0	0	0	0	10	0	0	0	0	0	0	0	0	0	0	0	0	0	0	0	0	0	0	0	0	0	0	0	0	0	0	0	0	0	0	0	0	0	0	0	0	0	0	0	0	0	0	0	0	0	0	22	41	0	0	0	0	0	0	0	0	0	0	0	0	0	0	0	0	0	0	0	0	78	0	0	0	0	0	0	0	0	0	0	0	0	0	0	0	0	0	0	0	0	0	0	0	0	0	0	0	0	0	0	0	11	0	0	0	0	0	0	0	0	0	0	0	0	0	0	0	0	0	26	373	0	0	0	0	0	0	0	0	0	0	0	0	0	0	0	0	0	0	0	0	0	0	30	0	27	184	0	0	0	0	0	0	0	0	0	18
W1x2006	0	0	0	0	0	0	0	0	0	0	0	0	0	0	0	0	0	0	0	0	0	0	0	0	0	0	0	0	0	0	0	0	0	0	0	0	0	0	0	0	0	0	0	82	0	0	0	0	0	0	0	0	0	0	0	0	0	0	0	0	0	0	0	0	0	0	0	0	0	0	0	0	0	0	0	0	0	0	0	0	0	0	0	0	0	0	0	0	0	0	0	18	0	0	247	61	0	0	0	0	0	0	0	0	0	0	0	0	0	0	0	0	0	0	0	0	0	0	82	0	0	0	46	0	30	74	200	0	0	0	0	87	0	0	0	0	28	0	0	0	0	0	0	0	0	0	0	0	0	0	0	0	153	0	0	0	0	0	0	19	0	0	0	0	0	0	0	238	0	0	16	0	0	0	0	0	0	0	31	0	0	0	0	0	0	0	0	22	0	0	0	0	0	0	0	0	108	99	253	20	20	111	12	0	107	0	0	0	0	0	0	67	7	0	0	0	0	0	0	0	0	0	0	0	0	0	0	0	0	0	40	0	0	0	0	0	0	0	0	0	0	0	0	0	0	0	0	0	122	270	0	286	16	0	0	239	0	0	0	0	0	0	0	0	0	0	0	0	0	0	0	0	0	0	0	0	221	812	148	245	66	82	55	0	0	0	0	0	0	0	0	0	0	0	0	0	0	0	0	0	0	0	0	38	86	0	0	0	0	0	0	0	0	0	0	0	0	0	0	0	1199	0	0	336	0	0	0	0	0	0	0	0	0	0	0	18	0	0	0	0	0	0	0	0	0	36	0	1236	0	247	55	0	0	0	0	0	0	122	15	0	0	65	61	0	0	0	0	0	0	0	0	0	0	0	0	0	0	0	0	0	0	0	0	0	0	0	0	0	0	0	0	0	0	0	0	0	140	0	0	0	0	21	0	0	0	0	0	0	0	0	0	0	0	0	0	0	0	0	0	0	84	5	205	374	268	905	633	0	600	640	0	0	0	0	0	0	0	0	0	0	0	0	0	0	0	0	0	0	0	0	0	0	0	0	0	0	0	0	0	0	0	35	0	0	2481	29	2809	1808	2555	0	2093	812	173	0	0	0	0	0	0	0	0	0	0	0	0	0	0	0	0	0	0	0	0	36	0	0	0	0	0	0	0	0	0	0	0	0	0	0	0	0	0	0	0	0	0	0	0	0	0	0	0	0	0	0	0	0	0	0	20	0	0	0	0	0	0	0	0	0	0	0	0	0	0	0	0	0	0	0	0	0	0	0	0	0	19	0	0	0	0	0	189	25	0	26	0	0	0	0	0	0	0	0	0	0	0	0	0	0	0	24	0	0	0	0	0	0	0	0	0	0	0	0	0	0	0	0	0	0	0	0	0	0	0	0	0	0	0	0	0	0	0	0	0	0	0	0	0	0	0	0	0	0	0	0	0	0	0	0	0	0	0	0	0	0	0	7	24	0	0	0	0	0	62	0	0	0	0	0	0	0	0	0	0	0	0	0	0	43	0	15	0	0	0	0	0	0	0	0	216	0	0	0	0	0	0	0	0	0	0	0	0	0	0	0	0	0	0	0	0	0	67	0	0	16	0	0	0	86	0	0	0	0	0	0	0	0	0	0	0	0	0	0	0	0	0	0	590	0	0	0	161	0	0	0	0	0	0	0	0	0	0	0	0	0	0	0	0	0	0	0	0	0	0	0	0	0	0	0	0	0	0	70	0	0	0	0	0	0	0	0	0	0	0	0	0	0	0	0	0	0	0	0	0	0	0	0	0	0	0	0	0	0	0	0	0	0	0	0	0	0	0	0	0	0	0	0	0	0	0	0	0	0	0	58	0	0	0	0	0	177	0	0	49	0	0	0	0	0	0	0	63	0	0	0	39	0	0	76	0	15	0	0	0	0	25	0	36	0	0	0	34	0	0	0	0	0	0	0	0	0	0	0	0	0	0	0	0	0	0	0	0	114	0	13	0	0	0	0	0	0	0	0	0	0	0	0	0	0	0	0	0	0	0	0	0	104	0	0	0	0	0	0	565	416	0	57	0	0	0	493	33	0	0	0	0	0	0	0	0	0	0	38	0	0	0	0	0	0	0	0	283	0	44	14	0	0	0	0	0	0	0	0	0	0	0	0	0	0	0	0	0	0	0	0	0	0	0	0	0	0	12	0	0	0	0	0	0	244	48	535	642	121	161	0	0	0	129	248	0	0	0	0	0	0	0	0	0	0	0	0	0	10	0	0	0	0	0	0	0	0	0	0	0	0	105	0	1591	19	455	0	0	0	0	189	20	0	0	0	0	0	60	0	0	0	0	0	77	0	0	0	0	0	0	0	0	0	0	1625	257	545	11	802	2284	2893	1252	238	0	0	23	0	0	0	0	0	0	0	0	0	0	0	0	0	40	0	0	0	0	0	0	11	0	0	0	28	0	247	0	0	0	0	0	0	0	0	138	98	0	288	0	135	542	0	228	144	0	0	0	0	0	0	0	0	0	0	0	0	21	0	0	0	0	0	0	0	0	0	0	0	0	0	0	0	0	0	0	0	0	0	0	18	0	86	0	0	0	0	0	0	0	0	0	0	0	0	0	0	0	0	0	0	0	6	0	0	0	0	0	0	0	0	0	0	0	0	0	110	0	0	0	0	0	0	0	0	0	0	0	0	12	0	0	0	0	0	0	0	0	0	0	0	0	0	0	0	0	0	0	0	0	0	0	0	0	0	0	0	0	0	0	0	0	0	0	0	0	0	0	0	0	0	0	0	0	0	0	0	0	0	0	0	0	0	0	0	0	0	0	0	0	0	0	0	0	0	0	0	0	0	0	0	0	0	0	0	0	0	0	86	0	0	0	0	0
W1x2007	0	0	0	0	0	0	0	0	0	0	0	0	0	0	0	0	78	0	0	0	0	0	0	0	0	0	0	0	0	14	0	0	0	0	3	0	0	0	0	0	0	0	0	0	0	0	0	0	0	0	0	0	0	0	0	0	468	0	0	0	0	0	0	0	0	0	0	0	0	0	0	0	0	0	0	0	0	0	0	0	0	0	0	0	0	0	0	0	0	0	0	0	0	52	0	70	0	0	0	0	0	0	0	0	0	0	0	0	0	0	0	0	0	0	0	0	0	166	104	0	0	0	79	0	0	21	0	0	35	0	0	7	0	0	0	0	0	0	0	0	0	0	0	0	0	0	0	0	0	0	16	0	0	38	0	0	0	0	0	0	0	0	0	0	0	0	0	0	0	0	0	0	0	0	0	0	0	38	0	0	0	0	0	0	0	0	0	0	0	0	0	0	0	0	0	0	26	0	520	0	0	0	748	0	113	0	0	0	192	0	22	0	0	0	0	0	0	0	0	0	0	0	0	16	16	0	0	7	0	0	0	0	0	0	0	0	21	38	0	0	0	0	0	0	0	0	0	22	0	186	90	104	0	427	0	0	0	0	0	0	0	0	0	0	0	0	0	0	0	0	0	38	0	0	89	250	85	176	14	1002	295	558	52	1143	0	0	0	0	0	0	0	0	0	0	0	0	0	0	0	0	0	0	0	73	40	347	81	0	0	0	0	0	0	0	0	0	0	0	0	155	0	32	0	100	0	569	0	0	0	180	0	0	0	0	0	0	36	0	0	0	0	0	0	0	0	0	0	0	0	0	0	107	0	0	0	0	0	0	0	0	0	0	0	0	0	0	0	60	59	0	0	0	0	0	0	0	0	0	0	0	0	0	0	0	0	0	0	0	0	0	0	0	0	0	0	66	0	0	119	44	1346	0	0	0	257	137	0	0	0	0	0	0	13	65	0	0	0	0	0	0	108	1742	0	89	503	139	2310	0	163	215	0	0	0	0	0	0	0	0	0	18	0	0	0	0	0	0	0	0	0	0	0	0	0	0	0	0	0	0	0	0	0	0	132	23	604	2296	3445	1263	2667	481	174	567	2959	0	0	0	0	0	0	0	0	0	0	0	0	0	0	0	0	0	0	0	0	0	0	0	0	0	0	0	0	0	0	0	0	0	0	0	0	0	0	0	0	0	0	0	0	0	0	0	0	0	0	24	0	0	0	0	0	0	0	0	0	0	0	0	0	0	0	0	0	0	35	0	0	0	0	0	0	12	0	0	0	0	0	0	0	0	0	0	0	118	0	14	0	0	0	0	0	0	0	0	0	0	0	19	0	0	0	0	0	0	0	0	0	0	0	0	0	0	0	0	0	0	0	0	0	0	0	0	0	0	0	0	29	0	0	0	0	0	27	0	0	0	46	0	0	0	0	0	0	0	0	0	0	0	0	0	0	109	67	0	0	0	289	0	0	145	0	0	0	0	0	0	0	0	0	0	0	0	0	0	0	0	0	0	0	0	47	0	0	0	0	0	0	0	0	0	0	0	0	0	0	0	0	0	0	0	0	0	0	74	0	0	0	0	188	0	0	0	36	0	0	0	0	16	0	0	0	0	0	0	0	35	0	0	0	0	0	0	0	0	0	0	0	0	0	0	0	0	0	0	0	0	0	0	0	18	20	0	0	0	0	0	0	0	0	0	0	0	0	0	0	0	0	0	0	0	0	0	0	0	0	0	0	31	0	0	0	0	0	0	0	0	0	0	0	0	0	0	0	0	0	0	0	0	0	0	0	0	0	0	0	0	0	0	0	0	28	0	0	0	0	0	0	0	8	0	0	132	0	0	0	0	0	0	0	0	0	0	0	0	0	0	0	43	0	0	0	0	99	0	0	0	0	0	0	172	25	0	0	0	0	0	139	0	0	0	0	0	0	0	0	0	0	0	0	0	0	0	0	0	0	0	0	0	0	0	674	0	76	0	0	0	0	226	0	0	0	0	0	0	0	0	0	0	0	0	0	0	0	0	75	0	0	0	0	0	0	0	0	0	150	0	0	460	3814	643	916	0	212	0	0	0	0	0	74	0	0	0	0	48	0	0	0	0	0	0	0	0	98	0	0	41	0	0	0	0	0	0	0	0	0	0	0	0	0	0	0	0	0	0	15	0	0	0	0	0	0	0	20	0	0	0	14	0	0	85	0	530	0	0	147	0	0	0	45	445	0	0	0	0	12	0	0	0	0	0	0	0	0	0	0	0	0	0	0	0	0	0	0	64	0	0	0	0	0	60	0	0	118	0	0	180	0	0	0	0	0	0	0	0	0	0	0	0	25	0	0	0	0	0	0	0	0	0	0	0	178	113	0	2076	218	100	167	420	0	0	0	0	0	0	0	25	0	0	0	24	0	0	0	0	19	0	306	0	0	0	5	10	0	0	0	35	0	126	0	0	0	0	8	0	0	0	129	76	0	909	641	8	315	758	859	316	15	37	0	0	0	0	0	0	0	0	0	0	0	0	0	0	0	0	0	0	0	0	0	0	0	0	0	0	0	0	0	0	37	0	0	0	0	0	0	0	0	0	0	0	0	0	0	0	0	0	7	0	0	0	6	0	0	0	0	0	0	0	0	6	0	0	0	0	0	0	225	0	0	0	137	0	0	0	0	0	0	0	0	0	0	0	0	0	0	0	0	0	8	0	0	0	0	0	0	0	0	0	0	0	0	0	0	0	0	0	0	0	0	0	0	0	0	0	0	0	0	0	0	0	0	0	0	0	0	0	0	43	0	0	0	22	0	0	0	26	0	0	0	14	9	0	0	0	0	0	0	0	55	0	0	0	11	0	0	0	0	0	30	0	0	0	0	0	0
W1x2009	0	0	0	0	0	0	0	0	0	0	0	0	0	0	0	0	0	0	0	41	0	0	0	0	0	0	0	0	0	0	0	0	0	0	0	0	0	0	0	0	0	0	0	0	0	0	0	0	0	0	0	0	0	0	0	0	0	0	0	0	0	306	0	0	0	5	0	0	0	0	0	0	0	0	0	0	0	0	0	0	0	0	0	0	0	0	0	0	0	0	0	0	0	30	0	53	0	31	0	0	0	0	0	0	0	0	0	0	0	0	0	0	0	22	0	0	0	403	79	0	0	0	0	0	394	19	0	20	0	0	0	25	0	0	0	0	0	0	0	0	0	0	0	0	0	0	0	0	0	0	0	0	0	12	0	0	0	0	0	0	0	0	0	0	0	0	0	0	0	0	0	0	0	0	0	0	0	0	0	0	0	0	0	0	0	0	0	0	0	666	0	55	68	0	0	0	0	1566	76	0	28	157	46	0	92	0	0	0	0	224	312	46	0	0	0	0	20	0	0	0	0	0	0	0	0	0	0	0	0	19	0	0	0	0	0	0	0	0	0	0	0	0	0	0	0	0	0	0	0	0	1922	100	228	0	52	73	0	0	0	0	0	0	0	0	0	0	0	28	0	0	0	0	0	430	38	52	989	0	0	118	59	88	1134	0	1089	0	0	0	0	0	0	0	0	0	0	0	0	0	0	0	0	0	0	46	25	0	33	14	0	0	0	0	0	0	0	0	0	0	0	0	0	49	19	81	54	18	0	0	0	213	0	0	0	0	0	0	0	0	0	0	0	12	0	277	0	91	0	266	411	0	30	0	0	0	0	0	1582	40	0	0	0	32	0	0	0	0	0	0	0	0	106	0	0	0	0	0	0	0	0	0	0	0	0	0	0	0	0	0	0	0	0	0	0	0	0	0	121	84	14	418	38	0	22	0	496	10	0	0	0	0	29	0	0	0	0	0	0	0	57	0	0	99	0	1036	231	2151	734	0	512	124	0	0	0	0	0	50	164	0	0	0	0	0	0	0	0	0	0	0	0	0	0	0	0	0	0	0	0	0	7	0	0	10	0	14	261	7411	510	814	1064	311	0	847	140	0	0	0	0	0	0	0	0	0	0	0	0	0	0	0	0	0	0	0	0	0	0	0	0	0	0	0	0	0	0	0	0	0	0	0	0	0	0	0	0	0	0	54	0	0	55	0	0	0	0	0	0	0	0	0	0	0	0	0	0	0	0	0	0	0	0	0	0	0	0	0	0	0	0	0	0	0	0	0	0	0	0	0	0	0	0	0	40	58	0	0	0	0	0	0	0	0	0	0	0	0	0	0	0	0	0	0	0	0	0	0	0	0	0	0	0	0	0	0	0	0	0	0	0	0	0	0	0	0	0	0	0	0	3	0	0	50	0	0	0	0	0	0	0	48	0	0	0	0	0	0	0	0	0	0	26	0	110	0	0	13	0	70	225	0	0	0	0	0	0	0	0	0	0	0	0	0	0	0	0	0	0	0	0	29	0	10	0	0	90	0	0	0	0	0	0	0	0	0	0	0	0	0	0	0	0	0	0	0	0	0	0	0	0	0	0	0	56	0	0	12	0	35	805	17	0	0	0	0	0	0	0	0	0	0	0	0	0	0	0	0	0	0	0	169	0	0	0	0	26	0	0	0	0	0	0	0	0	0	0	0	0	0	0	0	0	0	0	0	0	0	0	0	175	0	0	0	0	20	0	0	0	0	0	0	0	0	0	0	37	0	256	0	0	0	0	0	0	0	0	0	0	0	0	0	0	0	0	0	0	0	0	0	0	0	0	0	0	0	63	0	0	0	0	0	0	0	0	0	0	0	0	0	17	0	0	0	0	0	19	0	0	0	18	0	0	0	54	12	0	0	0	0	0	213	0	0	0	4	0	0	0	0	0	0	0	0	0	0	0	0	0	0	0	0	0	0	0	0	0	0	0	0	0	0	0	0	26	29	0	9	0	0	0	0	0	0	0	0	0	0	0	0	0	0	0	0	0	0	0	0	0	0	0	0	0	0	154	0	114	0	0	164	0	76	0	1440	0	0	0	0	0	0	0	0	0	0	0	32	36	0	0	0	0	0	0	140	248	147	27	35	0	42	0	0	0	0	0	0	0	0	0	0	0	0	0	0	0	0	0	0	0	0	0	0	0	0	0	0	0	0	74	0	0	172	1358	155	10	0	0	0	0	0	589	112	0	0	0	0	0	0	0	0	9	0	0	134	0	326	0	0	0	0	0	0	0	0	0	0	0	0	143	0	0	0	337	0	0	155	0	15	2	0	0	0	0	0	75	0	0	0	215	0	50	0	0	31	0	0	0	0	0	0	0	302	1188	420	67	45	80	144	48	0	0	0	0	0	0	0	0	0	0	0	0	0	0	0	0	0	143	0	0	0	0	85	0	54	58	0	0	10	0	96	0	0	0	0	0	0	0	0	0	324	969	0	209	45	242	0	73	237	0	0	0	0	0	0	0	0	0	0	0	0	0	0	0	0	0	0	0	290	0	0	0	0	0	0	0	0	0	0	0	0	0	0	0	0	0	0	0	0	169	0	0	0	0	0	0	0	0	0	0	0	0	0	0	0	0	0	0	0	0	0	0	0	161	0	0	0	0	0	0	0	0	0	0	0	0	0	0	0	0	0	0	0	0	0	0	0	0	0	3	0	0	0	0	0	0	0	0	0	0	0	0	0	0	17	5	0	0	0	0	0	0	0	0	0	0	0	0	0	0	0	0	0	0	0	0	0	0	0	0	13	0	0	0	0	0	0	0	0	0	0	0	0	0	0	0	0	0	0	0	0	0	0	0	208	65	0	0	0	0	2519	0	0	0	0	0	0	0
W1x2010	0	0	0	0	0	0	0	0	0	0	0	0	0	0	0	0	0	0	0	0	0	0	0	0	0	0	0	0	0	0	0	0	0	0	0	0	0	0	0	0	0	0	0	0	0	0	0	0	0	0	0	0	0	0	0	0	0	0	0	0	0	0	0	0	0	0	0	0	0	14	0	0	0	0	0	0	0	4	0	0	0	0	0	0	0	0	0	0	0	0	0	56	0	0	166	30	0	0	0	0	0	0	0	0	0	0	0	0	0	0	0	0	0	16	0	6	0	23	76	0	0	0	43	0	0	42	28	6	0	0	328	19	0	0	0	0	0	0	0	0	0	0	11	0	0	0	0	0	0	0	0	24	0	0	0	0	0	0	0	0	0	0	0	0	0	0	0	0	0	0	0	0	0	0	0	0	0	0	22	0	14	0	0	0	0	0	0	0	0	0	0	0	0	21	0	0	70	0	71	0	0	287	55	13	83	0	0	0	124	0	28	0	0	0	0	0	0	0	0	0	0	0	0	0	0	0	0	0	0	24	0	0	0	0	0	0	0	0	0	0	0	0	0	0	0	0	0	23	0	66	116	99	0	0	22	0	0	0	0	0	0	0	0	0	0	0	0	0	0	0	0	0	0	16	0	0	0	120	0	153	61	46	21	0	35	0	0	0	0	0	0	0	0	0	0	0	0	0	0	0	0	0	0	43	96	0	17	0	0	0	0	0	0	0	0	0	0	0	0	0	0	19	0	147	52	15	0	0	37	82	0	0	0	0	0	0	0	0	0	0	0	0	0	0	0	49	0	303	0	0	86	0	0	0	0	0	0	152	0	0	0	19	0	0	77	0	0	0	0	0	0	0	0	0	0	0	0	0	0	0	0	0	0	0	0	0	0	0	44	0	0	0	6	0	0	0	42	0	0	70	0	0	0	0	755	0	0	0	0	0	0	0	0	0	0	0	119	0	21	0	35	77	0	288	177	40	642	0	334	320	0	0	0	0	0	0	0	0	0	0	0	0	0	0	0	0	0	0	0	0	0	0	0	0	0	0	0	0	0	0	0	0	49	0	346	16991	399	1048	715	874	995	373	78	0	0	0	0	0	0	0	0	0	0	0	0	0	0	85	0	0	0	0	0	0	0	0	0	0	0	0	0	0	0	0	0	0	0	9	0	0	0	0	0	0	0	0	0	0	0	60	0	0	0	0	0	0	0	0	10	0	0	0	0	0	0	0	0	0	0	0	0	0	0	0	0	0	0	0	0	0	0	0	0	0	0	0	0	0	0	0	35	57	0	75	0	0	0	0	0	0	0	0	0	0	0	0	0	0	0	0	0	0	0	0	0	0	0	0	0	0	0	0	0	0	0	0	0	0	0	0	0	0	0	0	0	0	0	0	0	0	17	0	0	0	0	0	0	3	0	0	0	0	0	0	0	0	24	0	0	14	0	0	0	7	5	0	0	0	0	0	0	0	0	0	0	0	0	0	0	0	0	0	0	0	0	0	0	35	0	0	0	0	0	0	0	0	0	0	0	0	0	0	0	0	0	0	0	0	0	0	0	0	0	0	0	0	0	0	0	284	0	0	0	8	0	0	83	0	0	0	0	0	0	0	0	0	0	0	0	0	0	0	0	0	0	0	78	0	22	0	0	0	27	35	0	0	0	0	0	0	0	0	0	0	0	0	0	0	0	0	0	0	0	0	0	0	0	0	0	0	0	18	0	0	0	0	0	0	0	15	0	0	0	0	0	0	0	0	0	0	0	0	0	0	0	0	0	0	0	0	0	0	0	0	0	0	10	0	22	0	0	0	113	0	0	0	0	0	0	0	0	0	0	0	0	0	0	0	0	120	0	0	12	0	0	0	0	0	0	0	255	28	0	0	0	0	0	32	0	0	23	0	0	0	150	0	13	0	0	0	0	0	0	0	0	0	0	0	0	0	0	0	0	0	0	0	0	0	0	0	43	170	0	0	0	0	0	26	0	0	0	0	0	0	0	0	0	0	0	0	0	0	0	0	104	0	0	0	0	0	0	0	83	123	0	235	135	124	0	0	0	0	0	0	0	0	0	0	0	0	0	0	0	0	0	0	0	0	31	476	0	0	0	25	0	0	0	0	0	0	0	0	0	0	0	0	0	0	0	0	0	0	0	0	0	0	0	0	0	0	0	0	0	11	34	0	0	166	12	360	142	0	31	0	0	0	0	110	0	0	0	0	0	0	0	0	0	0	0	0	0	0	0	0	0	0	0	0	0	0	0	0	0	0	0	27	0	0	0	0	0	0	0	17	0	0	0	0	0	0	0	0	0	0	150	0	43	0	0	0	0	0	0	0	0	0	0	0	100	362	17	662	103	313	102	0	6651	0	0	0	0	0	0	0	0	0	0	0	0	0	0	0	54	0	21	0	0	0	21	0	0	0	0	0	0	87	0	0	0	0	0	0	13	0	0	0	133	0	128	0	366	0	30	59	0	0	0	0	0	0	0	0	0	0	0	0	12	0	0	0	0	0	0	0	0	0	0	0	0	0	0	0	0	0	0	0	0	0	0	0	0	0	0	0	0	0	0	0	0	0	35	0	0	0	0	0	0	0	0	0	0	0	0	0	0	0	0	0	0	0	30	0	0	0	0	0	0	0	0	0	0	0	0	0	0	0	0	0	0	0	0	0	0	0	0	0	0	0	0	0	0	0	0	0	0	0	0	0	0	0	11	0	0	0	0	0	0	0	0	0	0	0	0	0	0	0	0	0	0	0	0	0	0	0	0	14	0	0	0	0	0	0	0	0	0	0	0	0	0	0	0	0	0	0	0	0	0	0	0	36	0	0	17	0	17	0	0	10	0	0	0	0	0
W1x2013	0	0	0	0	0	0	0	0	0	8	0	0	141	0	0	0	0	21	0	0	0	86	0	0	0	0	0	0	0	0	0	0	0	0	0	0	0	0	0	0	0	0	0	0	0	0	0	12	0	0	0	0	0	0	0	0	0	0	0	0	0	0	0	0	0	0	0	0	0	0	0	0	0	0	0	0	0	0	0	0	0	0	0	8	0	0	0	0	0	0	0	0	0	0	223	0	0	259	0	29	0	0	0	0	0	0	0	0	0	0	107	0	0	0	0	0	0	0	0	0	0	0	0	0	0	0	0	0	0	43	0	0	0	0	0	0	0	0	18	0	0	0	0	11	0	0	0	0	0	0	0	0	0	0	0	0	0	0	0	0	0	0	0	0	4	0	0	0	0	0	0	0	0	0	0	0	0	0	0	0	0	0	0	0	0	0	0	0	686	0	0	0	0	0	326	0	0	0	413	137	198	0	0	0	0	0	0	0	0	144	103	53	0	0	0	0	0	0	0	0	0	0	0	0	0	0	0	0	0	0	0	0	0	0	0	0	0	0	0	0	0	0	0	0	38	0	0	0	0	0	0	0	123	0	0	0	0	0	0	0	0	0	0	0	0	0	0	0	0	0	0	0	0	31	0	0	473	39	0	100	0	25	340	0	418	0	0	0	0	0	0	0	0	0	0	0	0	0	0	0	0	0	0	0	46	0	0	98	0	0	0	0	0	0	129	0	0	0	0	0	0	0	76	0	0	6	0	0	171	29	0	0	0	0	0	0	0	0	0	0	0	0	0	0	0	0	0	8	0	320	374	0	0	0	0	0	0	0	0	0	0	0	0	20	0	0	0	0	0	0	0	0	0	0	0	0	0	0	0	0	0	0	0	0	0	0	0	0	0	0	0	0	0	0	0	0	0	162	0	86	0	37	5	0	219	0	0	0	0	0	0	0	0	0	0	0	77	0	0	0	0	111	0	0	239	130	116	0	322	0	0	0	0	0	0	43	0	0	0	0	164	0	0	0	0	0	0	0	0	0	0	0	0	0	0	0	0	0	0	242	0	401	8	16	120	0	227	264	60	0	57	0	133	0	0	0	0	0	0	0	0	0	0	0	0	5	0	0	0	0	0	0	0	0	0	0	0	0	0	0	0	0	0	0	0	0	0	0	0	0	0	0	0	0	0	0	0	0	0	0	0	0	0	0	0	0	0	0	8	0	0	0	0	0	0	0	0	0	0	0	0	0	0	37	0	0	0	0	0	0	0	0	0	0	0	0	0	0	0	0	0	0	0	91	0	0	0	0	0	0	3	0	0	0	0	0	0	0	0	0	0	0	0	0	0	0	0	0	0	0	60	0	0	0	0	46	0	0	0	0	0	0	0	0	0	3	25	0	121	0	0	0	0	0	0	0	0	71	0	0	0	0	0	0	0	0	0	0	0	0	0	0	0	0	0	0	0	0	0	0	0	0	0	0	0	0	0	0	0	0	0	0	0	0	0	0	0	0	0	0	0	0	0	0	0	0	0	0	0	0	0	0	0	0	74	0	0	0	0	0	0	0	0	44	0	0	0	0	0	302	0	0	0	0	0	0	0	0	0	0	0	0	0	0	0	0	0	17	0	0	0	0	0	0	0	0	0	0	0	13	0	0	0	0	0	0	0	0	0	0	0	0	0	0	0	0	0	0	0	0	4	0	0	0	0	0	0	0	0	0	0	0	0	8	0	0	4	0	0	0	0	0	0	0	0	0	0	0	0	0	0	0	0	0	0	0	0	0	0	0	0	0	0	0	0	0	0	137	0	0	0	0	0	0	0	0	0	0	0	0	0	0	0	0	0	0	5	0	58	0	35	0	0	0	62	0	0	70	0	0	113	0	0	64	101	0	0	138	31	124	0	0	0	0	34	0	0	0	0	0	0	0	0	2	0	0	0	0	0	0	0	0	0	0	0	0	0	0	0	0	0	0	0	0	0	0	0	0	0	0	0	0	0	0	0	0	0	0	0	0	0	0	0	0	0	0	0	7	0	0	0	0	64	30	0	0	0	0	0	898	0	0	0	0	0	0	0	44	0	0	0	0	0	0	0	0	0	0	0	0	0	0	0	181	0	0	0	0	0	0	0	0	0	0	0	0	0	0	0	0	0	0	0	0	0	0	0	0	0	11	0	141	29	0	55	1843	0	0	0	0	2250	0	0	0	0	0	100	101	0	0	0	0	0	0	0	0	0	0	0	0	0	0	0	0	0	0	0	13	0	43	0	0	0	0	86	0	0	0	0	0	29	0	0	18	0	0	0	0	0	0	0	532	14	0	0	0	41	150	0	0	0	0	0	0	0	0	0	71	1250	112	191	0	138	237	32	13435	2054	8	0	5	0	0	0	0	0	0	0	0	0	0	0	0	0	0	0	56	0	47	129	0	0	5	0	182	0	107	0	0	0	0	0	0	0	0	192	274	0	803	0	144	0	0	0	60	0	0	0	0	0	0	0	0	0	0	15	0	0	0	0	0	0	0	0	0	0	0	0	0	0	0	0	0	0	0	0	0	0	0	0	0	0	0	0	0	49	0	0	0	0	0	0	0	0	0	0	0	0	0	0	0	0	0	0	0	0	0	0	0	0	0	0	0	0	0	0	0	0	0	0	0	0	0	0	0	0	0	0	0	0	0	0	21	0	0	0	0	0	32	0	0	0	0	0	0	0	0	0	0	53	0	0	0	0	0	13	0	0	0	23	0	0	0	0	0	0	0	0	0	0	0	0	0	0	0	0	0	0	115	0	0	0	0	0	0	0	0	0	0	0	0	0	0	0	0	0	61	0	0	0	0	17	130	0	5	0	200	0	0	0	0	0	0	0
W1x2016	0	0	0	0	0	0	0	0	0	0	0	0	0	0	0	0	0	0	0	0	0	0	117	0	0	0	0	0	0	0	0	0	0	0	0	0	0	0	0	0	0	0	0	0	0	0	0	10	0	0	0	0	0	0	0	0	0	0	0	0	19	0	0	0	0	0	0	0	0	0	0	0	0	0	0	0	0	0	0	0	0	0	0	0	0	0	0	0	0	0	0	24	0	0	0	48	15	0	0	21	0	0	0	0	0	0	91	0	0	0	0	0	0	8	0	0	34	0	44	87	0	0	0	0	0	0	0	0	0	0	0	24	0	0	0	0	10	0	0	0	0	0	0	0	0	0	0	0	0	0	0	0	0	0	0	0	0	0	0	0	0	0	0	0	0	0	0	52	0	0	0	77	0	0	0	0	0	0	0	37	0	0	0	0	0	0	0	0	0	0	0	0	25	0	0	38	0	160	136	40	43	0	0	335	689	0	0	0	0	0	0	0	335	0	0	0	0	0	0	0	0	0	0	0	0	0	0	0	0	0	0	0	0	0	0	0	0	0	0	0	0	0	0	31	0	0	47	22	22	0	0	170	92	320	127	0	0	0	23	0	0	0	0	0	0	0	0	0	0	0	0	0	0	0	0	595	0	169	115	243	236	528	187	1104	165	0	0	33	0	0	0	0	0	0	0	0	0	0	0	0	0	195	0	105	82	0	28	0	0	0	0	0	0	0	0	0	0	0	0	0	0	25	0	101	765	126	0	0	581	40	0	0	0	0	0	0	0	0	8	0	0	0	0	0	0	134	0	0	0	0	0	0	0	0	0	40	0	0	0	0	156	15	0	0	0	0	0	0	0	0	57	0	0	0	0	0	0	0	0	0	0	0	0	0	0	0	0	0	0	0	0	29	0	0	0	0	103	26	841	0	0	349	0	0	0	22	0	0	0	0	0	0	0	0	0	0	0	0	0	0	47	417	155	402	271	18	344	2477	150	340	0	0	0	0	0	0	0	0	226	0	0	0	0	0	0	0	0	10	0	0	0	0	0	0	0	0	0	0	0	0	72	0	0	26	265	74	5124	864	3138	0	1250	2035	500	22	0	0	0	0	0	0	0	2	0	0	0	0	0	0	0	0	0	0	0	0	0	0	0	0	0	0	0	0	0	0	0	0	0	0	0	0	0	0	0	0	0	0	0	0	0	0	0	0	0	0	0	0	0	0	0	0	0	0	0	13	0	0	0	0	0	0	0	0	0	17	0	0	0	0	9	0	0	0	0	0	17	0	0	0	0	0	0	0	0	0	0	0	0	0	0	0	0	0	0	0	0	0	0	0	0	0	0	0	0	0	0	0	0	0	0	0	0	0	0	0	0	0	0	118	0	0	0	0	0	0	16	0	12	0	0	0	0	0	281	0	0	0	0	19	0	0	0	0	0	0	0	0	0	0	0	26	33	0	0	13	0	0	0	0	0	23	0	0	0	0	0	0	0	0	0	0	0	0	0	0	0	0	0	0	0	20	0	0	0	0	0	0	0	0	0	0	0	0	0	0	0	0	0	0	0	0	0	19	0	24	0	0	0	0	0	0	39	0	0	0	0	38	0	0	0	0	0	0	0	0	0	0	0	0	0	0	0	0	0	0	0	88	0	0	0	0	0	0	59	0	0	0	0	0	0	0	0	0	0	0	0	0	0	0	0	0	0	0	0	0	0	0	0	0	0	0	0	117	0	0	0	0	0	18	0	0	0	0	0	16	53	12	0	0	0	0	0	0	0	0	0	0	0	0	0	0	0	0	0	0	0	0	0	25	67	0	0	0	0	0	83	0	0	0	0	0	0	0	0	0	0	0	46	0	0	0	0	0	0	0	0	0	216	0	0	0	0	0	0	30	117	0	0	0	0	95	0	0	0	0	31	0	110	0	0	0	0	0	0	0	0	0	0	0	0	0	0	0	0	0	0	0	0	0	0	0	95	0	0	34	0	0	0	64	0	0	0	0	0	0	0	0	0	0	0	0	0	0	0	0	0	117	0	0	0	0	16	196	440	932	0	341	0	0	0	37	74	0	0	0	103	0	0	0	0	0	0	0	0	0	0	0	0	0	0	0	0	0	190	0	0	0	0	0	0	0	0	0	0	0	0	0	0	0	0	0	0	0	0	5	0	0	0	0	0	0	11	0	0	0	0	0	0	0	24	0	0	274	137	0	0	0	104	0	0	0	0	0	0	0	0	0	0	0	0	0	0	0	0	0	0	0	0	0	0	0	0	0	0	0	0	0	831	245	222	0	0	0	0	92	26	0	0	0	0	0	0	0	0	0	0	34	0	0	0	0	0	0	0	0	0	0	0	1516	53	556	104	346	779	141	1478	224	0	0	0	16	0	0	0	0	0	0	0	0	0	0	0	0	101	0	8	0	0	0	0	0	0	0	0	54	0	144	0	0	0	0	0	0	0	0	1132	72	3455	183	463	0	81	1225	0	652	0	0	0	0	0	0	0	0	0	0	0	22	0	0	0	44	0	0	0	0	0	0	0	8	0	0	0	0	0	0	0	0	0	0	0	0	0	0	0	0	0	0	0	0	0	0	0	0	0	0	0	0	0	0	0	0	0	7	0	0	0	0	0	0	0	0	0	0	0	0	0	0	0	0	0	0	0	0	0	0	0	0	0	0	0	0	17	0	0	0	0	0	0	0	0	0	0	203	0	0	0	0	0	0	0	0	0	0	0	0	0	0	0	0	0	0	0	0	0	0	0	0	0	0	0	0	0	0	0	0	0	31	0	0	0	0	0	0	0	0	0	0	0	0	10	0	0	0	0	0	0	0	0	0	0	0	0	35	0	8	0	0	49	0	1154	0	0	0	0
W1x2107	0	0	0	48	51	0	0	71	0	0	0	0	0	7	132	0	15	20	7	11	90	0	0	0	28	0	0	38	42	0	0	0	0	0	0	0	0	0	0	15	21	248	173	0	35	146	34	0	0	0	0	0	0	0	0	0	0	0	320	0	10	0	0	0	0	0	0	0	0	0	0	0	3	0	41	0	4	10	0	0	0	0	25	0	53	9	20	0	0	0	0	0	0	0	0	0	562	0	0	0	0	0	0	45	40	95	0	88	65	0	0	0	78	0	0	0	0	0	17	0	101	271	0	0	0	47	25	396	44	390	44	0	0	0	0	0	38	0	0	0	0	0	0	0	78	0	33	0	0	0	0	0	0	0	0	20	0	127	0	0	0	29	2	261	958	19	0	0	1234	0	69	0	0	0	0	0	0	0	0	0	0	12	0	0	0	0	0	0	0	0	0	0	0	0	0	0	0	316	106	2102	15	142	23	25	21	0	0	0	0	0	51	35	15	451	0	0	0	0	0	0	27	0	0	0	0	0	0	0	81	0	0	0	0	0	0	0	0	0	0	0	0	63	0	0	0	0	0	0	0	98	0	93	0	0	85	0	82	0	0	0	24	0	0	0	0	0	0	0	0	0	0	0	0	0	0	0	171	66	123	126	103	174	518	0	208	22	10	0	0	0	50	37	0	0	0	0	0	0	0	53	82	213	18	34	0	0	31	229	0	0	0	0	0	0	0	49	0	0	0	0	0	103	1381	87	59	105	23	0	0	180	0	18	123	0	0	0	0	0	53	0	62	0	0	0	1501	0	0	0	0	0	23	242	0	0	55	0	0	0	0	112	0	0	0	378	8	0	0	0	0	11	0	0	0	0	0	0	0	89	0	0	0	0	0	0	0	0	0	0	0	0	0	0	0	0	0	0	31	13	0	0	0	0	22	110	20	0	0	0	7	0	0	0	0	0	0	95	0	0	0	0	577	104	47	141	593	298	54	0	260	266	0	0	60	26	0	0	0	0	0	0	0	124	0	12	0	0	0	0	0	0	0	0	0	0	0	0	0	0	0	0	0	53	60	57	290	1762	463	606	434	302	231	543	150	0	0	0	0	0	0	0	129	0	0	0	0	0	0	0	0	0	0	0	159	0	0	0	0	221	0	0	0	116	0	0	0	0	13	0	86	52	11	0	0	35	0	0	41	0	0	0	0	20	6	0	0	0	135	0	0	98	0	18	0	4	0	0	0	0	7	0	0	0	0	0	55	0	0	0	0	0	55	0	0	95	0	0	0	0	0	0	39	0	0	0	0	12	0	0	180	0	0	55	0	0	248	0	0	0	0	0	0	0	0	0	0	0	72	26	0	0	0	172	0	0	6	17	0	0	0	0	0	65	0	0	0	0	0	60	0	0	0	0	0	0	0	117	0	99	0	7	0	0	0	0	0	40	0	78	49	0	0	0	593	0	36	0	0	0	0	0	0	0	0	0	21	0	0	0	28	0	0	0	3	45	0	16	0	0	0	19	0	169	0	154	12	0	0	0	0	0	0	0	14	106	0	97	0	0	0	0	0	0	0	21	0	0	0	0	110	0	0	19	0	0	105	0	0	0	636	0	0	0	0	0	0	0	0	0	13	0	0	0	9	17	0	0	0	0	104	0	0	0	0	0	0	0	28	0	0	0	0	0	15	0	0	31	27	57	0	0	0	0	0	0	0	0	0	0	0	0	0	12	0	0	923	0	22	0	63	11	0	0	0	111	0	0	0	0	8	0	42	66	0	23	0	50	129	0	0	0	0	0	165	0	22	7	77	0	0	0	0	89	0	0	0	23	0	0	0	0	0	0	0	0	0	269	0	34	177	17	483	621	0	0	0	0	0	0	0	0	247	22	0	3144	0	0	0	109	43	93	144	0	0	0	22	0	0	0	0	67	0	75	0	63	0	0	168	0	0	0	201	0	63	0	0	0	0	0	0	0	18	12	0	84	0	0	0	17	0	0	0	0	32	0	22	32	0	0	0	0	7	159	0	0	0	0	15	0	113	0	0	278	34	56	0	0	407	153	0	98	211	0	22	0	0	338	0	0	0	0	0	0	0	19	0	16	0	0	30	0	0	0	21	0	0	15	0	0	0	403	0	0	194	0	0	0	4	0	0	0	0	0	14	0	0	0	0	85	48	44	0	0	0	0	0	10	0	129	16	74	0	238	30	10	0	0	150	178	0	0	0	0	0	0	0	13	0	535	0	10	0	0	73	0	0	24	0	0	126	0	40	0	0	0	46	36	0	41	20	0	0	0	83	85	0	0	0	0	0	6	0	0	68	0	0	0	0	0	1642	0	0	51	0	0	0	0	144	881	465	640	1875	450	82	121	128	136	538	0	0	0	0	0	0	0	0	0	0	0	0	0	26	0	100	3405	0	13	0	0	545	104	0	100	0	0	801	25	0	0	0	569	0	42	0	0	97	119	92	0	57	5798	105	0	104	143	0	0	0	234	0	111	0	0	100	0	0	18	0	0	0	0	23	0	116	0	0	24	23	13	0	0	0	0	0	0	0	0	0	0	0	0	0	0	0	106	0	0	0	0	0	0	0	0	35	0	0	0	0	0	0	0	0	0	31	0	0	0	0	0	0	125	0	0	0	153	0	0	0	40	0	333	0	0	0	0	54	0	0	0	0	7	12	0	0	10	0	10	0	0	34	0	0	0	0	0	0	0	0	22	0	0	0	0	0	164	0	0	0	0	0	0	0	9	55	7	0	0	0	0	0	0	21	0	3	0	0	0	0	0	0	0	0	0	556	0	0	172	0	0	0	0	0	0	0	0	0	0	0	7	0	66	18	0	0	0	0	0	0	51	0	49	0	0	0
W1x2110	0	0	0	0	0	0	0	0	0	27	0	30	0	0	0	0	36	27	0	70	0	0	0	0	0	0	0	13	0	0	13	0	0	0	0	0	0	0	0	0	0	0	0	0	23	0	10	0	0	0	0	0	0	0	0	0	0	0	11	0	0	0	0	0	0	0	47	0	0	0	0	0	0	0	0	26	0	0	0	0	0	0	0	0	0	24	0	0	0	0	80	0	0	188	0	35	24	0	0	0	0	0	0	0	0	0	0	0	0	0	0	0	30	0	0	0	0	0	287	0	0	0	0	0	0	61	137	112	0	0	0	0	14	0	0	0	241	0	0	15	0	0	0	0	0	0	0	0	0	0	0	0	0	0	0	39	0	0	24	0	0	0	0	63	0	17	0	41	0	0	12	0	0	0	74	0	0	19	0	3	120	0	3	0	0	0	0	0	0	0	0	0	0	8	0	0	0	76	34	163	12	707	0	0	30	0	0	0	0	0	0	20	0	56	0	0	0	0	0	0	0	13	0	0	0	0	0	0	0	0	0	0	0	0	0	0	0	0	0	0	0	18	0	0	0	0	0	0	0	250	0	90	0	0	108	0	0	0	0	0	0	0	0	0	0	0	0	0	0	0	15	72	0	0	0	288	125	362	39	539	75	278	47	0	60	0	0	0	0	0	0	24	0	0	14	0	0	0	0	40	0	0	0	31	0	0	68	140	0	0	21	0	0	0	0	0	0	24	0	175	0	69	375	100	83	21	101	0	0	1085	0	0	0	0	0	0	0	0	0	0	0	0	0	0	0	295	0	0	29	0	0	0	0	0	0	0	0	126	10	54	0	0	93	0	0	0	0	0	0	14	0	0	0	0	0	0	0	0	0	0	0	0	0	0	0	0	0	0	68	0	55	0	0	37	0	0	32	8	0	0	114	0	30	8	33	0	0	0	14	0	0	0	0	41	0	92	0	113	27	0	1663	140	0	402	298	63	2973	93	294	362	0	0	32	26	0	0	0	0	0	0	0	11	0	0	19	0	0	0	0	0	0	0	0	0	0	623	0	0	51	0	0	0	83	116	939	783	442	3638	5062	175	398	739	38	0	0	0	0	6	0	0	0	0	0	0	0	0	0	0	41	0	0	40	18	0	0	0	0	0	0	0	0	62	0	0	0	0	0	0	0	68	51	0	0	39	0	130	0	0	0	0	0	0	0	0	0	0	0	0	34	0	0	0	0	0	0	0	0	0	0	0	43	0	0	0	0	0	0	0	0	0	0	54	0	0	0	31	0	0	0	0	0	0	0	16	0	0	0	0	0	0	0	0	0	0	0	0	0	0	0	20	0	0	0	0	0	0	0	38	0	0	0	0	0	0	23	20	0	0	0	0	0	0	44	0	0	0	0	0	0	0	0	0	0	0	0	0	0	19	0	0	0	0	0	0	0	0	0	82	24	5	95	0	92	0	0	0	0	0	0	0	0	0	0	0	0	0	0	0	0	0	0	0	10	0	0	17	87	0	7	47	360	0	0	0	45	0	0	0	0	0	0	0	0	0	0	0	0	0	0	0	0	0	0	0	0	0	0	0	0	23	0	38	0	0	110	0	0	0	0	0	0	0	0	0	0	0	0	7	0	0	0	0	7	0	0	0	0	0	212	0	360	25	0	0	0	0	0	0	0	49	10	0	21	0	0	0	0	0	0	0	0	0	24	27	0	0	0	0	0	0	0	0	0	14	0	0	91	0	87	0	0	0	0	39	0	0	0	0	0	0	26	0	0	0	0	0	0	0	0	11	0	0	0	0	20	10	7	0	58	0	0	0	65	0	26	0	9	0	0	0	0	0	0	0	0	0	0	0	0	0	0	0	0	0	0	0	0	0	0	0	649	18	0	281	32	0	0	0	25	0	26	0	0	0	44	0	16	0	0	0	0	0	0	0	0	0	0	0	0	0	0	0	0	0	0	0	0	9	0	0	40	17	0	0	0	15	0	0	0	0	13	0	0	0	0	0	0	0	0	6	0	0	0	1058	0	5	0	0	0	21	0	0	108	96	0	666	278	128	17	56	73	0	22	0	0	0	0	0	0	0	0	0	0	0	0	0	0	0	0	0	271	28	0	0	0	0	0	0	0	19	0	59	70	0	5	0	0	0	0	0	0	0	0	0	0	0	0	0	0	57	31	0	9	0	0	0	0	215	64	252	11	0	34	3	133	0	0	618	0	0	0	0	0	0	0	0	0	0	0	0	0	0	46	0	0	0	9	0	0	0	0	0	0	0	0	60	24	0	28	0	0	0	0	481	0	0	0	0	0	0	193	0	0	0	0	0	0	0	0	0	13	8	0	0	0	0	0	2328	83	2277	602	676	43	777	2814	130	177	0	0	0	0	0	0	0	0	6	0	0	0	0	0	0	563	48	0	0	0	0	145	141	0	44	0	0	0	88	97	0	0	0	0	0	0	0	0	7	87	0	164	539	615	0	0	751	0	0	0	0	0	47	0	0	0	0	0	12	25	0	0	0	0	0	0	0	0	0	0	0	0	0	0	0	0	0	0	0	0	0	0	0	0	0	0	0	0	0	0	0	0	0	0	0	0	0	0	0	0	0	0	0	0	0	16	14	0	0	52	0	0	84	0	0	0	42	0	0	0	18	0	0	0	0	0	0	9	0	0	0	0	0	0	0	0	0	0	14	0	0	0	0	0	0	0	16	0	0	0	27	0	0	0	0	0	0	0	0	0	0	0	0	0	0	0	0	0	6	0	0	0	0	0	0	0	0	0	17	424	0	28	0	0	0	82	0	0	0	0	0	0	0	0	0	0	0	0	0	0	18	0	0	0	0	30	172	0	0	0	0	83	0	0	0	0
W1x2111	0	0	0	0	0	0	0	0	0	0	0	0	0	0	0	0	13	0	0	0	0	0	0	0	0	0	0	0	0	0	0	0	22	0	0	0	0	0	0	0	0	0	0	0	0	0	0	0	0	0	0	0	0	0	0	37	0	0	0	0	8	0	0	0	0	0	0	0	0	0	0	0	0	0	0	0	0	0	270	0	0	0	0	0	0	0	0	0	0	0	0	21	0	499	0	71	0	0	0	0	0	0	22	0	0	0	0	0	0	0	0	0	0	0	0	0	0	30	0	0	0	0	26	0	0	128	325	19	80	0	0	0	0	0	0	0	328	0	0	0	0	0	0	0	0	0	0	0	0	0	0	0	0	0	0	0	0	0	0	0	0	88	0	0	0	0	0	0	0	0	0	0	0	0	0	0	0	0	16	0	0	0	0	0	0	0	0	0	0	0	0	0	0	0	0	0	51	89	0	0	8	0	0	134	175	0	0	0	0	0	0	0	0	12	0	0	0	0	0	0	0	21	0	0	0	0	0	0	0	0	0	0	0	0	0	0	0	0	0	0	0	0	0	0	0	0	0	0	0	70	0	207	15	655	0	0	0	0	0	0	0	0	0	0	0	0	0	0	0	0	13	48	0	0	0	143	0	498	234	738	0	622	99	511	58	0	0	0	0	0	0	0	0	0	0	0	0	0	0	5	0	45	0	303	68	0	243	0	0	0	0	0	0	0	0	0	0	0	0	0	0	50	0	10	0	0	0	242	94	0	0	0	0	0	0	0	0	0	0	0	0	0	0	0	0	0	0	0	0	190	0	730	0	0	0	0	0	0	20	31	0	0	0	0	0	0	0	0	0	0	0	0	0	0	0	0	0	0	0	0	0	0	0	0	0	0	0	0	0	0	0	0	0	0	0	0	309	35	0	0	247	446	0	198	0	200	0	11	0	0	0	0	10	0	0	0	0	0	0	0	298	25	377	1235	0	82	0	249	583	542	0	0	0	0	0	0	0	5	0	33	0	0	0	0	0	4	0	0	0	0	0	0	0	0	0	0	0	0	0	0	0	43	0	88	2262	91	4055	2197	4461	41	7412	2490	17	0	0	0	0	0	0	0	0	0	0	0	0	0	0	0	0	0	47	0	0	0	0	0	0	0	13	0	0	0	0	0	0	0	16	0	0	0	0	0	0	0	0	0	0	0	0	0	0	0	0	0	24	0	0	0	0	0	0	0	0	0	0	0	0	0	0	0	0	0	0	0	0	0	0	0	0	0	0	0	0	0	0	0	0	0	0	0	0	0	0	0	0	0	0	0	0	0	0	10	0	0	0	19	18	14	0	28	0	0	0	0	0	0	0	0	0	0	0	0	0	0	0	0	0	0	0	0	0	0	0	0	18	0	0	0	0	0	0	0	0	0	0	0	0	14	0	0	0	0	0	0	0	0	0	19	0	166	72	0	0	12	0	60	24	0	0	0	0	0	0	0	0	0	0	0	0	0	0	0	0	0	0	0	0	0	0	0	0	0	0	0	0	0	0	0	0	0	0	0	0	0	0	0	0	0	0	0	0	80	0	12	11	0	126	0	27	0	0	15	0	0	0	50	0	0	0	0	0	0	0	0	0	0	0	0	0	0	0	0	0	0	0	88	0	0	0	29	207	0	0	0	48	0	0	21	30	0	0	0	0	0	0	0	0	0	0	0	0	0	0	0	0	0	0	0	0	0	0	243	0	3	0	0	0	0	0	29	0	0	0	0	0	43	0	0	0	0	0	0	6	0	0	0	0	0	0	0	0	0	0	0	0	0	0	0	110	0	0	0	0	0	0	0	0	0	0	0	0	0	0	0	0	0	0	0	0	0	0	0	47	0	0	0	0	0	0	0	25	0	0	21	61	0	0	28	251	0	0	0	0	0	132	0	0	0	0	0	0	0	0	0	0	0	0	0	0	0	0	0	0	0	0	0	0	0	0	0	87	0	77	32	0	389	0	0	0	0	0	0	0	0	0	0	0	0	0	0	0	0	0	0	0	75	0	67	0	0	0	0	0	1304	0	751	0	0	27	29	327	0	0	0	0	0	0	0	0	0	0	39	0	0	0	0	0	0	67	0	0	146	465	0	0	0	0	0	0	0	15	0	0	0	0	0	0	0	0	0	0	0	0	0	27	0	0	0	0	0	15	18	0	0	0	0	0	0	0	0	0	111	125	0	0	0	51	169	0	0	0	0	0	0	0	20	0	0	0	0	0	0	0	0	0	0	0	0	0	0	0	0	0	0	29	138	0	127	737	0	0	0	8	0	0	0	0	0	0	0	0	13	0	0	0	0	76	20	0	0	0	0	0	0	0	0	0	4397	58	966	93	0	2929	1185	1035	896	0	0	0	0	0	0	0	0	0	0	0	24	0	0	0	0	0	0	0	0	0	0	48	340	0	0	0	8	0	252	0	0	0	0	0	0	0	0	468	31	18	0	694	35	0	0	834	825	0	0	0	0	0	0	0	0	0	0	0	4	0	0	0	0	0	0	0	0	2	0	0	0	0	0	0	0	0	0	0	0	0	0	0	0	0	0	0	0	0	0	0	0	0	0	0	0	0	0	0	0	0	0	0	0	0	0	0	0	0	0	0	26	0	0	122	0	0	0	0	14	0	0	0	0	0	0	0	0	0	0	0	0	0	0	0	0	22	0	0	0	22	0	0	0	0	0	0	0	0	0	0	0	0	225	0	0	0	0	0	0	0	0	0	0	0	0	0	0	0	0	0	0	0	0	0	0	0	0	0	41	0	0	0	0	0	0	0	0	0	0	0	23	0	0	0	0	0	0	0	0	0	0	0	0	14	0	25	0	0	0	137	0	0	0	0	0	0
W1x2112	0	0	0	0	0	0	0	0	0	0	0	0	0	0	43	0	0	38	0	0	27	0	330	0	0	0	0	7	0	0	0	0	0	0	0	0	0	0	0	0	0	25	0	0	0	0	0	214	32	23	33	26	0	0	0	0	0	0	0	42	0	0	0	0	0	0	0	0	0	0	0	0	0	0	39	0	0	0	0	0	0	0	0	0	0	8	0	0	0	0	0	0	0	0	0	0	42	215	0	2	0	0	0	0	0	0	0	0	0	0	0	0	0	0	0	0	0	1217	61	0	47	0	0	629	533	0	0	224	0	104	0	0	0	0	0	0	33	0	0	0	0	0	0	0	0	0	0	0	0	0	0	0	0	0	0	0	0	0	0	0	0	0	0	0	97	0	0	0	0	0	706	0	0	0	0	0	0	0	0	0	0	0	0	0	0	0	0	0	0	0	0	1324	510	0	0	39	0	251	32	211	109	34	13	59	57	0	0	0	0	221	406	152	455	141	0	952	55	0	0	0	0	0	0	0	0	0	0	0	0	0	0	0	0	0	0	0	0	0	0	0	0	16	45	131	0	0	0	0	0	55	601	123	224	0	0	0	97	0	0	0	0	0	0	0	0	0	29	0	0	0	0	13	0	21	0	150	847	64	104	106	0	184	3133	183	4029	10	0	0	0	0	19	26	0	0	0	0	0	9	0	111	0	0	0	0	75	398	0	64	0	0	0	14	0	0	204	82	0	0	313	0	0	0	146	75	0	65	0	0	0	54	0	0	29	0	0	0	0	0	0	0	0	29	0	330	0	41	0	0	0	0	137	37	0	0	0	0	0	48	0	0	0	33	0	0	0	0	0	0	0	0	0	0	0	0	0	0	0	0	0	0	10	0	0	0	0	0	0	0	0	0	0	0	0	0	0	0	19	785	0	548	50	0	0	33	4	0	0	0	0	0	0	115	0	0	0	24	0	0	114	0	115	279	64	191	119	3150	71	198	168	184	0	0	0	0	0	0	0	5	0	0	0	0	0	0	0	0	0	0	0	0	0	0	0	0	21	0	0	25	0	0	0	17	67	919	295	1237	2164	403	513	403	757	359	285	0	0	0	0	0	0	0	0	0	0	0	0	0	0	0	0	0	0	0	0	12	0	0	0	32	0	0	0	0	0	0	0	0	0	0	0	0	0	0	0	22	0	0	13	0	0	0	0	0	0	0	0	0	0	0	0	0	0	0	0	0	0	0	0	0	4	0	0	0	0	0	11	0	0	0	0	0	0	0	0	0	0	0	0	0	0	0	32	0	0	13	0	0	0	280	75	0	0	38	0	246	57	0	0	0	0	0	0	0	0	0	0	41	0	0	0	0	0	50	0	0	0	114	0	0	0	0	0	0	0	0	0	0	102	0	0	0	0	0	0	0	0	0	0	0	0	0	0	0	0	0	790	0	0	19	0	74	29	0	0	1378	0	0	0	0	0	0	0	0	0	0	0	0	0	0	0	0	0	0	0	0	0	0	0	0	0	0	0	60	0	0	0	0	0	0	0	0	0	0	0	0	0	0	0	0	0	0	0	0	0	517	952	0	0	0	90	0	24	0	0	0	52	0	0	0	56	0	0	0	0	0	0	0	0	0	0	0	0	0	0	0	0	0	0	1222	0	0	0	0	0	0	0	0	0	0	0	0	0	0	0	0	0	0	0	45	0	0	0	0	34	0	0	0	0	0	0	0	0	0	0	9	70	0	0	282	0	0	180	0	0	76	0	0	0	0	0	0	0	0	0	0	0	0	0	0	0	0	0	0	0	0	0	0	15	742	0	913	0	21	0	0	0	0	0	0	0	0	0	0	0	0	0	35	113	0	0	9	0	45	0	0	0	0	0	0	0	0	30	39	0	212	1988	0	0	259	52	2789	39	0	0	0	0	2087	49	0	0	0	0	0	0	0	0	0	0	0	0	53	29	0	0	0	0	0	0	0	104	0	47	0	0	10	0	0	0	0	0	0	0	0	24	0	0	15	0	0	0	0	0	47	0	0	0	0	0	0	47	0	0	49	84	112	0	103	233	78	2351	145	76	0	0	0	0	38	0	0	0	0	0	0	0	0	12	0	0	0	0	102	0	0	0	2405	0	613	0	0	0	42	0	23	0	0	0	0	0	0	0	0	0	0	0	0	0	0	0	0	7	36	40	0	0	0	87	0	0	81	122	0	0	534	60	4	0	0	1291	0	0	0	0	0	0	0	0	7	0	54	114	0	0	0	0	0	0	0	0	0	0	0	0	0	0	0	302	19	0	0	0	0	99	0	76	0	0	0	0	0	0	0	0	93	0	0	0	0	0	187	0	0	0	21	0	48	0	0	0	223	6973	259	1146	0	190	658	307	94	850	0	0	0	0	0	0	0	0	0	0	0	0	0	0	0	34	311	0	25	0	190	72	66	0	0	0	285	0	72	0	0	0	65	0	0	0	0	0	1519	128	85	84	365	136	0	0	79	0	0	0	0	0	0	0	0	0	0	0	0	0	0	0	0	0	0	291	54	0	0	0	0	0	0	0	0	0	0	0	19	0	0	0	0	0	0	0	0	0	0	22	0	0	0	0	0	0	0	0	0	0	0	0	0	0	0	0	20	0	0	0	10	0	19	0	84	0	0	0	0	0	0	0	45	0	0	0	0	0	0	0	0	0	0	0	0	0	0	6	0	0	0	0	0	0	0	0	0	0	0	45	0	0	0	0	0	0	0	0	0	0	0	0	0	0	0	0	0	0	0	0	0	0	0	0	0	115	0	0	0	0	0	28	164	0	0	79	0	0	0	0	0	0	0	0	0	0	0	0	0	0	0	0	59	0	1216	0	0	25	0	0	0	0	0	0	0	0
W1x2113	0	0	0	0	0	0	0	0	0	0	0	0	0	0	0	0	20	0	0	0	0	0	0	0	0	0	0	0	0	0	0	0	0	0	0	0	0	0	0	0	0	0	0	0	0	0	0	0	0	0	0	0	0	344	0	0	0	0	0	0	0	0	0	0	0	0	0	0	0	0	0	0	0	0	0	0	0	0	0	0	0	0	0	0	0	0	0	0	0	0	0	0	0	0	0	0	0	0	0	0	0	0	0	0	0	0	0	0	0	0	0	0	0	0	0	0	0	0	0	0	0	0	41	0	0	83	0	0	20	0	0	0	40	0	0	0	0	0	0	0	0	0	0	0	0	0	0	0	0	0	0	0	0	0	0	0	0	0	0	0	0	0	0	0	0	0	0	0	0	0	0	0	0	11	0	0	0	0	0	0	0	0	0	0	0	0	0	0	0	0	0	0	0	0	0	0	0	0	83	37	0	0	0	0	0	0	0	0	0	0	0	0	0	0	0	0	0	0	0	0	0	0	0	0	0	0	0	18	0	0	0	0	0	0	0	0	0	0	0	0	0	0	0	0	0	0	0	0	0	76	0	46	0	0	0	0	0	0	0	0	0	0	0	0	0	0	0	0	0	343	0	0	0	0	0	355	0	268	1249	136	49	746	0	118	0	0	0	0	0	0	0	0	0	0	0	0	0	0	0	0	0	0	0	583	47	0	0	0	0	0	0	0	0	0	0	0	0	0	0	0	654	26	0	525	0	0	0	0	0	445	0	0	0	0	0	0	0	0	0	0	0	0	0	0	0	0	0	0	0	0	0	0	0	0	0	0	0	0	0	0	0	0	0	0	0	0	0	0	0	0	0	0	0	0	0	0	0	0	0	0	0	0	0	0	0	0	0	0	0	0	36	0	0	0	0	16	159	0	0	0	0	0	0	0	0	0	0	0	0	0	0	0	17	0	0	0	0	0	0	0	881	0	0	0	0	0	0	0	6675	0	0	0	0	0	0	0	0	20	0	0	0	0	0	0	0	0	0	0	0	0	0	20	0	0	0	0	0	0	0	0	0	0	0	151	4233	28	254	5638	1413	0	5278	3114	195	0	0	0	0	0	8	0	0	26	0	0	0	0	0	0	0	0	93	0	0	0	0	0	0	0	0	0	0	0	0	0	0	0	0	0	0	0	0	0	0	0	0	0	0	0	0	0	0	0	0	0	25	0	0	0	0	0	0	0	0	0	0	0	0	0	0	0	0	0	0	0	0	0	0	0	0	0	0	0	0	0	0	0	0	0	0	0	0	0	0	0	0	0	0	0	0	0	0	0	0	0	0	0	34	0	0	0	0	0	0	0	0	0	0	0	0	0	0	0	0	0	0	0	0	0	0	0	0	0	0	0	0	0	0	0	0	0	0	0	0	0	0	0	0	0	0	0	0	0	0	0	0	0	0	0	0	0	0	0	0	0	0	0	0	0	0	0	0	0	0	0	0	0	0	0	0	0	0	0	0	0	0	0	0	0	0	0	0	0	0	0	0	0	0	0	0	0	0	0	0	0	0	0	0	0	0	0	0	11	0	0	0	0	0	0	0	231	0	46	0	0	0	0	0	0	0	0	0	0	0	0	0	0	0	0	0	0	0	0	0	0	0	0	0	0	0	0	248	0	27	0	85	0	0	0	0	0	0	0	0	0	0	0	0	0	0	0	0	0	0	0	0	0	0	0	0	0	0	0	0	0	0	0	0	0	0	0	0	0	0	0	0	0	0	0	0	0	0	0	0	0	0	0	0	0	0	0	0	0	0	0	0	0	0	0	0	0	30	0	0	18	0	0	0	0	0	0	0	0	0	0	0	0	0	0	0	18	0	0	0	0	0	0	0	0	0	0	87	0	0	0	0	0	0	8	132	0	0	0	0	0	0	0	0	0	0	0	0	0	0	0	0	0	0	0	0	0	0	0	0	0	0	0	0	0	0	0	0	0	0	0	0	0	0	0	0	0	0	0	0	0	0	0	0	0	0	0	0	0	0	0	0	0	0	49	0	23	0	0	0	0	0	0	0	6	0	0	53	0	0	0	0	0	0	0	4	0	0	0	0	0	0	0	0	0	0	0	134	0	0	0	0	0	0	0	0	0	0	0	0	11	0	0	0	0	0	0	0	0	0	0	0	0	0	0	0	0	0	0	13	0	0	0	0	0	0	0	3440	0	0	0	0	0	0	123	0	0	0	0	0	0	0	0	0	0	0	0	0	0	0	0	0	0	0	0	0	0	0	0	0	0	0	0	0	0	0	0	0	13	0	206	0	0	0	0	0	0	0	0	0	0	0	0	0	0	0	0	0	0	0	0	0	0	0	10	0	3989	13	0	0	624	0	704	0	0	0	0	0	0	0	0	0	0	0	0	0	0	0	0	0	0	0	0	0	0	0	0	0	0	0	0	0	98	0	0	0	0	14	0	0	0	0	0	75	8298	84	0	0	0	81	265	0	0	0	0	0	0	0	0	0	0	0	0	0	0	0	0	0	0	0	0	0	0	0	0	0	0	0	0	0	0	0	0	0	0	0	0	0	0	0	0	0	0	0	0	0	0	0	0	0	0	0	0	0	0	0	0	0	0	0	0	0	0	0	0	798	0	0	0	0	0	43	0	0	0	0	0	0	0	0	0	0	0	0	0	0	0	0	0	0	0	0	0	0	0	0	0	0	0	0	0	0	0	0	0	0	0	0	0	0	0	0	0	0	0	0	0	0	0	0	0	0	0	0	0	0	0	0	0	0	0	0	0	0	0	0	0	0	0	0	0	0	0	0	0	0	11	0	0	0	0	0	0	0	0	0	0	0	0	0	0	0	0	24	0	0	0	0	0	0
W1x2116	0	0	0	0	0	0	0	0	0	0	0	0	0	0	0	0	0	0	0	0	0	0	0	0	0	0	0	0	0	0	0	34	0	0	0	0	0	0	0	0	0	0	0	0	0	0	0	0	0	0	0	0	0	0	42	0	0	0	0	0	0	0	0	0	0	10	0	0	0	0	0	0	0	0	0	0	0	0	0	0	0	0	0	0	0	0	0	0	0	0	0	0	0	0	0	103	0	77	0	0	0	0	8	0	0	0	0	0	0	0	0	0	0	0	0	0	0	0	79	12	0	0	49	0	0	43	35	0	0	0	0	0	0	0	0	0	0	0	0	0	0	0	0	0	0	0	0	0	0	0	0	0	0	0	0	0	0	0	0	0	0	0	0	0	0	0	0	0	0	0	0	0	0	56	0	0	0	0	0	0	0	0	0	0	0	0	0	0	0	0	0	0	0	0	0	112	53	0	0	23	63	0	230	53	145	0	0	0	0	0	0	0	0	0	0	0	0	0	0	6	0	0	0	0	0	0	0	0	0	0	0	0	3	0	0	0	0	0	0	0	0	0	0	0	0	0	0	0	0	142	0	305	21	114	0	0	0	0	0	0	0	0	0	0	0	0	0	0	0	0	0	0	0	0	25	1528	67	240	378	573	438	393	70	0	283	0	0	0	0	0	0	0	0	0	0	0	0	0	9	0	0	0	2998	246	0	0	0	0	0	0	0	0	0	0	0	0	0	0	0	0	205	76	21	309	0	692	0	358	0	101	0	0	0	0	0	0	0	0	0	0	0	0	0	0	0	100	0	0	0	364	0	0	0	0	0	0	0	0	0	0	0	68	0	0	0	0	0	0	0	0	0	0	0	0	0	0	0	0	0	0	0	0	0	0	0	0	0	0	0	0	0	0	7	0	0	0	209	43	0	27	0	0	0	0	3	44	0	0	0	0	314	0	0	28	0	0	0	0	0	0	95	0	281	655	146	72	289	0	398	354	0	0	0	0	0	0	0	0	0	3	0	0	0	0	2	0	0	0	0	0	0	0	0	0	0	0	0	0	0	0	0	0	54	112	1454	43	5559	2360	2580	0	3697	2132	1929	0	0	0	0	0	0	0	0	7	0	0	0	0	0	0	0	0	0	0	0	0	0	0	0	0	11	0	0	0	0	0	0	0	0	0	0	0	0	0	0	0	0	0	0	0	0	0	0	0	0	0	0	0	0	0	0	0	0	0	0	5	0	0	0	0	0	0	0	0	0	0	0	0	0	0	0	0	0	0	0	0	0	0	0	0	0	0	0	0	0	0	0	0	0	0	0	0	0	0	0	0	0	0	0	0	0	0	0	0	0	0	0	0	0	0	0	0	0	0	0	0	0	0	0	0	0	0	0	0	0	0	0	0	0	0	0	0	8	0	0	0	0	0	0	0	0	0	0	0	0	0	0	0	0	0	310	25	133	0	0	0	0	0	0	0	0	0	0	0	0	0	0	0	0	0	0	0	0	0	0	0	0	0	0	0	0	0	0	0	0	0	0	0	0	0	0	0	0	0	0	0	0	0	0	0	0	0	85	0	0	0	0	0	0	0	0	0	50	0	0	7	0	37	0	0	0	0	0	0	0	0	0	0	0	0	0	0	0	0	0	0	0	0	0	0	0	0	0	0	0	0	0	0	0	0	0	0	0	0	0	0	0	0	0	0	0	0	0	0	0	0	0	0	0	0	0	0	0	0	0	0	0	0	0	36	0	0	0	41	0	0	0	0	0	0	0	0	0	0	0	0	0	0	0	0	0	13	0	0	0	0	0	0	0	0	0	0	0	0	0	0	39	0	0	0	0	0	0	0	0	0	0	0	0	0	0	0	0	0	71	238	0	0	0	0	0	0	0	0	0	0	39	0	0	0	75	22	35	0	0	0	124	42	122	0	0	0	0	0	0	0	0	0	0	0	0	0	0	252	0	0	0	0	0	0	0	0	98	0	0	0	6228	220	0	75	0	0	0	0	0	0	0	0	0	0	0	0	0	0	0	0	0	0	0	0	0	0	0	0	251	552	0	0	137	0	0	0	117	0	0	0	0	0	0	0	0	0	0	0	0	0	0	0	0	0	0	0	0	0	163	0	0	0	0	0	0	0	0	0	0	0	0	0	0	0	0	0	0	0	0	11	0	0	0	0	0	0	24	0	0	0	0	0	0	253	107	0	0	137	163	0	0	0	56	81	0	0	0	0	0	0	0	0	0	0	144	0	0	0	0	0	0	0	0	0	0	0	0	0	0	0	0	0	0	71	0	0	612	0	0	146	0	0	0	0	0	0	0	28	0	0	0	0	61	0	0	0	0	0	0	0	0	0	0	1148	846	925	53	482	0	2067	754	0	0	0	113	0	0	0	0	0	0	0	0	0	0	0	0	0	68	0	0	0	0	0	0	31	0	0	0	42	0	51	0	0	0	0	0	0	0	0	0	68	0	101	1587	31	0	0	1703	782	0	0	0	0	0	0	0	0	0	0	0	0	16	0	0	0	0	0	0	0	0	0	0	0	0	0	0	0	0	0	0	0	0	0	0	0	0	0	0	0	0	0	0	0	0	0	0	0	0	0	0	0	0	0	0	0	0	0	0	0	0	0	0	0	0	0	0	0	0	0	0	0	0	0	0	0	0	0	0	0	0	0	0	0	0	0	0	0	0	0	0	0	0	0	0	0	0	0	0	0	0	0	0	0	0	0	0	0	0	0	0	0	0	0	0	0	0	0	0	0	0	0	0	0	0	0	0	0	0	0	0	0	0	0	0	0	0	0	0	0	0	0	0	0	12	0	0	0	58	0	0	0	0	0	0	95	0	0	0	0	0	179	36	0	0	0	0	0	0
W1x2118	0	0	0	0	0	0	0	0	0	0	0	0	0	0	0	0	0	0	0	0	0	0	0	0	0	0	0	0	0	0	0	28	0	0	0	0	20	0	0	0	0	0	0	0	0	0	0	0	0	0	0	0	0	0	0	0	0	0	0	0	0	0	0	0	0	0	0	0	0	0	0	0	0	0	0	0	0	0	15	0	0	0	0	0	0	0	0	0	0	0	0	0	0	11	0	12	0	0	0	0	0	0	0	0	0	0	0	0	0	0	0	85	0	0	0	0	0	0	0	101	0	0	30	0	0	0	0	0	0	0	88	26	0	52	0	0	0	0	0	0	0	0	0	0	0	0	0	0	0	0	0	0	0	0	0	0	0	0	0	0	0	0	0	0	0	0	0	0	0	0	0	48	0	85	0	0	0	37	0	0	0	0	0	0	0	0	0	0	0	0	0	0	0	0	0	0	0	0	0	0	0	421	0	300	150	0	0	0	0	0	0	0	0	0	0	0	0	0	0	0	0	0	0	0	0	0	0	0	0	0	0	0	0	0	0	0	0	0	0	0	0	0	0	0	0	0	0	0	0	212	0	107	0	368	0	212	0	0	0	0	0	0	0	0	0	0	0	0	0	14	0	0	30	0	0	52	0	734	46	35	0	150	9	2087	0	0	0	0	0	0	0	0	0	0	0	0	0	0	0	0	0	7	0	79	184	0	12	0	0	0	0	0	0	0	0	0	0	4	0	183	0	140	0	69	0	750	2381	1807	0	0	0	0	0	0	0	0	0	0	0	0	0	0	0	0	0	0	0	0	0	74	0	0	0	0	0	0	0	0	0	0	0	0	0	0	0	0	0	0	0	0	0	0	0	0	0	0	0	0	0	0	0	0	0	0	0	3	0	0	0	0	0	0	0	0	0	0	0	0	65	0	0	0	0	0	0	49	0	0	0	0	0	0	0	0	0	0	0	0	0	0	27	726	0	1337	157	0	0	0	0	160	0	0	0	8	0	0	0	0	0	0	0	0	0	0	0	0	0	0	0	0	0	0	0	0	0	0	0	0	0	0	0	0	0	0	824	0	9480	1900	706	0	0	0	0	0	0	0	0	0	10	0	0	0	0	0	0	0	0	0	4	0	0	0	0	0	0	0	0	0	0	0	0	0	0	0	0	0	28	0	0	0	0	0	0	0	0	0	0	0	0	0	0	0	0	0	0	0	0	0	0	0	0	0	0	0	0	0	0	0	0	0	0	0	0	0	0	0	0	0	0	0	0	0	0	0	0	0	0	8	0	5	0	0	0	57	0	0	0	0	0	0	0	0	0	0	0	0	31	0	0	0	0	30	0	0	0	0	0	0	0	0	0	0	0	0	0	0	0	0	0	0	0	0	0	0	13	0	0	0	2	0	0	0	0	0	0	0	0	0	0	0	0	0	0	0	0	0	0	0	0	31	0	0	0	0	0	10	0	0	0	0	0	0	0	0	0	0	0	0	0	0	0	0	0	0	17	0	0	0	0	0	30	0	0	0	0	0	31	0	0	0	0	0	0	0	0	0	0	0	0	0	0	0	0	0	0	0	0	0	15	0	17	0	0	17	0	46	0	0	0	0	0	0	0	0	0	0	0	0	0	0	0	0	0	0	0	0	0	0	0	0	0	0	0	0	0	0	0	0	0	0	0	0	0	0	0	0	0	0	0	0	0	0	0	0	0	0	0	0	0	0	0	92	0	0	0	0	0	0	0	0	0	0	0	0	0	0	0	0	0	0	0	0	0	0	0	0	0	0	0	0	0	0	0	0	0	0	0	0	221	0	0	0	0	0	133	0	0	0	0	0	0	0	0	0	0	0	0	27	0	0	0	0	0	55	0	0	0	0	0	0	29	275	0	0	0	0	0	0	0	17	0	7	0	0	0	0	328	0	0	0	0	0	0	0	0	0	0	0	0	0	0	0	0	0	0	0	0	0	0	0	29	0	0	0	0	0	0	14	0	0	0	0	0	0	0	0	0	0	0	0	0	0	0	0	0	0	0	0	0	0	0	0	0	372	0	0	348	0	0	0	122	0	0	0	0	0	8	0	0	16	0	0	0	0	0	0	0	0	12	0	372	0	0	0	0	0	0	0	0	0	0	0	0	0	0	0	0	0	0	0	0	0	0	7	0	0	0	0	0	0	13	4	0	0	0	0	0	0	50	0	0	0	1448	0	0	0	0	110	0	0	0	0	0	0	0	0	0	0	268	0	0	0	0	0	0	0	0	0	0	0	0	0	0	0	0	0	0	453	0	0	0	0	0	410	0	0	0	0	0	0	0	0	0	0	0	0	37	0	0	0	0	0	0	0	0	0	0	0	21	299	690	60	0	3446	0	0	0	0	0	0	0	0	0	0	0	0	0	0	0	0	0	0	8	0	0	0	0	0	26	0	9	0	0	0	0	60	0	0	0	0	0	0	0	0	1277	0	4510	0	613	26	0	0	3009	17	0	0	0	0	0	0	0	0	0	0	0	0	0	0	0	0	0	0	0	0	0	0	0	0	0	0	0	0	0	0	0	0	0	0	0	0	0	0	0	0	0	0	0	437	0	0	0	0	0	0	0	0	0	0	0	0	0	0	0	0	0	0	0	0	0	0	52	0	0	0	0	0	0	0	0	0	0	0	0	0	0	0	0	0	0	0	0	0	0	0	0	0	0	0	0	0	0	0	0	0	0	0	0	0	0	0	0	0	0	0	0	0	0	0	0	0	0	0	0	0	0	0	0	0	0	0	0	0	0	0	0	0	0	0	0	0	0	0	0	0	0	0	0	0	0	0	0	0	13	0	0	0	0	0	0	0	0	0	17	117	0	0	29	0	0	0	0	0	0
W1x2121	0	0	0	0	0	0	0	0	0	400	0	0	0	0	26	0	0	36	0	0	0	0	0	0	0	0	0	0	0	0	8	0	0	0	0	0	0	0	24	0	0	10	0	49	0	0	19	0	0	56	14	40	0	0	0	0	0	0	30	0	0	0	0	0	0	0	0	0	0	0	0	0	0	0	0	20	0	0	0	0	0	0	0	0	0	0	0	0	0	0	0	0	0	0	0	0	59	85	0	75	0	23	0	0	0	0	0	16	0	0	0	0	0	0	0	0	0	213	0	0	0	0	0	0	0	0	0	0	0	80	0	0	0	0	0	72	0	0	0	0	13	0	0	0	18	16	0	0	0	0	0	0	0	0	0	0	0	0	0	0	0	0	143	0	43	0	2031	0	40	0	0	0	0	0	0	51	0	0	0	0	0	0	0	0	0	0	0	0	0	0	0	0	0	0	57	0	0	98	0	252	2208	0	0	0	0	477	0	0	0	223	0	149	112	71	0	121	0	0	0	0	0	0	0	0	0	0	0	0	0	0	0	0	0	0	0	0	0	0	0	0	0	0	0	0	0	0	0	0	39	0	0	0	74	0	0	0	0	0	0	0	0	0	0	0	0	101	0	0	0	0	107	0	0	128	0	54	351	0	0	6	47	0	486	0	2501	0	0	0	0	0	0	0	0	0	3	0	0	0	0	0	0	0	0	0	0	0	0	126	0	0	0	49	0	0	0	0	0	0	0	0	0	0	742	0	0	0	0	0	1090	0	0	0	0	0	0	0	0	0	0	0	0	0	0	115	0	5	0	0	0	0	0	0	0	0	0	0	0	0	0	72	0	0	0	51	0	0	0	0	0	0	0	0	0	0	0	0	0	0	0	0	0	0	0	0	0	0	171	0	0	0	0	0	0	0	0	0	0	122	0	0	0	0	0	0	0	0	0	0	0	0	0	0	0	0	0	0	0	0	82	0	0	0	0	0	9	544	13	0	11	0	0	0	34	0	0	0	0	0	0	0	15	11	0	0	0	0	0	0	0	0	0	0	15	0	0	0	0	0	0	0	0	86	0	151	0	31	407	52	0	0	0	0	1147	0	0	0	73	0	0	0	0	0	0	0	0	0	0	0	0	0	0	0	0	0	0	0	0	0	0	0	0	0	0	0	0	0	0	0	0	7	39	0	0	26	0	0	0	0	0	0	0	0	0	0	0	0	0	0	0	0	0	0	0	0	0	0	0	0	0	0	0	0	0	0	0	0	0	72	0	0	0	14	0	0	0	0	0	0	0	0	0	0	0	0	0	18	0	0	0	0	0	0	0	139	0	0	0	22	0	0	0	0	0	0	0	0	0	0	0	0	0	0	0	0	0	107	0	0	0	0	0	0	0	0	0	0	62	0	0	0	0	0	0	0	0	13	0	15	0	0	0	0	0	0	173	0	0	0	0	0	0	0	96	110	0	27	0	0	105	0	0	0	0	0	0	0	0	0	0	0	0	0	0	0	0	7	0	0	10	0	0	0	0	0	27	0	0	0	0	0	0	0	0	0	0	0	0	0	0	0	0	0	747	52	413	0	0	0	0	0	0	0	0	0	0	0	0	67	0	0	0	0	0	0	0	0	0	0	0	70	0	0	0	0	0	0	0	0	0	0	0	0	0	0	0	0	0	0	0	0	13	0	0	0	0	0	0	0	0	0	0	31	92	0	0	0	0	0	0	0	0	0	0	754	31	0	0	0	1348	0	304	0	0	0	93	0	0	0	19	0	24	0	0	0	0	0	0	0	0	0	0	0	8	15	12	0	7	70	0	841	0	0	0	0	0	0	0	0	0	0	0	4	0	28	0	13	38	0	0	0	57	0	0	0	56	0	0	0	0	0	0	0	0	277	924	0	0	219	0	150	0	60	0	163	0	192	0	9	0	10	0	0	0	0	0	21	0	0	0	170	0	0	0	0	0	0	0	0	0	0	17	0	0	0	0	0	0	0	0	0	0	0	0	0	0	0	0	32	0	0	4	0	0	0	0	0	0	0	0	150	0	0	0	0	0	0	0	0	187	1059	0	0	9	0	0	0	0	0	0	0	0	0	0	0	15	0	0	0	0	0	0	0	0	233	0	0	0	0	228	0	0	0	24	0	0	0	0	0	0	0	0	0	0	0	0	0	0	0	0	45	0	114	41	0	0	0	0	23	297	0	7	472	0	0	0	0	194	0	0	0	0	0	0	0	0	0	0	11	0	26	0	74	0	0	0	0	28	0	0	37	0	0	0	0	684	0	49	0	0	583	0	0	0	0	18	0	0	0	0	0	0	103	65	0	0	0	0	217	0	0	0	12	0	75	0	0	0	0	2170	0	270	0	0	30	0	0	0	0	0	0	0	0	0	0	27	4	0	0	0	0	0	0	0	130	0	0	0	31	141	184	0	17	0	317	29	0	0	0	0	41	0	0	0	0	0	2636	0	0	0	611	0	0	0	0	0	0	0	0	0	0	0	0	0	0	0	0	0	0	0	0	0	0	0	0	0	0	0	0	0	0	0	0	0	0	0	0	0	0	0	0	0	0	0	0	0	0	0	0	0	0	0	0	0	0	0	19	0	0	0	0	0	0	11	0	0	0	0	0	0	13	0	0	0	34	0	0	527	0	0	0	0	0	0	0	0	0	0	0	0	0	0	0	0	0	0	0	0	0	0	0	0	0	0	0	0	43	0	0	31	0	0	0	62	0	0	0	0	0	0	0	0	0	0	0	0	0	0	0	0	0	0	0	41	0	0	0	0	0	26	15	0	0	50	0	0	12	0	0	0	0	0	0	0	0	0	0	0	0	0	0	0	115	0	0	0	0	20	0	14	0	0	0	0
W1x2202	0	22	0	0	0	0	0	0	0	0	0	21	0	0	0	0	0	0	0	0	0	0	0	0	0	0	0	0	0	0	0	0	0	0	0	0	0	0	0	0	0	0	0	115	0	0	0	5	0	0	0	0	0	0	0	0	0	0	0	0	0	0	0	0	0	21	0	0	270	0	0	0	0	0	0	0	0	0	0	0	0	0	0	0	0	0	0	0	0	0	0	0	0	23	562	68	0	118	0	0	0	0	0	0	0	0	0	0	0	0	0	0	0	17	0	0	0	40	303	0	0	0	60	0	0	31	0	0	0	0	0	121	0	0	46	0	0	0	13	0	0	0	0	0	0	0	0	0	0	0	0	0	0	0	0	33	0	0	0	0	0	0	0	0	0	0	0	0	0	0	0	0	0	0	0	0	0	0	28	0	15	0	0	0	0	0	0	0	0	0	54	0	0	0	0	0	0	0	252	24	18	0	90	0	67	0	106	0	0	0	0	60	0	0	0	0	0	0	0	0	0	0	0	0	0	0	0	0	0	0	0	0	0	0	0	0	0	0	0	0	0	0	0	0	0	0	0	34	0	0	149	177	21	0	33	69	0	0	0	0	0	0	0	0	0	0	986	0	11	0	88	0	0	281	0	81	188	386	1120	444	56	295	193	0	269	2	0	0	0	0	0	0	0	0	0	0	0	0	0	3	0	0	0	43	137	0	0	0	0	0	0	0	0	0	0	0	624	0	0	0	0	261	0	265	204	83	0	0	0	133	0	0	0	0	0	0	0	0	0	13	0	0	0	0	0	88	0	0	353	164	0	587	0	0	0	0	0	27	0	0	0	76	110	0	67	0	0	0	0	0	0	0	0	0	0	0	0	6	0	0	0	0	0	0	0	0	0	0	0	0	0	0	0	40	0	0	293	84	0	81	137	0	179	146	0	11	0	0	0	0	0	0	0	39	0	18	450	0	0	0	51	36	0	726	416	1142	593	0	335	595	38	34	0	0	0	0	0	0	0	0	0	0	0	0	0	17	0	0	0	0	0	0	0	0	0	0	0	0	11	0	0	64	177	0	480	3019	796	1027	2108	2074	833	2507	559	0	0	0	0	15	0	0	0	0	0	0	0	0	0	0	0	0	0	0	0	0	0	0	0	0	0	0	0	0	0	0	0	0	0	0	0	0	0	0	0	0	0	0	0	0	0	0	0	0	0	0	0	0	0	0	0	0	0	0	0	0	0	0	358	0	0	0	0	0	0	0	0	0	0	0	0	0	0	0	0	0	0	0	9	0	0	0	90	118	0	9	0	0	0	31	0	0	0	0	0	34	0	0	0	46	0	0	0	0	0	0	0	0	0	0	0	0	0	0	0	0	0	0	0	0	0	0	0	0	0	0	0	0	0	0	0	248	29	0	0	0	0	0	0	226	0	0	0	0	0	0	0	104	0	0	0	0	0	0	0	98	0	701	0	0	0	0	19	0	0	0	0	0	0	0	0	0	0	0	0	0	0	0	0	0	0	0	0	0	0	0	0	0	0	0	0	0	0	0	0	0	0	0	0	23	0	0	0	9	0	21	0	1103	0	0	0	0	116	0	116	19	0	39	0	862	0	0	0	0	0	0	0	0	0	0	0	0	0	0	0	0	0	34	0	0	49	0	87	0	70	1037	0	0	0	0	8	10	0	0	0	0	0	0	0	0	0	0	0	0	0	0	0	0	0	0	0	0	107	183	0	0	0	0	0	118	0	0	0	0	8	0	0	313	19	0	0	0	0	0	0	0	0	0	0	0	0	0	0	0	0	0	0	0	0	130	0	0	0	245	15	0	0	0	0	0	0	0	0	0	0	0	0	0	0	0	0	34	0	0	38	0	98	0	0	0	0	0	14	53	0	0	582	0	0	55	0	265	199	0	0	0	71	309	11	0	0	0	0	0	0	0	0	0	0	0	0	0	0	0	0	0	0	0	0	0	0	0	28	0	0	0	0	26	0	0	0	0	0	0	0	0	0	0	0	0	0	0	0	0	0	0	0	0	0	5	0	0	0	116	227	26	0	337	0	182	0	0	29	0	0	0	0	0	0	0	0	0	0	0	0	0	0	0	0	0	0	0	0	101	166	204	0	0	0	0	0	0	0	0	0	0	0	0	0	0	0	0	0	0	0	0	0	0	0	0	0	0	0	54	0	0	0	0	0	0	271	0	0	121	489	5	0	0	152	87	0	0	0	0	22	0	0	0	6	0	0	0	0	0	0	0	0	0	0	0	0	0	0	0	0	34	0	0	0	0	0	0	149	0	61	0	0	0	0	0	0	0	69	388	0	0	0	276	68	0	0	0	0	0	0	0	152	0	0	0	855	2516	56	2699	78	940	535	284	1592	0	33	6	0	7	0	0	0	0	0	0	7	0	0	0	42	13	137	12	0	0	65	21	0	0	4620	239	0	233	0	0	0	0	0	59	0	0	0	892	112	0	0	64	672	0	0	416	0	0	0	0	0	0	0	0	0	0	0	0	40	0	0	0	0	0	0	0	0	0	0	0	0	0	0	0	0	0	0	0	0	0	0	0	14	0	0	0	0	0	0	0	0	0	0	0	0	0	0	0	0	0	0	0	0	16	0	26	0	0	0	0	0	0	0	0	0	0	0	29	0	0	0	0	124	0	0	0	0	0	0	0	0	0	0	0	0	0	0	0	0	0	0	0	0	0	0	0	0	0	0	0	0	59	157	0	0	0	0	0	0	0	0	0	0	0	0	0	0	0	0	0	0	0	0	0	0	0	0	0	0	0	25	0	0	0	0	0	0	0	0	0	0	0	12	0	32	0	0	0	0	0	0	93	0	73	0	43	15	0	0	91	0	0	0	0	0
W1x2203	0	0	0	0	0	0	97	0	0	0	0	63	0	0	0	84	0	0	0	0	0	0	0	0	0	0	0	0	0	6	0	0	0	11	0	0	57	0	0	0	0	0	0	0	0	0	0	0	0	0	0	0	0	0	37	0	0	0	0	0	13	0	0	0	50	23	0	0	19	0	0	16	0	0	0	21	0	0	0	0	0	0	0	0	0	0	0	0	0	0	7	0	0	78	0	33	0	44	224	0	0	0	0	0	0	0	0	0	0	0	0	0	0	0	0	0	0	0	162	0	0	0	25	0	0	28	66	0	0	0	0	25	0	0	0	0	0	0	0	0	0	0	0	0	0	0	0	0	0	0	0	0	0	17	46	0	0	0	0	27	0	0	0	0	0	0	0	0	0	0	0	0	0	0	54	0	0	10	76	0	0	0	0	0	0	0	0	0	0	0	0	0	0	0	0	13	18	0	163	22	0	0	131	0	82	0	0	195	0	99	78	43	0	0	0	0	0	0	0	0	0	0	0	0	0	0	0	0	0	0	0	0	0	0	0	0	0	74	0	0	0	0	0	0	51	0	0	9	0	81	279	26	326	50	320	0	0	0	0	0	0	0	7	6	0	0	0	0	0	0	31	0	0	49	0	152	253	0	40	388	0	134	211	199	462	0	0	0	0	0	0	0	0	0	0	0	0	0	0	0	0	0	0	27	109	0	0	0	0	0	0	0	0	0	0	0	0	0	0	0	0	39	51	131	343	15	0	0	0	281	0	0	0	0	0	0	0	0	0	22	0	0	0	0	0	82	0	0	46	332	315	51	18	0	0	0	0	27	0	0	0	30	0	0	95	0	0	0	0	0	0	0	6	0	0	0	0	0	0	0	0	0	0	0	0	0	0	60	0	115	0	0	205	0	0	0	164	0	259	268	0	0	37	23	0	57	0	0	0	1116	0	0	0	0	0	0	0	0	14	93	22	8	124	364	123	260	860	403	624	188	0	0	0	0	44	0	0	0	0	0	0	0	0	0	0	0	0	0	0	10	0	0	0	0	0	0	523	0	0	0	0	0	0	8	1201	44	1096	1431	1686	0	1790	326	166	0	0	0	0	0	0	0	0	0	0	0	0	0	0	0	5	0	0	0	0	0	0	0	68	0	0	0	0	0	15	8	0	0	0	0	0	0	0	0	0	0	0	0	0	0	0	0	0	0	0	0	0	0	0	0	0	0	0	0	0	0	0	0	0	0	0	0	28	0	0	0	0	0	0	0	3	0	0	0	0	0	33	0	11	0	0	0	30	23	0	15	0	70	0	0	0	0	0	0	41	0	0	0	0	0	0	0	0	0	0	0	0	0	0	0	24	0	51	0	0	0	9	0	0	0	0	0	0	28	0	0	0	0	0	0	0	37	48	0	0	0	7	0	0	95	0	0	0	0	0	0	0	0	0	0	0	0	109	0	0	60	79	0	0	0	0	0	0	0	0	0	0	0	0	0	0	0	0	0	0	0	0	0	0	0	0	0	18	0	0	0	0	0	0	0	0	0	0	0	0	0	0	0	0	0	0	49	0	23	0	0	0	0	0	0	0	0	88	0	0	0	0	36	0	0	0	0	0	0	0	0	0	0	0	0	0	0	12	0	0	0	0	43	0	0	0	0	0	0	0	551	0	0	0	0	38	0	0	0	54	0	0	0	0	0	0	0	0	0	0	0	0	0	0	0	0	0	348	26	0	0	0	0	0	53	0	0	0	0	0	0	0	0	0	0	0	0	0	0	0	0	0	0	0	0	0	0	0	0	0	0	0	0	0	0	41	0	0	84	0	0	59	0	0	0	0	0	0	0	88	0	0	0	0	5	0	0	0	0	0	0	72	0	0	0	0	0	31	270	0	0	0	0	15	163	0	0	973	0	33	0	38	0	165	0	0	0	0	0	0	2	0	0	0	0	0	0	0	0	0	0	0	42	0	0	312	0	29	0	0	0	0	111	0	53	0	0	0	0	0	0	0	0	0	0	0	0	0	0	0	73	306	0	48	0	0	0	0	86	568	178	0	9	117	18	68	1021	214	0	0	0	0	0	381	0	0	0	0	0	0	0	0	0	0	0	0	0	221	0	204	68	13	0	0	0	0	0	0	0	0	0	0	0	0	0	0	0	0	0	0	0	0	0	0	0	0	7	0	0	0	0	40	0	253	0	470	0	0	0	136	822	0	0	96	177	0	0	0	0	23	0	38	0	0	0	0	0	0	0	0	0	0	0	0	0	0	0	0	0	0	0	69	0	0	214	0	0	0	0	0	74	0	0	0	0	0	0	35	11	0	0	0	214	0	0	0	0	0	0	0	0	0	0	0	565	1344	731	379	151	0	920	310	471	0	0	0	0	0	0	0	0	0	0	0	0	0	0	0	0	0	0	185	33	0	12	29	9	73	0	0	243	0	42	0	0	0	0	0	0	0	0	74	257	0	1422	11	60	1052	0	0	116	0	0	0	0	0	0	0	0	0	0	0	0	0	0	0	0	0	0	0	0	0	0	0	0	0	0	0	0	0	0	0	0	0	0	0	0	0	0	0	0	0	0	0	0	0	0	0	0	0	0	0	0	0	0	0	0	0	0	0	0	0	0	0	0	0	0	0	0	0	0	33	0	0	0	0	0	0	0	0	0	0	56	0	0	0	0	0	0	0	0	0	0	0	0	0	0	0	0	0	0	0	0	0	0	0	0	74	0	0	0	0	0	0	0	0	0	0	0	0	0	0	0	0	16	0	0	0	0	0	0	0	0	0	0	0	0	0	0	0	0	0	0	0	0	0	0	0	0	0	0	0	0	12	0	0	0	40	0	0	0	140	205	0	0	0	0	0	0	0
W1x2204	0	0	0	0	0	0	0	0	0	0	0	0	187	0	0	0	0	0	0	0	0	0	0	0	0	0	0	0	0	0	0	0	0	0	0	0	0	0	0	0	0	0	0	0	0	0	0	155	0	0	0	0	0	0	0	0	0	0	0	18	0	0	0	0	0	0	0	0	0	0	0	0	0	0	0	0	0	0	0	0	0	0	0	0	0	0	0	0	0	0	0	0	0	16	0	0	0	171	0	0	0	0	0	0	0	0	0	0	0	0	0	0	0	0	0	0	0	156	0	0	0	0	0	0	528	7	0	0	268	0	0	0	0	0	0	0	0	0	0	0	0	0	0	0	0	0	0	0	0	0	0	0	6	0	0	0	0	0	0	0	0	0	0	0	0	0	0	0	0	0	362	258	0	20	0	0	0	0	0	0	0	0	0	0	0	0	0	0	0	0	0	0	0	0	34	0	0	1262	0	13	540	5	0	186	0	0	0	0	0	0	0	15	258	0	0	0	0	0	0	0	0	0	0	0	0	0	0	0	0	0	0	0	0	0	0	0	0	0	0	0	0	0	0	92	0	0	0	0	0	0	0	29	403	0	0	39	0	0	0	0	0	0	0	0	0	0	0	0	0	0	541	0	0	0	0	0	2354	41	0	18	0	27	675	77	3916	0	0	0	0	0	0	0	2	0	0	0	0	0	0	0	0	925	0	14	0	0	0	0	0	0	0	0	0	0	0	0	0	0	0	0	0	0	0	25	0	0	25	0	7188	0	0	0	0	0	0	0	0	0	0	0	0	0	0	0	0	0	0	0	0	0	0	0	0	0	0	0	0	0	0	0	0	0	0	0	0	132	0	0	0	0	0	0	0	0	0	0	0	0	0	0	0	0	0	0	0	0	0	0	0	0	16	0	0	0	0	0	0	1152	0	0	0	0	0	0	0	0	7	0	0	0	0	0	0	0	0	0	0	0	0	0	0	33	0	0	0	265	60	0	11	19	0	318	0	0	0	0	0	0	0	0	0	0	0	0	0	0	0	0	0	0	0	0	0	0	0	0	0	0	0	0	0	87	0	105	97	0	368	99	200	15	204	167	706	9	0	0	0	0	0	0	0	0	0	0	0	0	0	0	0	0	0	0	0	83	0	0	0	0	0	0	0	146	0	0	0	0	0	0	0	0	0	0	0	0	0	0	0	0	0	0	0	0	4	0	0	0	0	0	0	0	0	0	0	0	0	0	0	0	0	0	0	0	0	0	0	0	0	0	0	0	0	0	0	0	0	0	0	0	0	0	0	0	0	0	0	0	0	0	0	0	0	0	0	0	0	0	0	0	0	21	0	0	0	36	0	0	0	0	0	0	193	0	0	0	0	0	0	0	0	0	0	0	0	0	0	0	0	0	119	0	0	0	0	0	0	0	0	202	0	0	0	0	0	0	0	0	0	23	0	23	0	0	0	0	0	0	1177	0	0	0	0	0	0	0	0	0	0	0	0	0	72	0	0	0	0	0	0	0	0	0	0	0	0	0	0	0	0	0	0	0	0	0	0	0	0	0	0	0	0	0	0	11	0	178	0	0	0	0	0	0	0	0	0	0	0	0	0	0	0	0	0	0	0	0	0	0	0	0	0	0	0	0	0	0	0	0	0	0	0	897	0	506	0	0	0	0	0	0	0	0	0	0	0	0	0	0	0	0	0	0	0	0	0	0	0	0	0	0	0	0	0	0	0	0	0	0	0	216	0	0	0	0	0	12	0	0	0	0	0	0	0	0	0	0	0	0	0	0	0	0	0	0	0	0	0	0	0	113	0	0	0	0	0	0	0	0	0	0	0	0	0	0	0	0	0	0	136	13	0	0	0	0	0	0	0	0	0	0	0	0	0	0	0	10	1237	0	0	40	22	955	0	103	0	80	0	0	10	0	8	0	0	0	0	0	0	0	0	0	0	0	0	0	0	549	0	0	0	0	0	0	0	0	5271	0	0	0	0	0	26	0	0	0	0	0	0	0	0	0	0	0	0	0	0	0	0	0	0	0	0	0	34	0	0	9	0	0	0	0	0	0	185	0	0	0	0	0	0	68	0	0	0	0	0	0	0	0	0	0	0	0	0	0	0	54	0	0	0	0	0	0	0	0	0	0	0	0	0	0	0	0	0	0	0	0	0	0	0	0	0	0	27	1140	0	0	0	0	0	0	469	0	0	648	0	0	0	0	923	0	0	0	0	0	0	0	0	0	0	0	0	0	0	0	0	0	0	0	0	0	0	0	0	0	0	0	487	0	344	0	0	0	0	0	0	4	0	0	0	0	0	0	0	516	0	0	0	0	0	341	0	0	0	0	0	62	0	0	0	89	617	29	9457	29	0	46	0	0	0	0	0	0	0	0	0	0	0	0	0	0	0	39	0	0	0	0	0	0	0	118	11	0	0	0	0	251	0	11	0	0	0	0	21	0	0	0	0	1026	0	0	0	62	0	692	36	0	0	0	0	0	0	0	0	0	0	18	0	69	0	0	0	0	0	0	0	0	0	0	0	0	0	0	0	0	0	0	0	38	0	0	0	0	0	0	0	0	0	0	0	0	0	0	0	0	0	0	0	0	18	0	0	0	0	0	0	0	0	0	0	0	0	0	0	0	0	0	0	102	0	0	0	0	0	0	0	0	0	0	0	0	0	0	0	0	0	0	0	0	0	0	0	0	0	0	0	0	0	0	0	0	0	0	2	0	0	0	0	0	0	0	0	0	0	0	0	0	0	0	0	0	0	0	0	0	0	0	0	0	0	66	0	0	0	0	0	0	0	0	0	0	0	0	0	0	0	0	0	0	0	0	0	0	26	438	0	0	0	0	58	0	0	0	0	0	0
W1x2206	0	0	0	0	0	0	0	0	0	0	0	0	0	0	0	0	0	0	0	0	0	0	0	0	0	0	185	0	0	4	0	0	0	0	0	0	0	0	0	0	0	0	0	0	0	0	0	0	0	0	0	0	0	0	0	0	0	0	0	15	0	0	0	0	0	0	0	0	0	0	0	0	0	0	0	0	0	0	0	0	0	0	0	0	0	0	0	0	0	0	0	0	0	11	0	14	213	0	91	0	0	0	15	0	0	0	0	0	0	0	0	0	0	15	0	0	0	22	55	131	0	0	0	0	0	24	0	0	0	0	0	45	0	0	0	0	0	0	0	0	0	0	0	0	0	0	0	0	0	0	0	0	0	0	0	0	0	0	0	0	0	0	0	0	0	119	0	0	0	0	0	0	0	0	0	0	0	0	18	66	0	0	0	0	0	0	0	0	0	0	0	2	0	0	0	19	17	0	302	0	0	1591	0	0	0	0	4583	106	132	0	13	3	0	0	0	0	0	0	0	0	0	0	0	0	0	0	0	0	0	0	0	0	0	0	0	0	0	0	0	0	0	0	0	0	0	0	0	0	0	0	0	111	0	69	0	59	0	0	0	0	0	0	0	0	0	0	0	0	0	0	0	0	0	0	0	174	0	123	233	103	136	150	17	842	76	0	0	0	90	0	0	0	0	0	0	0	0	0	0	576	0	0	0	22	90	0	0	0	553	0	0	0	0	0	0	0	0	0	0	0	315	0	14	70	35	427	0	527	0	0	0	0	0	0	0	0	0	0	0	0	0	0	878	0	0	100	0	0	0	0	0	0	0	0	0	0	0	0	0	0	0	60	0	0	103	0	0	0	0	0	0	0	0	0	0	0	0	0	0	0	0	0	0	0	0	0	0	0	0	0	0	0	0	0	0	0	22	0	0	21	0	0	0	0	0	26	0	0	0	0	0	1049	0	0	0	0	0	0	0	0	52	786	76	342	403	59	499	0	382	248	0	0	0	0	0	0	0	0	0	0	0	0	0	0	0	0	0	0	0	0	0	0	0	0	0	0	0	0	0	0	0	0	90	161	445	0	2481	829	1659	0	3128	734	746	0	0	0	0	0	0	0	0	0	0	0	0	0	0	85	0	0	0	0	0	0	277	0	0	0	0	0	0	0	0	0	0	0	0	0	0	0	0	0	0	0	0	0	0	0	0	0	0	0	0	0	0	0	0	0	0	0	0	0	0	0	0	0	0	0	0	0	0	0	0	0	0	0	0	0	0	0	0	0	0	0	0	0	0	0	0	0	72	54	843	38	0	0	0	0	0	0	0	0	0	0	0	0	0	0	0	0	0	0	0	0	0	0	0	0	0	0	0	0	0	0	24	0	0	0	0	0	39	0	0	0	0	0	0	0	0	0	0	0	0	0	0	0	0	0	0	0	0	0	0	0	0	0	364	0	0	0	119	0	0	0	0	0	0	0	0	0	0	0	0	0	0	0	0	0	0	0	0	0	0	0	0	0	0	31	0	0	0	0	0	0	0	0	0	5	0	0	0	0	0	0	0	0	0	0	0	0	0	10	0	0	0	0	0	0	0	0	0	0	60	14	0	28	0	0	0	0	0	0	0	0	0	0	0	0	0	0	0	0	0	0	0	92	0	0	0	0	74	0	0	0	0	0	0	0	0	0	0	0	0	0	0	0	0	0	0	0	0	0	0	0	0	0	0	0	0	0	78	193	2779	0	0	0	0	0	0	0	0	205	0	0	0	0	0	0	0	0	0	0	0	0	0	0	0	0	0	0	0	0	0	0	0	0	0	0	0	0	0	0	0	0	321	0	0	0	0	0	0	0	0	0	0	0	0	0	0	0	0	0	10	0	0	0	0	0	0	0	40	95	0	0	0	1956	0	0	0	0	0	0	0	0	50	0	124	0	0	0	0	0	0	0	0	0	0	0	0	0	0	0	0	0	0	0	3	0	111	0	0	0	0	0	0	0	0	0	0	0	0	0	0	0	0	0	0	0	0	0	0	0	0	0	0	0	0	16	0	0	3	0	812	87	0	155	298	0	0	9	180	0	0	0	0	0	0	0	0	24	0	74	0	0	0	0	0	28	0	0	0	77	56	0	0	0	0	0	0	0	0	0	0	0	0	0	0	0	0	0	0	0	0	0	0	0	0	0	0	0	17	0	0	0	0	0	0	114	9	0	0	46	92	1252	0	0	0	107	7	0	0	0	0	0	0	19	0	0	0	0	0	0	0	0	0	0	0	0	0	0	0	0	0	0	0	0	0	0	67	0	203	0	0	82	0	0	0	0	0	0	0	0	0	0	17	0	0	0	0	0	0	0	0	0	0	0	0	2241	52	824	405	2420	995	552	1818	1466	0	0	17	0	0	0	0	0	0	0	0	0	0	0	0	0	23	0	0	0	0	0	12	0	0	0	0	0	0	66	0	0	0	5	0	0	0	0	1338	5	0	916	355	36	1140	0	0	72	0	0	0	0	0	0	0	0	0	0	0	0	19	0	0	0	0	0	0	0	0	0	0	7	0	0	0	0	0	0	0	0	0	0	0	0	0	0	0	0	0	0	0	0	0	0	0	0	0	0	0	0	0	0	0	0	0	0	0	0	0	0	0	0	0	0	0	0	0	0	0	0	0	0	0	0	0	0	0	0	0	0	0	0	0	0	0	0	0	0	0	0	0	0	0	0	0	0	0	0	0	0	0	0	0	0	0	0	0	0	0	0	0	0	0	0	0	0	0	0	0	0	0	0	0	0	0	0	0	0	0	25	0	0	0	0	0	0	0	0	0	0	0	43	21	0	0	0	0	0	0	0	0	0	0	0	0	0	0	0	0	0	0	119	0	0	0	0	0
W1x2209	0	0	0	37	0	0	0	0	0	0	0	0	0	0	41	0	0	45	0	0	181	0	0	0	0	22	0	18	18	0	0	0	0	0	0	0	0	0	0	0	17	0	0	0	0	0	41	0	0	0	0	0	0	0	0	0	0	0	15	14	21	0	0	0	0	0	0	0	0	0	0	0	0	0	26	0	227	0	0	0	0	0	0	0	0	12	49	0	0	0	0	41	0	0	0	0	139	0	0	6	104	0	0	0	0	0	0	0	0	0	0	0	0	0	0	0	0	39	0	16	76	73	0	0	0	0	0	418	49	649	65	0	0	0	0	0	55	0	0	0	0	0	0	0	0	0	56	0	0	0	0	0	0	0	0	0	0	180	0	0	0	0	20	0	164	0	0	0	121	0	36	101	0	0	0	0	0	0	0	0	0	0	0	0	0	0	0	0	0	28	0	0	0	0	3	20	0	126	49	1225	45	54	54	156	44	0	0	0	88	0	0	54	47	505	0	0	0	0	0	0	41	0	0	0	0	84	0	0	60	0	0	0	0	0	0	0	0	0	23	0	11	24	0	0	0	0	0	0	0	0	0	100	45	0	0	81	201	0	0	0	67	0	0	0	0	0	0	0	0	0	0	0	0	0	0	0	0	139	188	100	247	282	746	0	177	0	15	0	0	0	60	34	0	0	0	0	0	0	0	115	0	0	22	89	0	0	0	254	0	0	0	0	0	0	0	233	0	0	0	0	0	0	1050	60	0	105	0	0	0	57	0	11	0	0	0	0	0	0	25	0	0	0	0	0	0	52	0	0	0	0	0	68	0	0	0	0	0	0	0	58	0	0	0	455	0	0	0	0	0	0	0	0	0	0	45	0	0	0	0	0	0	0	0	0	0	0	0	0	0	0	43	0	0	0	0	0	0	45	0	0	0	0	0	30	0	31	0	0	0	0	0	224	13	0	0	0	0	0	29	0	300	274	44	0	235	384	125	397	143	170	0	0	37	0	0	0	0	0	0	0	0	45	0	0	0	0	29	0	0	0	0	0	0	0	74	0	0	0	0	0	0	234	66	165	270	3218	645	538	447	1272	503	477	139	0	0	105	0	0	0	0	52	0	0	0	0	0	0	0	0	0	0	0	10	0	0	0	0	0	0	0	0	19	0	0	0	0	0	0	0	112	0	0	0	33	0	0	111	0	0	0	15	0	0	0	0	0	0	0	0	0	0	13	0	0	0	0	0	8	9	81	0	0	0	0	0	0	0	27	0	0	0	0	0	0	0	0	0	0	0	27	0	0	0	0	0	0	0	0	235	0	0	0	18	13	0	0	0	0	0	0	0	0	0	0	0	0	0	66	0	0	0	184	0	0	0	87	0	0	0	0	0	39	0	0	0	0	0	27	0	0	0	0	0	0	0	96	0	28	0	0	0	0	0	0	0	0	0	48	0	0	0	37	670	19	0	182	115	0	0	0	0	0	0	0	38	0	0	0	83	0	0	0	0	0	0	14	0	0	0	0	0	25	0	0	0	0	0	0	0	0	0	0	0	0	0	0	0	0	0	0	0	0	0	0	135	0	53	0	65	0	0	0	0	0	62	0	0	27	79	0	0	0	0	0	0	0	0	0	0	0	0	0	0	0	0	0	0	0	31	0	0	106	0	0	0	0	0	0	0	0	0	0	0	0	0	0	0	84	0	0	0	0	0	0	0	0	0	0	0	0	0	0	0	0	115	0	85	0	131	0	40	0	48	0	0	10	0	0	0	0	67	0	0	0	0	0	0	0	0	0	0	0	25	0	21	175	22	0	0	71	0	61	0	0	0	0	0	0	0	0	0	0	0	0	0	0	0	0	139	0	164	71	0	0	0	0	12	0	0	0	53	79	0	510	22	0	0	225	35	114	101	0	0	0	0	0	0	0	0	0	0	0	9	0	0	0	0	0	0	24	68	0	0	0	0	0	0	0	43	0	0	0	0	51	0	0	0	23	0	0	0	0	19	0	19	52	27	0	0	0	7	235	0	0	0	0	0	0	0	0	0	102	44	0	0	0	207	147	23	201	86	0	16	0	0	0	0	0	0	0	0	0	0	49	0	0	0	0	0	314	0	0	13	0	0	0	0	0	0	60	0	101	31	0	0	0	0	0	0	0	0	0	0	0	0	0	40	0	53	112	0	0	169	0	0	0	0	79	43	0	0	216	58	0	0	0	242	95	0	0	0	0	0	0	0	0	0	77	0	0	0	0	66	0	0	43	0	0	0	0	0	0	0	0	93	38	432	49	0	0	0	0	143	29	0	0	0	75	0	0	0	0	123	0	0	0	0	25	0	0	0	75	0	0	0	0	167	372	1206	241	2030	150	173	251	173	0	2886	0	0	0	0	0	0	0	0	0	0	0	0	0	22	0	0	459	0	0	0	0	474	177	0	102	0	33	102	0	0	0	0	154	18	0	7	0	197	135	270	0	174	987	116	0	0	108	24	0	0	70	0	48	0	0	0	0	0	0	0	0	31	0	19	0	198	0	0	28	0	0	54	0	0	0	0	27	0	0	0	18	0	0	0	0	0	0	0	0	0	0	0	52	0	0	0	26	0	0	0	0	0	0	0	0	50	0	0	0	0	0	0	39	55	0	0	0	0	36	0	0	0	0	0	0	0	0	0	0	0	0	0	27	0	0	0	0	0	0	0	0	0	0	0	0	0	0	0	0	51	0	0	0	0	0	0	0	0	0	0	0	0	0	0	0	0	0	0	0	0	0	0	0	0	0	0	0	275	0	0	0	0	0	0	0	201	0	0	0	0	0	0	0	0	0	0	0	0	0	0	0	0	57	45	0	0	0	0	0	0	0	0	42	0	0	0
W1x2210	0	0	0	0	0	0	0	0	0	0	0	10	0	0	0	0	0	0	0	0	0	0	0	0	0	0	0	0	0	0	0	0	0	0	0	0	0	0	0	0	0	0	0	0	0	0	0	0	0	0	0	0	0	0	0	0	0	0	0	0	0	0	0	0	0	0	0	0	0	0	0	0	0	0	0	0	0	0	0	0	0	0	0	0	0	0	0	0	0	0	0	0	0	39	0	75	0	16	0	0	0	0	0	0	0	0	0	0	0	0	0	0	0	29	0	0	0	0	0	0	0	0	89	0	30	67	0	0	0	0	290	111	0	0	0	0	0	0	0	0	0	0	0	0	0	0	0	0	0	0	9	0	0	0	16	0	123	0	0	38	0	0	0	0	0	16	0	0	0	0	0	0	0	0	0	0	0	22	0	0	28	0	0	0	0	0	0	0	0	0	0	11	0	0	0	42	71	0	321	0	27	524	0	132	207	0	0	0	0	92	39	11	0	0	293	0	0	0	0	0	0	0	0	0	0	0	0	0	0	0	0	0	0	0	0	0	41	27	0	0	0	0	0	0	0	0	0	0	0	188	0	179	29	39	92	0	0	0	0	0	0	0	0	0	14	0	6	0	0	0	0	12	0	63	70	385	179	274	821	352	79	436	19	239	93	0	0	0	0	0	0	0	0	0	0	0	0	0	0	821	0	0	0	83	150	0	26	0	0	0	0	0	0	0	0	0	0	0	0	0	567	0	0	261	114	16	0	0	0	229	0	0	0	0	0	0	0	0	0	0	0	0	0	59	0	144	0	317	0	0	165	0	0	0	0	0	0	0	0	0	0	28	0	0	0	2	0	0	0	0	0	0	0	0	0	0	0	0	0	0	0	0	0	0	0	0	0	0	29	0	0	0	0	0	0	0	55	0	0	0	0	0	0	0	0	0	0	0	0	0	0	0	0	0	0	0	0	0	0	0	45	717	0	0	470	594	483	375	602	526	0	0	0	0	0	0	0	0	0	0	0	0	0	0	0	0	0	0	0	0	0	0	0	0	0	0	0	0	0	0	0	0	190	0	1288	8455	3493	1934	3110	6464	1563	698	336	0	0	0	0	0	0	0	0	7	0	0	0	0	0	0	0	0	0	0	0	0	0	0	0	0	0	0	0	0	0	0	0	0	0	0	0	0	0	0	0	0	0	0	0	0	0	0	0	0	0	0	0	18	0	0	0	0	0	0	0	0	0	0	0	0	0	0	0	0	0	0	0	0	0	0	9	0	0	0	0	0	0	0	0	0	0	0	84	60	292	0	0	0	0	0	0	0	0	0	0	0	0	0	0	0	0	0	0	0	0	0	0	0	0	0	0	0	0	0	0	0	14	0	0	0	0	0	0	0	0	0	0	0	0	0	0	0	6	0	0	0	0	0	0	0	0	0	0	0	0	0	0	0	0	0	13	60	79	0	0	0	0	0	0	0	0	0	0	0	0	0	0	0	0	0	0	0	0	0	0	0	0	0	0	0	0	0	0	0	0	0	0	0	0	0	0	0	0	0	0	0	0	0	0	0	0	0	0	0	0	0	0	0	0	0	0	0	85	0	0	0	0	0	0	0	0	0	0	0	0	21	0	0	0	0	0	0	0	0	0	0	0	37	0	20	0	0	0	0	56	0	0	0	0	0	14	0	0	0	0	0	0	0	0	0	0	14	0	0	0	0	0	0	0	0	0	0	0	33	0	0	0	0	0	0	0	0	0	0	0	0	0	0	0	0	0	0	0	0	0	0	0	0	0	0	0	0	0	0	0	0	0	0	0	0	74	0	0	0	0	0	0	0	0	0	15	27	0	0	0	0	0	0	0	0	0	0	0	0	22	0	0	0	141	0	0	0	26	28	0	0	0	0	0	0	0	0	0	0	0	0	90	13	0	0	0	0	0	0	0	0	0	138	0	0	0	0	0	0	0	0	0	0	0	4	0	0	38	302	0	0	0	49	0	66	0	0	0	0	0	0	0	0	0	0	0	0	0	0	0	0	0	22	0	2	0	0	0	0	403	638	0	430	1241	395	0	167	140	0	0	0	0	0	0	21	0	31	0	0	0	0	0	0	0	0	0	348	0	85	0	12	0	0	0	0	0	0	0	0	0	0	0	0	0	0	0	0	0	0	0	0	0	0	0	0	0	0	0	0	0	0	0	0	0	150	42	0	528	165	0	0	1102	0	66	201	0	7	0	0	0	0	0	0	0	0	189	0	46	10	0	0	0	0	0	0	0	0	0	0	0	0	0	0	0	0	523	0	0	0	1431	97	0	0	0	0	0	0	0	0	0	0	0	0	27	0	0	0	0	0	0	0	0	0	0	576	509	872	94	899	470	797	1124	0	3447	0	0	0	0	0	0	0	0	0	0	0	0	0	0	0	58	0	0	9	0	0	0	0	54	0	0	60	0	168	0	0	0	0	0	0	0	112	0	113	0	204	1187	0	670	0	0	158	0	0	0	0	0	0	0	0	0	0	0	0	0	0	6	0	0	0	0	0	0	0	0	0	0	0	0	0	0	0	0	0	0	0	0	0	0	0	21	0	0	0	0	0	0	0	0	0	0	0	0	0	0	0	26	0	0	0	0	0	0	0	0	0	0	0	78	0	0	0	0	0	0	0	0	0	0	0	0	0	0	0	0	0	0	0	0	0	0	0	0	0	0	0	0	0	0	0	0	0	0	0	0	0	0	0	0	0	0	0	0	0	0	0	0	0	0	0	0	0	0	0	0	0	0	0	0	0	0	0	0	19	0	0	0	0	0	0	0	0	0	0	0	0	14	0	0	0	0	0	0	0	0	0	0	16	0	0	0	0	0	0	0	178	0	0	0	0	0
W1x2211	0	0	0	0	0	0	0	0	0	0	0	0	0	0	0	208	0	0	0	0	0	0	0	0	0	0	0	0	0	0	0	0	0	3	0	0	0	0	0	0	0	0	0	0	0	0	0	0	0	0	0	0	0	0	0	0	0	0	0	7	2	0	0	0	202	0	0	0	0	0	0	0	0	0	0	0	0	0	0	0	0	0	0	0	0	0	0	0	0	0	0	0	0	7	0	10	0	0	0	0	0	0	0	0	0	0	0	0	0	0	0	0	0	0	0	0	177	0	45	0	0	0	61	0	0	12	50	0	61	0	0	0	0	0	0	0	0	0	0	0	0	0	0	0	0	0	0	0	0	0	0	0	0	20	0	0	0	0	0	0	0	0	0	0	0	0	0	0	0	0	0	0	0	0	0	0	0	0	0	0	0	0	0	0	0	0	0	0	0	0	0	0	0	0	0	0	0	0	0	34	0	0	133	328	40	0	0	0	0	0	0	9	0	0	0	0	0	0	10	0	0	0	0	0	7	0	0	0	0	0	0	0	0	0	0	0	0	0	0	0	0	0	0	0	0	0	0	0	0	0	0	67	23	176	208	0	0	0	0	0	0	0	0	0	0	0	0	0	0	0	39	0	0	0	12	91	60	0	0	281	471	65	22	0	46	0	0	0	0	0	0	0	0	0	0	0	11	0	0	71	0	0	0	48	0	0	0	28	356	0	0	0	0	0	0	0	0	0	0	0	0	0	0	86	289	130	0	48	0	53	0	0	0	0	0	0	0	0	0	0	0	0	0	0	0	115	0	0	0	0	0	0	6	0	0	0	0	0	0	0	0	0	16	0	0	0	0	0	0	0	0	0	0	0	0	0	0	0	0	0	0	0	0	0	0	0	0	19	0	51	0	0	0	0	0	17	0	0	0	0	0	268	0	0	273	0	0	0	0	0	0	0	23	0	0	0	0	0	0	0	18	782	0	0	465	33	424	0	233	229	0	0	0	0	0	0	0	4	0	13	0	0	0	0	0	0	0	0	14	0	0	0	0	0	0	0	0	0	0	0	0	0	115	5519	522	41	5984	795	1551	41	0	747	1078	0	0	0	0	0	0	0	0	0	0	0	0	0	0	0	0	0	0	0	0	0	0	0	0	0	0	0	0	0	0	0	0	0	0	0	0	0	0	0	0	0	0	0	0	0	0	0	0	0	0	19	0	0	0	0	0	0	289	0	0	0	0	0	0	0	0	0	0	0	0	15	0	0	0	0	0	0	0	0	0	0	0	0	0	0	0	0	0	0	0	0	0	0	0	0	0	0	0	0	0	0	0	0	0	0	0	0	0	0	0	0	0	0	0	0	0	0	0	0	0	0	0	0	0	0	0	0	0	0	0	0	0	0	0	0	0	0	7	0	0	0	12	0	0	0	0	0	0	0	0	0	0	76	0	0	0	28	0	0	0	0	56	0	0	0	0	0	0	0	0	0	0	0	16	0	0	0	0	0	0	0	0	0	0	0	0	0	0	0	0	0	0	0	0	0	0	0	0	0	0	0	0	0	0	0	0	0	0	20	0	0	0	0	0	0	0	0	26	0	0	8	0	16	0	0	0	0	0	0	0	0	0	0	0	0	0	0	0	0	0	0	0	0	0	0	94	0	0	0	99	0	0	0	0	0	0	0	0	0	0	0	0	0	0	0	0	0	0	0	0	0	0	0	0	0	0	0	0	32	0	22	0	0	0	0	0	0	0	0	0	0	0	0	0	0	0	0	0	0	0	0	0	0	0	0	0	0	0	0	0	0	0	0	36	0	0	0	0	0	0	0	0	0	0	0	0	0	0	0	0	0	0	0	0	0	0	0	0	0	107	0	0	0	0	0	0	0	89	167	0	0	0	0	0	0	0	0	0	0	0	0	0	0	0	0	0	0	0	0	0	0	0	0	0	0	0	0	0	0	0	0	0	0	11	0	0	0	286	0	0	0	0	374	0	0	0	0	0	0	0	0	0	0	0	0	0	0	0	0	0	0	0	0	0	0	0	0	0	176	39	597	0	201	971	433	0	0	570	0	0	0	0	0	0	0	0	0	0	0	0	0	0	0	0	0	0	0	109	33	20	0	0	7	0	107	0	0	0	0	0	0	0	0	0	0	0	0	0	0	0	24	0	0	0	0	0	0	0	0	0	47	7	0	0	177	0	0	0	0	0	26	0	0	23	0	0	10	0	0	0	0	0	0	0	0	256	0	0	9	0	0	0	0	0	0	0	0	0	0	0	0	0	87	0	0	0	0	0	0	0	0	0	0	0	0	0	0	437	4	16	197	0	0	0	0	0	0	0	0	0	0	0	0	0	775	79	287	51	0	2753	233	340	0	0	0	16	0	0	0	0	0	0	0	0	0	0	0	0	0	0	0	24	0	0	0	0	0	0	0	0	0	0	54	0	0	0	5	0	0	0	0	0	122	461	0	427	28	718	1775	1851	148	0	0	0	0	0	0	0	0	0	0	0	0	0	0	0	0	0	0	0	0	0	0	0	0	0	0	0	0	0	0	0	0	0	0	0	0	0	0	0	0	0	0	0	0	0	0	0	0	0	0	0	0	0	0	0	34	0	0	0	0	0	79	0	0	0	0	35	0	0	0	0	0	16	0	0	0	0	0	0	0	0	0	0	0	0	0	0	0	0	0	0	0	0	0	0	0	0	0	0	0	0	0	0	0	0	0	0	0	0	0	0	0	0	0	0	0	0	0	0	0	0	0	0	0	0	0	0	0	0	0	0	12	0	0	209	0	0	0	0	0	0	0	0	0	15	0	0	0	0	0	0	0	0	0	0	0	0	0	0	0	70	0	0	0	0	0	0	0	0
W1x2304	0	0	0	0	0	0	0	0	0	0	0	0	0	0	0	0	8	0	0	0	0	0	0	0	0	0	0	0	0	0	0	0	0	0	0	0	0	0	0	0	0	0	0	0	0	0	0	0	0	0	0	0	0	0	0	0	0	0	0	0	0	0	0	0	0	0	0	0	0	0	0	0	0	0	0	0	0	0	0	0	0	0	0	0	0	0	0	0	0	0	0	0	0	0	0	0	0	29	0	0	0	0	0	0	0	0	0	0	0	0	0	0	0	0	0	0	0	0	36	0	0	0	0	0	0	0	0	0	0	0	0	0	0	0	0	0	0	0	0	0	0	0	0	0	0	0	0	0	0	0	0	0	0	0	0	0	0	0	0	0	0	0	0	0	0	41	0	0	0	0	0	0	0	0	0	0	541	0	0	0	50	0	0	0	0	0	0	0	0	0	0	0	0	0	0	0	0	0	26	0	15	0	174	26	0	0	0	0	0	0	0	0	0	0	0	0	0	0	0	0	0	0	0	0	0	0	0	0	0	0	0	0	0	0	0	0	0	0	0	0	0	0	0	0	0	0	0	0	0	0	0	0	0	27	32	0	0	0	0	0	0	0	0	14	0	0	0	0	0	0	0	0	0	0	0	0	0	28	157	0	99	0	0	105	22	0	0	0	0	0	0	0	0	0	0	0	0	0	24	0	0	0	0	0	0	0	55	0	95	0	0	0	0	0	0	0	0	0	0	0	0	176	0	0	87	7	0	0	0	22	0	0	0	0	0	0	0	0	0	0	0	0	0	0	0	0	0	0	0	0	0	0	0	0	0	0	0	0	0	0	0	0	0	0	0	0	0	0	0	0	0	0	0	0	0	0	0	0	0	0	0	0	0	0	0	0	0	0	0	0	0	0	0	0	0	0	0	11	0	0	0	0	99	0	0	96	0	0	0	0	0	0	34	0	0	0	0	0	0	0	1503	115	0	0	43	0	47	0	75	38	0	0	0	0	0	0	0	8	0	0	0	0	0	0	0	0	0	0	0	0	0	0	0	0	0	0	0	0	0	0	0	0	25	23514	99	14	2272	62	0	0	35	41	6803	0	0	0	0	0	0	0	0	0	0	0	0	0	0	0	0	0	0	0	0	0	0	0	0	0	0	0	5	0	0	0	0	0	0	0	0	0	0	0	0	0	0	0	0	0	0	0	0	0	0	0	0	0	0	0	3	0	0	0	0	0	0	0	0	0	0	0	0	0	0	0	0	0	0	0	0	0	0	0	0	0	0	6	0	0	0	31	0	0	0	0	0	35	0	0	0	4	0	0	0	0	0	0	0	0	0	0	0	0	0	0	0	0	0	0	0	0	0	0	0	0	0	0	0	0	0	0	0	0	0	0	0	0	0	0	0	0	0	0	9	0	0	0	0	0	0	0	0	0	0	0	0	0	0	3762	0	4	0	0	0	0	120	0	14	0	0	0	0	0	0	105	0	0	0	0	0	0	0	0	0	0	0	0	0	0	0	0	0	0	0	0	0	0	0	0	0	224	0	0	0	0	0	0	0	0	0	0	0	21	0	0	0	0	147	0	0	0	0	0	0	0	0	0	0	0	0	0	0	0	0	0	0	0	0	0	0	0	5	0	0	0	0	0	0	0	0	0	0	0	0	0	0	0	0	0	0	0	0	0	0	0	0	0	0	0	0	0	0	0	0	0	0	0	0	0	0	0	0	0	0	0	2	0	0	0	0	0	0	0	0	0	0	0	0	0	0	0	0	0	0	0	0	0	0	0	0	0	0	0	0	0	0	0	0	4	0	0	49	0	0	0	0	0	0	0	0	0	0	0	0	0	0	0	0	0	0	0	0	0	0	0	0	0	0	0	0	0	0	0	0	0	30	0	0	0	0	65	0	0	0	0	0	0	0	0	0	0	0	0	0	0	0	0	0	0	0	0	0	0	0	0	0	0	0	0	9	0	0	0	0	21	0	12	0	0	0	0	0	0	0	0	0	0	0	0	0	0	0	0	134	0	0	0	42	0	0	0	0	0	0	0	0	0	0	477	0	0	240	154	0	0	0	0	0	0	0	0	0	0	0	0	0	0	0	0	162	0	0	0	0	0	0	2	0	0	0	0	0	0	0	0	0	0	0	0	0	0	0	0	0	0	0	0	0	0	0	0	0	0	0	0	0	0	0	0	0	0	0	0	0	0	0	0	0	26	0	0	0	0	5	0	0	0	0	0	0	0	0	0	0	0	0	0	0	0	0	0	0	0	0	0	0	0	0	0	0	0	0	472	170	0	0	0	0	0	2	0	0	0	0	461	0	0	0	0	0	0	0	0	0	0	0	0	0	0	117	47	44	116	87	0	96	0	0	0	0	0	0	0	0	0	0	0	0	0	0	0	0	0	0	0	0	0	0	0	0	0	0	0	0	0	0	0	0	0	0	0	59	18	0	0	256	159	0	30	418	0	0	0	207	21	0	0	0	0	0	0	0	0	0	0	0	0	0	0	0	0	0	0	0	0	0	0	0	0	0	0	0	0	0	0	0	0	0	0	0	0	0	0	0	0	0	0	0	0	0	0	0	0	0	0	0	0	0	0	0	0	0	0	0	0	0	0	0	0	0	0	22	0	0	0	0	0	0	0	0	0	0	0	0	0	0	0	0	0	0	0	0	0	0	0	0	0	0	0	0	0	0	0	0	0	0	0	0	0	0	0	0	0	0	0	0	0	0	0	0	0	0	0	0	0	0	0	0	0	0	0	0	0	0	0	0	0	0	0	102	13	0	0	0	0	0	0	0	0	0	0	0	0	0	0	0	0	0	0	0	21	0	0	34	0	12	0	26	0	33	0	0	0	0
W1x2307	0	0	15	0	0	0	0	0	87	0	0	0	39	0	0	0	0	0	0	0	0	0	0	0	0	0	0	0	0	0	0	0	0	0	0	0	0	0	0	4	0	0	0	0	0	0	0	0	0	0	0	0	0	0	0	0	0	0	0	0	0	0	0	0	0	0	0	0	0	0	0	44	0	0	0	0	0	0	0	29	0	0	0	0	0	0	0	17	0	0	21	0	0	71	0	62	0	0	0	0	0	0	0	0	0	17	0	0	0	0	0	0	31	0	0	0	0	153	91	0	0	0	16	0	0	0	0	0	28	0	0	110	0	0	0	0	25	0	0	0	0	0	0	0	0	0	0	0	0	0	0	0	0	0	0	0	0	0	0	0	0	0	0	0	0	82	0	0	0	0	0	0	0	0	0	29	0	0	0	0	0	0	0	0	0	15	0	0	0	0	0	0	0	0	0	89	0	0	0	19	0	0	388	39	81	0	0	0	0	0	0	111	0	0	0	78	0	0	0	0	0	0	0	0	0	0	0	0	0	0	0	0	0	0	0	0	0	0	0	176	0	0	0	60	0	0	0	0	0	128	324	314	36	249	562	0	0	0	0	0	0	0	0	0	0	0	0	0	0	0	0	44	29	0	0	418	139	468	0	329	314	135	224	0	452	0	0	0	0	0	0	0	0	0	0	0	0	0	0	0	0	0	0	98	0	0	0	0	56	0	0	0	0	0	0	0	0	0	0	0	0	31	43	172	336	82	52	96	0	180	0	0	0	0	0	0	0	0	0	0	0	0	0	0	0	258	0	0	0	0	0	0	0	0	0	0	0	0	0	0	0	0	28	0	0	58	0	0	0	0	0	0	0	0	0	0	0	0	0	0	0	0	0	0	0	36	0	0	0	0	0	0	0	0	0	0	39	0	1308	190	0	44	435	471	0	0	20	0	0	0	0	0	0	44	0	0	0	0	0	0	28	1541	206	0	14	536	134	0	455	396	0	0	0	0	0	0	0	12	0	11	0	0	0	0	0	0	0	11	0	0	0	0	0	0	0	0	0	0	18	0	0	0	138	15	275	26	4302	853	1266	0	955	300	0	0	0	0	0	0	13	0	0	0	0	0	0	0	0	0	7	0	0	0	5	0	0	0	0	0	0	0	0	0	0	0	0	0	0	0	0	0	0	0	0	0	0	0	0	0	0	0	0	0	0	49	0	0	0	0	0	0	0	0	0	0	0	0	0	0	0	0	0	0	0	37	0	0	0	0	0	34	0	0	0	0	0	0	0	0	0	0	11	0	0	0	0	0	0	0	0	0	0	0	0	0	0	32	0	0	0	0	0	0	0	0	0	0	0	10	167	0	0	0	0	0	0	0	4	0	0	0	0	0	0	0	0	0	0	0	0	0	0	0	0	0	0	0	0	0	0	0	0	0	0	0	0	31	0	0	0	53	47	0	0	53	286	0	0	0	0	0	21	30	0	0	0	0	0	0	0	0	0	0	0	0	0	0	8	0	0	0	0	0	0	0	0	0	0	0	0	0	0	0	0	0	0	0	0	0	0	0	0	84	0	0	0	0	24	0	0	0	0	0	0	0	0	0	0	0	0	0	0	0	0	119	0	0	0	0	0	0	4	10	0	0	216	76	0	0	0	0	313	0	0	0	0	0	0	0	25	0	0	0	0	0	0	0	0	0	0	0	0	0	0	0	0	0	0	0	0	0	0	61	0	0	0	0	4	0	0	0	0	0	0	0	0	0	0	0	0	0	0	7	0	0	0	0	0	0	0	0	0	0	0	0	8	0	0	0	0	0	0	0	0	28	0	0	0	0	0	0	0	0	0	0	0	0	0	0	0	0	0	0	0	0	0	323	0	0	0	0	0	761	0	37	0	0	0	243	0	0	0	0	0	0	32	63	194	0	0	0	0	0	0	0	0	0	0	244	0	0	0	0	0	0	0	63	0	0	0	0	0	4	0	440	0	0	0	133	0	0	0	0	0	0	0	0	0	0	0	0	0	0	0	0	0	11	0	12	0	0	0	1241	162	0	0	13	0	11	0	27	103	0	0	0	0	0	116	0	0	0	0	0	0	0	0	0	0	0	0	0	0	102	0	0	0	0	0	0	0	0	0	0	0	0	0	0	0	0	0	0	0	0	0	28	0	0	0	0	0	9	0	0	0	0	49	0	101	93	109	0	0	0	32	0	0	0	0	148	0	0	0	0	0	0	0	0	0	0	184	0	0	0	0	0	0	0	0	0	0	0	0	0	0	0	0	0	0	0	0	0	0	0	0	144	0	0	0	0	0	0	0	0	0	0	315	0	0	0	0	0	0	0	0	0	0	0	0	1658	943	1473	1113	62	0	0	1458	0	0	42	0	0	0	0	0	0	0	0	0	0	0	0	0	14	0	0	94	0	117	3	23	0	0	12	0	80	0	89	0	0	0	0	0	0	0	0	207	51	14	0	622	54	0	4356	3630	466	0	0	0	0	0	0	0	0	0	0	0	0	0	0	0	0	0	0	0	0	0	0	0	0	0	0	0	0	13	0	0	0	0	0	0	0	0	0	0	0	0	0	0	0	0	0	0	0	0	0	0	0	0	8	0	0	0	0	0	0	0	0	273	0	0	0	261	0	0	0	0	0	0	0	0	0	0	0	0	0	0	0	0	0	0	0	0	0	0	0	0	0	0	0	0	0	0	0	0	0	0	0	0	0	0	0	0	0	0	0	0	0	0	0	0	0	0	0	0	0	0	0	0	0	0	0	0	0	0	0	0	0	0	0	0	0	0	0	0	0	0	0	0	0	25	0	0	0	0	0	0	0	0	0	0	0	0	53	0	0	0	0	0	0	1191	0	0	0	0
W1x2310	0	0	0	0	0	0	0	0	0	0	0	0	0	0	0	285	0	0	0	0	0	0	0	0	0	0	0	0	0	0	0	0	0	0	0	0	0	0	0	0	0	0	0	0	0	0	29	0	0	0	0	0	0	0	69	0	0	0	0	0	6	0	0	0	0	18	0	0	0	0	0	0	0	0	0	0	0	0	0	0	0	9	0	0	0	0	0	0	0	0	0	0	0	72	0	43	0	0	0	0	0	0	0	0	0	0	0	0	0	0	0	0	0	35	0	0	0	0	128	0	13	128	21	240	0	51	0	28	0	0	0	72	0	0	0	0	232	0	0	0	0	0	0	0	0	0	0	0	0	0	0	0	0	0	0	0	0	0	0	0	0	0	0	0	0	0	0	0	0	0	0	0	0	0	0	0	0	0	0	0	0	0	0	0	0	0	0	0	0	0	0	0	0	0	0	28	0	0	0	120	0	0	651	156	109	0	0	757	0	0	0	0	0	10	0	0	0	0	0	0	0	0	0	0	0	0	0	0	19	0	0	0	0	0	0	0	0	0	0	0	0	0	0	0	0	0	0	0	0	427	0	41	0	91	369	268	0	0	0	28	0	0	0	0	14	0	0	0	0	0	0	0	0	0	0	322	0	585	0	362	313	383	0	1313	0	0	0	0	0	0	0	0	0	0	14	0	27	0	0	0	0	0	0	37	97	0	0	34	0	0	0	0	0	0	0	0	0	0	0	0	0	0	48	156	21	42	0	2009	0	346	0	0	0	0	0	0	0	0	0	0	0	0	0	0	0	195	0	0	0	99	0	0	0	0	0	0	0	0	0	0	0	57	0	0	0	0	0	0	0	0	0	0	0	0	0	0	0	0	0	0	0	0	32	0	0	0	0	25	0	0	0	0	0	211	0	0	81	0	959	0	33	520	0	190	0	19	10	0	0	0	0	0	0	97	0	0	0	0	0	0	221	274	0	0	549	9	2846	272	372	370	0	0	0	0	0	0	0	0	0	14	0	0	0	0	17	0	0	0	0	0	0	0	0	0	0	0	0	0	0	0	0	0	377	47	636	32	2271	3296	7328	0	252	906	1374	0	0	0	0	0	0	0	0	0	0	0	0	0	0	0	6	0	0	0	0	0	0	0	0	0	14	0	0	0	0	0	0	0	0	0	0	0	0	0	0	7	0	0	0	0	0	0	0	0	0	0	14	0	32	0	0	0	0	0	0	0	0	0	0	0	0	0	0	0	0	23	0	0	0	0	9	0	0	0	0	0	0	0	15	0	0	0	0	0	0	0	0	0	0	0	0	0	0	5	0	0	27	0	0	0	0	0	0	0	0	0	0	0	0	0	0	0	0	0	0	0	0	0	99	0	0	0	0	0	0	287	0	0	0	0	0	0	0	0	0	13	0	0	0	0	0	0	0	0	0	17	0	0	0	0	0	0	0	0	0	0	0	0	0	0	0	0	20	0	0	0	0	0	0	0	0	0	0	0	0	0	0	0	0	0	0	0	0	86	0	0	0	0	0	0	0	0	0	0	0	0	0	0	0	0	0	0	0	114	0	0	0	0	21	2392	22	0	35	0	0	0	0	31	0	0	0	0	0	0	0	0	0	0	0	0	0	0	0	0	0	0	0	87	0	0	0	0	158	0	0	0	0	0	0	0	0	0	0	0	30	0	0	0	0	0	0	0	0	0	0	0	0	0	0	0	0	0	0	23	0	30	0	0	0	0	0	0	0	0	0	0	0	0	0	0	0	0	0	0	0	0	0	39	0	0	0	0	0	0	0	0	0	0	0	0	0	0	0	0	332	0	47	0	0	0	0	0	0	0	0	0	0	0	0	0	0	17	0	0	23	0	0	0	0	0	0	0	97	38	0	0	0	0	0	0	0	5	0	0	89	0	65	3	17	0	0	0	0	0	0	0	0	0	0	0	0	0	0	0	0	0	0	0	45	0	17	0	8	0	0	0	0	265	0	42	0	0	0	0	0	0	0	0	0	0	0	0	0	0	0	0	0	0	222	14	25	0	0	4903	17	0	0	189	0	0	0	0	115	0	0	0	121	0	0	0	0	20	0	0	0	0	0	0	0	0	143	0	0	0	0	0	0	0	0	0	0	65	0	0	0	0	0	0	0	0	0	15	0	0	0	78	0	0	0	0	0	0	188	0	41	84	0	0	0	270	0	0	0	0	22	697	0	0	0	0	3	0	0	0	14	0	0	0	0	0	0	0	145	0	12	0	0	0	0	0	0	0	0	0	0	0	0	99	0	0	0	0	0	0	0	106	0	0	0	0	0	0	0	0	0	0	0	0	0	0	0	1246	0	0	0	0	0	0	0	3889	0	385	121	0	311	477	825	147	0	0	0	0	0	0	0	0	0	0	0	0	0	0	0	18	91	0	454	0	0	0	78	0	0	0	0	0	0	289	0	0	0	3	0	0	0	0	0	0	0	93	444	96	612	0	0	255	0	0	0	0	0	0	0	0	0	0	0	0	0	0	17	0	0	0	751	0	0	0	0	18	0	0	0	0	0	0	14	0	0	0	0	0	0	0	0	0	0	0	0	0	0	0	0	0	0	0	0	0	0	0	0	0	0	0	0	0	0	0	0	0	0	0	0	0	0	0	0	0	0	0	0	109	0	0	0	0	0	0	0	12	0	0	0	0	0	0	0	0	0	0	0	0	0	0	0	0	0	0	0	0	0	0	0	0	0	0	0	0	0	0	0	0	0	0	0	0	0	0	0	0	0	0	0	0	0	0	0	20	0	0	0	0	0	0	0	19	0	0	0	0	0	36	0	0	38	0	0	0	0	0	0	0	0	0	0	0	0	0	0	65	0	0	0	0	0
W1x2311	0	0	0	0	0	26	0	24	0	0	0	0	0	0	87	0	0	105	0	23	30	0	0	0	36	0	0	16	19	0	66	0	0	0	0	0	0	0	0	0	0	47	138	0	86	89	110	0	62	0	72	0	0	0	0	0	0	0	118	0	28	0	0	29	0	0	0	0	0	0	0	0	0	0	51	0	0	16	0	0	0	0	0	9	0	0	0	0	0	0	0	63	0	25	34	26	392	0	0	15	10	0	0	0	0	65	0	49	0	0	0	0	47	0	0	0	22	0	0	51	78	0	0	0	0	0	6	599	0	688	87	0	0	0	0	0	60	20	0	0	0	7	0	0	14	6	0	33	0	15	0	0	0	0	0	0	0	49	0	0	0	0	242	46	420	0	0	0	237	0	44	13	0	0	96	0	0	0	0	0	0	0	12	0	0	0	0	0	0	0	0	0	0	12	0	0	0	111	34	1296	138	0	0	139	30	596	0	0	0	67	0	25	0	209	0	0	0	23	0	0	11	17	0	0	0	0	0	0	0	0	0	90	0	0	0	0	0	0	0	0	40	11	0	0	0	0	0	0	0	106	0	53	0	0	0	0	94	13	0	0	0	0	0	0	0	0	0	0	0	0	0	0	0	0	0	80	116	99	218	0	82	121	179	0	73	21	0	0	0	0	0	56	0	0	0	27	0	51	0	105	0	47	0	37	0	159	0	358	59	0	10	69	0	0	0	299	0	0	0	0	0	0	761	53	69	23	29	0	46	37	0	0	45	0	0	0	0	0	20	0	26	0	0	0	0	46	0	0	38	0	0	0	0	0	0	0	0	0	0	33	0	0	0	487	0	0	0	0	0	100	0	0	0	0	47	0	0	63	0	0	0	0	0	0	0	0	7	0	0	0	51	0	0	5	0	0	9	0	30	0	0	42	27	40	0	0	0	0	28	0	0	0	15	0	0	0	0	0	28	0	306	168	61	122	111	102	136	172	78	140	0	0	65	68	0	0	0	8	0	0	0	0	62	0	0	0	0	0	0	0	0	0	0	45	0	0	0	0	0	0	0	0	94	550	147	3668	638	366	414	1229	286	465	383	0	65	228	0	0	0	0	36	0	0	0	46	0	0	0	0	0	0	0	38	0	0	0	0	111	0	0	0	30	0	0	0	0	0	0	0	0	58	135	0	101	0	0	0	0	0	0	13	23	0	0	0	0	28	0	0	57	0	44	0	0	0	0	0	0	0	18	0	8	0	0	26	0	0	0	0	0	0	0	14	0	0	0	0	0	0	0	33	0	0	0	0	0	26	0	128	0	9	324	0	0	62	0	0	0	0	0	0	0	0	0	63	117	0	0	0	0	0	118	0	0	0	58	474	0	0	0	0	34	10	0	0	53	0	0	0	0	0	0	0	0	0	100	0	47	0	12	0	8	0	0	0	0	0	111	56	27	0	0	630	0	7	0	0	0	0	0	0	0	0	0	0	0	0	0	28	0	0	0	0	0	0	38	0	0	0	0	0	60	0	0	0	0	0	0	0	0	0	0	0	27	0	0	0	0	0	0	0	0	0	49	1654	0	0	0	59	0	0	0	0	0	89	0	0	0	229	0	0	0	0	0	0	0	0	0	0	0	0	0	13	0	0	36	0	0	0	0	0	47	0	0	0	0	0	0	12	0	23	12	0	0	0	0	0	0	0	0	0	0	0	135	0	0	0	0	0	0	0	0	0	0	306	0	79	0	105	0	204	0	0	21	0	0	0	0	0	0	19	13	0	0	0	20	0	0	0	0	0	0	73	0	33	38	0	0	96	399	0	0	0	0	0	17	0	0	0	0	0	0	0	0	0	72	0	62	313	0	292	249	0	0	0	0	0	0	42	0	0	82	0	422	72	0	0	43	0	0	0	0	0	0	0	0	0	19	0	37	0	30	0	48	0	0	0	0	0	192	57	0	152	27	96	0	0	0	0	0	0	0	0	80	0	0	0	23	0	0	0	0	45	0	16	0	23	0	0	13	0	60	0	0	0	0	0	0	46	0	0	0	31	25	0	54	0	128	35	0	117	0	58	0	0	66	0	0	10	0	0	0	0	0	0	0	36	0	0	139	0	0	0	0	0	0	0	0	0	138	0	80	286	0	0	0	23	0	0	0	0	0	0	0	0	24	59	0	0	142	0	0	157	0	0	0	0	42	0	66	25	0	36	0	0	0	43	0	0	0	0	0	0	0	0	65	0	186	0	0	0	0	150	0	0	0	0	0	0	20	17	0	0	0	48	364	0	52	14	215	0	0	127	12	0	0	0	0	0	0	0	22	104	0	0	0	0	26	0	0	18	163	0	5	0	0	58	97	244	207	4104	200	55	88	129	193	2620	0	0	0	0	0	0	0	0	11	0	0	0	0	57	0	66	1197	0	0	0	0	1504	195	0	97	0	46	256	23	0	0	0	225	0	0	0	0	38	121	245	0	135	1245	77	0	0	68	25	0	0	95	0	0	140	0	0	0	0	0	0	0	0	0	0	0	0	0	0	0	0	0	0	0	0	0	0	0	33	0	0	0	4	0	0	0	0	32	0	0	0	0	0	0	0	0	9	0	0	19	0	0	0	0	0	0	50	0	0	0	0	0	0	72	0	0	0	125	0	0	74	57	0	103	0	0	0	0	32	0	0	0	0	0	0	0	0	0	0	20	0	0	0	0	0	0	0	71	0	0	171	30	92	0	0	0	0	59	0	0	0	0	0	0	0	33	19	0	0	0	0	0	0	0	0	0	112	0	183	0	0	0	41	0	0	0	165	0	0	45	0	0	0	0	0	0	0	0	0	0	0	55	0	97	37	3	0	0	0	0	0	0	0	0	0	0	0
W1x2312	0	0	0	0	0	0	0	0	0	0	0	0	0	0	0	0	0	0	0	0	0	0	0	0	0	0	0	0	0	13	0	17	0	0	0	0	0	0	0	0	0	0	0	0	0	0	0	0	0	0	0	0	0	0	0	0	0	0	0	0	0	0	0	0	0	9	0	0	0	0	0	0	0	0	0	0	0	0	0	4	0	0	0	0	0	0	0	0	0	0	0	0	0	95	0	30	0	0	0	0	0	0	0	0	0	0	0	0	0	0	0	0	0	0	0	0	0	0	76	0	0	0	151	0	0	48	14	0	0	0	43	99	0	0	0	0	0	0	0	0	0	0	0	0	0	0	0	0	0	0	0	0	0	0	0	0	0	0	0	0	0	0	0	0	0	0	0	0	0	0	0	0	0	90	0	0	0	0	0	0	0	0	0	0	0	0	0	0	0	0	0	0	0	0	0	47	0	0	170	0	0	0	310	80	211	0	0	0	0	0	0	0	0	0	111	0	0	0	0	0	0	0	0	0	0	0	0	0	0	0	0	0	0	0	0	0	0	0	0	0	0	0	0	0	0	0	0	0	0	297	0	163	0	97	124	165	0	0	0	0	0	0	0	0	0	0	0	0	0	0	0	0	68	0	0	56	0	539	266	227	389	290	0	437	0	0	0	0	0	0	0	0	0	0	0	0	0	0	0	0	0	0	0	0	42	0	0	0	0	0	0	0	0	0	0	0	0	0	0	91	315	31	0	143	57	9	0	0	0	452	0	0	0	0	0	0	0	0	0	0	0	0	0	19	0	156	0	225	0	0	135	0	0	0	0	0	869	0	15	0	0	49	0	0	0	0	0	0	0	0	0	0	0	0	0	0	0	0	0	0	0	0	0	0	0	0	0	0	0	0	0	0	0	0	0	0	76	0	166	0	274	0	0	38	0	115	0	0	0	0	0	0	0	0	0	0	0	0	0	0	187	783	378	0	323	29	530	0	360	271	0	0	0	0	0	0	0	0	0	9	0	0	0	0	0	0	0	0	0	0	0	0	0	0	0	0	0	0	0	0	0	44	68	7	422	1689	2703	375	1651	2518	281	430	121	0	0	0	0	0	15	0	0	0	0	0	0	0	0	0	0	0	0	0	0	0	0	0	0	0	0	0	0	0	0	0	0	0	0	15	0	0	0	0	0	0	0	0	0	0	0	0	0	0	0	0	15	0	0	0	0	0	0	0	0	0	0	0	0	0	0	0	0	0	0	0	0	0	0	0	0	0	0	0	0	0	0	0	71	0	0	0	0	0	0	0	0	0	0	0	0	0	0	0	0	0	0	0	0	4	0	0	0	0	0	0	0	0	0	0	0	0	0	0	0	22	0	0	0	0	0	0	0	0	0	0	0	0	0	0	0	0	0	0	0	14	0	0	0	0	0	0	0	0	0	0	0	0	0	0	0	95	0	0	0	0	0	26	0	0	0	0	0	0	0	0	0	0	0	0	0	0	0	0	0	0	0	0	0	0	0	0	0	0	0	0	0	47	0	13	0	0	0	0	0	0	0	0	0	0	0	0	0	11	0	0	0	0	0	0	21	0	70	0	0	11	0	24	0	0	0	0	0	0	0	0	0	0	0	0	0	0	0	0	0	0	0	0	0	0	0	0	0	0	33	0	0	0	0	0	0	0	0	0	0	0	0	0	0	0	0	0	0	0	0	0	0	0	0	0	0	0	0	0	0	0	0	0	0	0	0	13	0	0	0	0	0	0	0	0	0	0	0	0	0	0	0	0	0	0	0	0	0	0	0	0	0	0	0	0	0	0	0	0	0	0	15	0	0	0	0	0	0	0	0	0	0	0	0	0	0	0	0	0	0	303	0	0	0	0	0	0	49	48	0	0	0	0	0	0	0	0	0	0	0	0	58	0	0	0	0	0	0	0	0	0	13	0	0	0	0	0	0	0	0	0	0	0	0	0	0	0	104	0	0	0	0	58	0	54	0	0	0	0	0	0	0	0	0	0	0	0	0	0	0	0	0	0	0	3	0	0	0	184	192	155	0	286	0	0	0	0	134	0	0	0	0	0	0	0	0	15	0	0	0	0	0	0	0	0	21	100	0	0	32	0	0	0	0	0	0	0	0	0	0	0	0	0	0	0	0	0	0	0	0	0	10	58	0	0	0	0	0	0	0	0	0	0	0	126	0	0	0	0	54	0	0	0	0	22	0	0	0	0	0	0	0	0	0	0	91	0	0	0	0	0	0	0	0	0	0	0	0	0	0	0	0	0	0	0	0	0	0	0	510	0	0	29	0	0	0	0	0	0	0	0	0	0	58	0	0	0	0	0	0	0	0	0	0	2331	0	853	11	612	678	194	70	241	0	0	0	0	0	0	0	0	0	0	0	0	0	0	0	10	0	0	49	0	83	0	0	32	0	0	0	0	0	126	0	0	0	0	0	0	0	0	164	4	0	521	564	0	0	0	405	39	0	0	0	0	0	0	0	0	0	0	0	0	0	0	0	0	0	0	0	0	0	0	0	0	0	0	0	0	0	0	0	0	0	0	0	0	0	0	0	0	0	0	0	0	0	0	0	0	0	0	0	0	0	0	0	0	0	0	0	0	0	0	0	0	0	0	0	0	0	0	0	0	0	0	0	0	0	0	0	0	0	0	0	0	0	0	0	0	0	0	0	0	0	0	0	0	0	0	0	0	0	0	0	0	0	0	0	0	0	0	0	0	0	0	0	0	0	0	0	0	0	0	0	0	0	0	0	0	0	0	0	17	0	0	0	0	0	0	0	0	0	0	0	0	0	0	0	0	0	0	0	0	0	0	99	0	0	0	0	0	0	0	29	0	0	0	0	0	0
W1x2314	0	0	0	0	12	47	0	0	0	0	0	0	0	0	132	0	0	295	0	0	0	0	26	0	0	0	0	0	91	0	119	0	0	0	0	0	0	0	0	144	0	0	91	0	0	0	0	0	0	0	0	0	16	0	0	0	11	0	0	0	12	0	0	0	0	0	0	0	0	0	0	0	28	0	22	0	17	0	0	0	0	0	0	0	0	16	0	0	0	0	0	0	0	0	0	0	0	0	0	4	466	0	0	0	0	70	0	14	0	0	0	0	271	0	0	0	0	0	31	34	212	0	0	0	36	23	0	320	0	0	47	19	0	0	0	0	132	0	0	0	0	0	0	0	0	0	0	0	0	0	0	0	0	0	0	0	0	0	0	0	13	0	12	0	23	29	0	0	0	0	0	125	0	0	0	30	0	0	5	0	0	38	10	0	24	0	0	0	0	0	0	7	0	0	0	14	0	37	23	71	110	91	32	22	57	0	0	0	0	0	0	14	18	13	0	0	0	0	0	0	0	0	0	0	0	0	0	0	0	0	0	0	0	0	0	0	0	0	0	0	42	0	0	0	0	0	0	0	0	0	0	39	0	0	0	0	41	61	0	0	0	0	0	0	0	0	0	0	0	0	38	0	26	0	0	227	128	91	102	145	125	100	173	0	0	22	0	0	0	0	0	79	0	0	0	54	0	0	0	18	0	0	0	42	0	0	0	1268	0	0	36	0	0	0	0	40	0	20	0	0	279	32	6344	41	119	26	210	0	0	91	0	0	0	0	0	0	0	0	0	0	0	0	0	0	0	62	36	0	30	0	43	108	0	0	0	0	0	0	0	15	0	0	0	0	0	6	0	0	0	38	0	0	0	0	0	0	0	0	0	0	0	0	0	0	0	13	0	0	0	0	0	0	29	0	6	0	37	42	70	0	0	0	26	0	0	46	0	0	0	23	0	0	0	0	0	16	0	0	22	0	0	79	79	0	136	250	132	639	87	83	0	0	305	222	0	0	0	3	0	0	0	0	220	0	0	0	0	0	15	0	30	0	0	0	0	0	16	0	21	0	0	0	54	59	274	703	1166	331	575	206	658	436	174	0	0	0	0	0	0	0	0	0	0	37	45	0	0	0	0	29	0	0	29	0	0	0	0	87	8	0	0	0	0	0	0	22	0	0	0	527	585	190	0	286	0	0	0	0	0	0	6	8	0	0	0	0	0	0	0	0	0	233	0	42	0	361	0	0	0	0	0	0	5	0	0	0	0	0	0	0	0	0	0	0	0	0	0	0	0	0	0	26	0	0	0	108	237	0	0	14	0	85	0	3	0	0	0	0	0	0	0	0	0	0	0	0	0	0	0	0	0	0	0	0	0	0	109	0	0	0	0	29	53	0	0	522	0	0	0	0	10	0	0	8	0	0	0	49	40	0	0	0	0	0	0	0	0	0	0	0	0	0	76	33	83	0	222	0	0	0	15	0	0	0	0	0	0	0	0	0	0	0	0	0	0	496	561	0	0	11	255	50	0	0	37	0	0	0	0	0	0	0	0	0	0	0	0	0	3	0	0	14	0	9	29	0	0	0	31	0	0	0	0	0	867	0	0	0	70	0	0	0	0	0	0	0	0	0	0	0	0	0	0	62	0	0	0	0	0	0	0	0	0	179	0	0	0	0	0	0	59	0	24	0	0	60	0	0	0	0	0	208	0	257	0	0	0	0	0	0	0	19	0	0	22	0	1452	33	50	0	0	0	0	0	0	0	0	0	0	23	0	0	0	0	0	0	0	0	0	3	0	0	47	11	0	222	0	0	0	33	0	0	0	0	0	0	0	0	0	0	0	5	0	0	0	0	0	0	0	0	89	23	10	0	21	20	0	0	0	0	20	67	0	633	16	0	0	0	0	33	191	0	0	0	0	51	26	0	0	12	0	0	0	85	0	14	0	0	0	0	0	0	162	0	410	0	0	3	490	0	32	13	0	22	0	34	0	44	0	0	71	0	0	0	0	0	0	0	0	0	0	0	0	0	0	9	0	0	50	0	16	0	105	52	0	132	291	66	0	0	212	0	95	14	0	0	0	0	0	0	0	0	0	0	0	0	10	0	0	0	0	102	0	0	0	0	0	0	0	44	0	801	165	0	64	0	0	0	0	0	0	0	0	0	0	0	20	0	0	579	0	0	0	0	0	13	31	80	198	0	0	137	47	0	149	0	0	43	0	0	0	0	0	0	0	0	0	24	0	0	0	0	274	0	0	0	101	0	0	0	0	0	0	0	61	0	160	0	0	0	0	0	0	18	0	0	0	0	0	0	0	0	533	0	0	0	0	0	0	0	93	11	0	0	0	0	0	52	308	194	1336	309	34	88	382	0	504	0	0	0	0	0	0	0	6	0	0	0	0	0	0	0	48	94	46	0	0	0	117	40	22	345	0	65	0	25	0	0	0	34	0	0	112	0	0	55	70	104	120	686	118	0	0	235	0	0	0	104	0	0	74	0	0	0	150	0	0	0	0	0	0	0	0	0	9	0	0	0	0	0	0	0	0	0	0	0	0	0	0	0	0	0	0	30	0	0	0	0	0	0	0	0	0	0	0	0	0	0	0	0	0	0	0	0	23	0	0	6	0	437	58	0	42	0	0	0	0	0	0	83	0	0	0	0	34	0	0	0	0	0	0	0	0	15	0	0	37	0	0	0	0	0	0	124	0	0	55	164	0	0	0	0	0	0	0	0	0	0	0	0	0	0	0	0	0	124	0	0	0	0	0	0	0	548	0	20	0	0	0	59	0	0	164	0	0	39	0	0	0	0	0	0	0	0	0	0	0	0	39	31	0	0	0	0	66	0	0	0	0	11	0	0	0
W1x2316	0	0	0	0	0	0	0	0	0	0	0	0	0	0	0	0	18	0	0	0	0	0	0	0	0	0	0	0	0	0	0	0	0	0	0	0	0	0	0	0	0	0	0	0	0	0	0	0	0	0	0	0	0	0	0	0	0	0	0	17	0	0	0	0	0	19	162	0	0	0	0	0	0	0	0	0	0	0	0	0	0	9	0	0	0	0	0	0	0	0	0	0	0	16	0	0	108	0	0	0	0	0	8	0	0	0	0	0	0	0	0	0	0	0	0	0	0	0	221	0	0	0	5	0	0	0	0	46	297	0	27	0	0	0	0	0	0	0	0	0	0	0	0	0	0	0	0	0	0	0	0	0	0	0	0	0	0	0	0	0	0	0	0	0	0	62	0	0	0	0	0	0	0	0	0	0	0	0	0	0	65	0	0	0	0	0	0	0	0	0	0	0	0	0	0	181	0	56	194	23	0	0	344	0	580	0	0	0	0	0	0	0	0	0	0	0	0	0	0	0	0	0	0	0	0	0	0	0	0	0	0	0	0	0	0	0	52	0	0	0	0	0	0	0	0	0	0	0	0	0	0	22	14	0	342	64	0	0	0	0	0	0	0	13	0	0	0	0	0	0	0	146	64	0	0	343	0	92	1069	215	78	302	0	230	0	0	0	0	0	0	0	0	0	0	0	0	0	0	0	0	0	10	0	0	46	0	0	0	0	0	0	0	0	0	0	0	0	0	0	0	0	0	0	211	3751	137	0	0	0	81	0	0	0	0	0	0	0	0	0	0	0	0	0	0	0	0	0	0	0	0	0	0	0	0	0	0	0	12	0	0	0	0	45	0	49	0	0	0	0	0	0	0	25	0	0	0	0	0	0	0	0	0	0	0	0	0	0	0	0	0	0	0	0	0	0	0	63	0	0	0	1065	223	2502	267	0	84	0	0	0	0	21	0	219	22	0	0	0	0	0	0	24	511	22030	0	87	27	1476	455	91	227	0	0	0	0	0	0	0	0	0	13	0	0	0	0	31	3	0	0	0	0	0	0	0	0	0	0	0	0	3	0	71	0	247	189	231	0	1193	270	409	0	403	633	315	0	0	0	0	0	10	0	0	0	0	0	0	0	0	0	0	0	0	0	0	0	0	0	0	0	0	0	844	0	0	0	0	0	0	0	0	0	0	0	0	0	0	0	0	0	0	0	0	0	0	0	0	0	0	0	0	0	0	0	0	0	0	0	0	0	0	0	0	0	0	0	0	0	0	0	0	0	0	0	0	0	0	0	74	0	27	54	0	0	0	0	0	0	0	0	0	0	0	0	0	0	0	0	294	0	0	0	0	0	0	0	0	0	0	0	0	0	0	0	0	0	0	0	0	0	0	0	0	28	0	0	0	0	0	0	0	0	27	0	0	0	21	0	0	0	0	0	0	0	0	0	0	0	0	0	0	36	0	0	0	0	0	0	6	0	0	0	25	0	0	0	0	0	0	0	0	0	0	0	0	0	0	0	0	0	0	0	0	0	0	0	0	0	101	44	0	0	0	0	0	0	0	0	0	0	0	0	0	829	0	0	0	0	24	0	0	0	40	0	0	26	0	84	0	0	0	0	0	0	0	0	0	0	0	0	0	0	0	0	0	0	0	698	0	0	0	0	0	0	88	0	93	0	0	0	8	0	0	0	41	0	0	0	0	0	0	2	0	0	0	0	0	0	0	0	0	0	0	0	0	0	0	0	0	0	0	0	0	0	0	0	0	15	0	32	0	0	0	0	0	0	0	0	0	0	0	0	0	0	0	0	0	0	0	0	0	0	0	0	0	33	0	0	0	0	0	0	0	0	0	0	0	0	0	0	0	0	0	0	323	0	0	0	69	0	0	0	0	116	0	0	0	0	0	0	140	0	143	0	0	0	0	0	0	0	0	0	0	0	0	0	0	0	0	0	0	0	0	0	0	15	0	0	0	0	0	0	144	0	0	0	0	84	0	0	0	0	0	0	0	0	0	0	0	0	0	0	0	0	0	0	0	0	0	34	21	0	22	0	35	55	0	1352	955	1205	0	0	70	0	0	0	0	0	0	0	0	0	0	20	0	0	0	0	0	16	0	0	0	14	0	0	0	0	0	0	0	0	0	0	0	0	0	0	0	0	0	0	5	0	0	0	0	0	0	0	0	0	27	0	0	0	0	0	0	55	0	0	0	42	0	0	0	0	15	57	0	18	0	0	0	0	0	14	0	0	0	0	0	0	0	0	0	0	0	0	0	0	0	0	0	15	0	0	0	0	0	0	0	0	0	26	0	0	0	0	0	4	0	0	0	0	0	0	93	0	0	709	0	0	0	0	0	0	0	0	93	127	9128	264	86	265	428	0	0	0	0	0	0	0	15	0	0	0	0	15	0	0	0	0	31	0	5	0	0	0	22	0	0	0	0	5	0	255	0	0	0	0	405	373	25	0	0	0	894	0	541	38	54	0	0	214	0	0	0	0	0	0	0	0	0	0	0	0	122	0	0	9	0	13	0	0	0	0	0	6	0	0	0	0	0	14	0	0	0	0	0	0	0	0	0	0	0	0	609	0	0	0	0	0	0	0	0	0	0	0	0	0	0	0	0	0	0	0	0	0	0	0	0	0	0	0	0	0	0	0	0	0	0	0	0	0	0	0	0	0	0	0	0	0	0	0	0	0	19	0	0	0	0	0	0	0	0	0	0	0	0	0	0	0	0	0	0	0	0	0	0	0	0	0	0	0	0	0	0	0	0	0	0	0	0	0	194	0	0	0	0	0	0	0	0	0	0	0	23	0	81	94	0	0	0	0	0	0	0	0	0	0	0	0	6	0	0	0	1402	0	0	0	0	0	0
W1x2317	0	0	0	0	0	0	0	0	0	0	0	0	0	10	0	0	0	0	0	0	0	0	0	0	0	0	0	0	0	0	0	0	0	0	0	0	0	0	0	0	0	0	0	0	0	0	0	0	0	0	0	0	0	0	0	0	0	0	0	0	0	0	0	0	0	16	0	0	0	0	0	0	0	0	0	0	0	0	0	0	0	0	0	0	0	0	0	0	0	0	0	0	0	39	0	44	7	0	0	0	62	0	0	0	0	0	0	0	0	13	0	0	0	20	0	0	0	0	114	1096	0	0	56	0	0	27	0	0	0	0	15	53	0	0	0	0	0	0	0	0	0	0	0	0	0	0	0	0	10	0	0	0	0	0	0	0	0	0	0	0	0	0	0	0	0	0	0	0	0	0	0	0	0	0	0	0	0	0	0	0	0	0	0	0	0	0	0	0	0	0	761	0	0	0	0	0	14	0	77	0	0	94	273	0	424	0	0	0	0	0	0	0	0	0	0	0	0	0	0	0	0	0	0	0	0	0	0	0	0	0	0	0	5	0	0	0	187	0	0	0	0	0	0	0	0	27	0	0	0	0	0	90	0	390	74	90	273	0	0	0	0	0	0	0	0	0	0	0	0	0	0	68	98	0	27	0	0	43	470	184	52	394	0	285	0	0	0	0	0	0	0	0	0	0	0	0	0	0	0	0	0	0	0	119	70	0	0	0	0	0	0	0	0	0	0	0	0	0	0	0	0	470	0	210	800	98	0	272	0	683	24	0	0	0	0	0	0	0	0	0	0	0	0	0	0	65	0	0	0	0	310	0	0	0	0	0	0	145	0	0	0	32	49	0	125	0	0	0	0	0	0	0	0	0	0	0	13	0	0	0	0	0	0	0	0	0	0	0	0	0	0	0	136	0	0	0	13	0	945	0	109	231	0	0	0	89	0	0	0	93	0	0	0	0	0	0	0	0	0	0	1158	311	0	375	126	26	370	0	132	238	0	0	0	0	0	0	0	0	0	9	0	0	0	91	22	0	0	0	0	0	0	0	0	0	0	0	0	0	0	0	0	0	315	0	112	0	332	519	1348	0	1760	1428	406	0	0	0	0	0	0	0	0	0	0	0	0	0	0	0	0	0	0	0	0	0	0	0	389	0	16	0	0	0	0	0	0	0	0	15	0	0	0	0	0	0	0	0	0	0	0	0	0	0	0	0	0	0	0	0	0	0	0	0	0	0	0	0	0	0	0	0	0	0	0	0	0	0	0	0	0	0	0	0	0	0	0	0	0	0	0	0	0	0	0	71	0	0	0	0	0	213	16	0	0	0	0	0	0	0	0	0	0	0	0	0	0	0	0	0	0	0	0	0	0	0	51	0	0	0	0	0	270	0	0	0	0	0	0	0	0	0	15	19	0	0	14	0	0	0	0	0	0	0	0	0	0	0	294	24	0	12	0	0	0	0	68	0	0	0	0	0	23	26	0	0	0	0	0	0	0	0	0	0	0	0	0	0	0	0	0	0	0	0	0	0	0	0	0	0	0	0	0	0	0	0	0	0	0	0	0	0	0	15	0	0	0	0	0	0	0	0	62	0	215	15	0	21	0	0	0	0	0	0	0	0	0	0	0	0	0	0	0	0	0	0	0	129	968	0	0	0	0	0	0	0	0	0	0	0	12	20	0	0	84	0	0	0	0	0	0	0	0	0	0	0	0	0	0	0	0	0	203	15	0	0	0	0	0	0	0	0	0	9	0	0	0	0	14	0	0	0	0	0	0	0	0	0	0	0	0	0	0	0	0	0	0	0	0	0	0	0	0	0	1374	0	19	0	0	0	0	0	0	0	0	0	0	0	0	0	0	40	0	0	0	0	0	17	0	0	0	0	0	312	0	0	0	7634	0	0	0	0	0	0	21	0	0	0	88	0	0	0	0	0	0	0	0	0	0	0	0	0	0	0	0	0	0	0	0	0	0	0	105	0	0	0	0	751	0	66	0	0	0	0	0	0	0	0	0	0	0	0	0	0	0	96	0	61	0	0	0	12	0	925	49	554	0	494	0	639	0	24	361	0	0	0	0	0	0	0	0	41	0	0	0	0	0	0	0	0	128	0	0	0	81	0	0	0	0	112	0	0	0	0	0	0	0	0	0	0	0	0	0	18	0	0	0	0	0	0	0	0	14	0	0	484	0	0	110	0	0	992	0	17	70	0	0	0	0	44	6	0	0	0	0	0	0	0	0	0	0	0	0	0	0	0	0	0	0	0	0	0	0	0	0	152	0	23	0	58	202	0	0	0	0	15	5	0	0	0	0	0	0	0	0	0	426	127	41	0	0	0	0	0	0	0	0	0	0	908	8	0	642	221	4417	294	1017	330	0	0	0	0	0	0	0	0	0	0	0	0	0	0	0	0	47	0	156	0	0	0	16	0	0	0	0	0	0	77	0	40	0	0	0	104	0	0	176	0	126	223	578	0	602	0	181	56	0	0	0	0	0	0	0	0	0	0	0	0	0	0	0	0	0	0	0	0	0	0	0	0	0	0	0	0	0	0	0	0	0	0	0	0	0	0	0	0	0	0	0	0	0	0	0	0	0	0	0	0	0	0	0	0	0	0	0	0	0	0	0	0	0	0	0	0	0	0	0	0	0	0	0	0	0	0	0	0	0	0	0	0	0	0	67	0	0	0	0	0	0	0	0	0	0	0	103	0	136	0	0	0	0	27	0	0	0	0	0	0	0	0	0	0	60	0	0	0	0	0	64	0	0	0	0	0	0	0	0	28	0	0	119	0	0	0	0	0	0	0	0	0	0	29	0	0	71	0	26	0	0	0	0	19	0	0	108	0	102	0	15	0	0	0	0	0	0
W1x2318	0	0	0	0	0	0	0	0	0	0	0	0	0	0	0	0	28	0	0	0	0	0	16	0	0	0	0	0	0	129	0	0	0	48	0	0	0	0	0	0	0	0	0	0	0	0	0	0	0	0	0	0	0	0	17	0	0	0	0	0	0	0	0	0	0	0	0	0	0	0	0	0	0	0	0	0	0	0	0	0	0	0	0	0	0	0	0	0	0	0	0	198	0	0	0	56	67	0	2452	0	0	0	0	0	0	0	0	0	0	0	0	0	0	0	0	0	0	0	0	0	0	0	47	0	16	14	0	52	70	0	0	67	0	0	0	0	19	0	0	0	0	0	0	0	0	0	0	0	0	0	15	0	0	0	0	0	0	0	25	0	0	0	0	0	0	0	0	0	0	247	0	105	0	0	0	0	0	82	0	0	0	0	0	0	0	0	0	0	0	0	0	0	4	0	0	0	0	117	96	64	0	9	433	193	0	0	0	0	0	0	0	0	37	0	0	0	0	0	0	0	0	0	0	0	0	0	0	0	0	0	0	12	0	0	0	0	0	0	0	0	0	0	0	33	0	0	0	0	0	0	0	273	0	0	565	0	0	0	0	0	0	0	0	0	0	0	0	0	0	0	5	149	619	0	0	0	51	780	817	493	105	466	32	0	0	6	0	0	0	0	0	9	0	0	0	0	0	0	0	0	0	0	0	111	72	0	0	184	165	0	0	0	0	0	0	0	331	0	0	0	0	0	78	9	646	16	73	198	0	81	0	0	0	0	0	0	0	0	0	0	0	0	0	0	0	114	0	0	0	261	992	0	0	0	0	0	0	0	0	0	0	0	0	0	38	0	0	0	0	0	0	0	0	0	0	0	0	0	17	0	0	0	0	0	0	0	0	0	0	0	0	0	0	0	0	0	0	0	0	0	208	1887	0	586	0	415	0	0	0	0	0	239	81	0	331	0	0	0	26	0	170	1277	0	0	169	33	320	2506	290	1353	0	12	0	0	0	0	0	0	0	103	0	0	0	0	0	0	0	0	0	0	0	0	0	0	0	0	0	0	0	0	0	105	879	16	1377	0	373	1333	825	0	1753	337	3637	0	8	0	0	0	21	0	0	0	0	0	0	0	0	0	0	0	25	0	0	0	0	0	92	0	33	0	26	13	0	0	0	0	79	0	0	0	0	0	0	0	0	0	0	0	0	0	0	0	0	0	66	0	0	0	0	0	0	0	0	0	0	0	0	0	0	0	13	0	0	0	0	0	0	0	33	0	0	0	0	0	0	0	0	0	0	0	0	0	0	18	0	0	0	0	0	0	532	0	0	0	0	19	0	19	0	0	59	0	0	0	0	0	0	0	0	0	0	0	0	0	0	0	0	0	0	0	0	0	19	0	19	0	0	0	0	0	63	0	0	0	159	29	0	0	0	0	0	0	0	0	0	0	0	0	0	94	0	0	0	0	0	50	11	0	0	0	0	0	0	0	0	0	0	0	0	0	0	0	0	0	0	0	0	0	253	0	24	0	0	0	8	0	0	0	0	0	0	0	0	2	0	0	0	0	0	0	0	93	0	17	0	0	24	957	0	0	0	0	0	0	0	74	0	0	0	0	0	0	0	0	0	0	0	0	2	0	0	0	0	0	0	552	0	0	0	0	0	0	0	0	0	24	0	0	8	0	0	0	0	0	0	0	0	0	0	0	0	0	0	0	0	0	0	0	0	0	0	0	105	0	0	0	0	0	0	0	0	0	0	0	0	0	0	0	0	0	0	0	0	0	0	0	0	0	0	0	0	0	0	0	11	0	0	0	188	0	0	0	0	169	18	0	8	0	0	0	0	0	0	0	133	0	0	0	107	0	0	0	0	0	0	0	71	0	0	0	22	0	0	58	0	7	0	0	0	42	0	0	0	0	99	0	69	0	0	0	0	0	0	0	0	0	0	0	0	0	0	0	0	0	0	0	0	0	0	0	74	0	0	22	0	0	0	29	0	0	0	0	0	0	0	0	0	0	21	0	0	0	0	0	0	0	0	0	0	0	0	0	249	385	0	0	0	0	0	0	2264	0	0	0	0	0	0	0	0	19	0	0	0	0	0	0	0	0	0	0	0	90	0	0	0	0	0	0	0	0	21	0	0	0	0	0	0	0	0	0	0	0	0	0	0	0	0	0	0	0	20	0	33	0	0	0	0	0	0	0	0	0	102	0	0	0	17	100	0	0	0	0	0	0	0	0	0	0	0	0	0	0	13	0	19	0	0	0	0	0	0	0	0	0	0	0	23	93	110	0	0	0	0	0	0	0	0	0	0	0	0	0	0	0	0	0	0	0	0	245	0	0	0	0	0	0	0	1320	0	1133	959	0	0	102	641	6103	0	0	0	0	0	0	0	0	0	0	0	0	0	0	0	0	0	0	0	0	0	0	155	11	0	0	0	0	0	130	0	0	0	0	48	0	0	0	356	0	0	0	502	263	718	0	0	32	0	45	0	0	43	0	0	0	0	0	0	0	0	0	0	41	0	0	0	0	0	0	0	0	0	0	0	0	0	0	15	0	0	0	0	0	0	0	0	0	0	195	0	0	0	0	488	0	0	0	0	0	0	0	0	0	0	0	0	0	0	0	0	0	0	0	0	0	0	0	0	0	0	0	0	0	208	0	0	0	0	0	0	130	0	0	0	0	0	0	0	0	0	0	0	0	0	0	0	0	0	9	0	0	71	0	0	0	0	0	0	0	0	0	0	0	0	24	0	0	0	0	0	0	0	0	0	0	0	0	0	70	0	0	0	19	0	0	0	0	6	0	0	59	14	0	0	0	0	0	0	0	0	0	0	0	0	0	0	0	0	0	26	74	0	0	0	0	0
W1x2321	0	0	0	0	8	0	0	0	0	0	0	0	0	0	0	0	0	57	0	0	0	0	0	0	0	0	0	21	0	0	0	0	0	0	0	56	0	0	0	0	18	0	0	0	79	0	86	0	0	0	0	0	58	0	0	0	0	0	0	0	55	0	0	0	0	0	0	0	0	0	0	0	28	0	0	0	0	0	0	0	46	0	0	0	0	14	0	0	0	0	0	0	0	0	0	31	85	12	0	0	55	0	0	0	0	27	0	30	0	0	0	0	49	0	0	0	0	39	29	0	87	95	0	0	66	18	0	148	24	157	0	0	0	0	0	0	99	0	0	0	0	0	0	0	0	0	0	0	0	5	0	0	0	0	0	0	0	0	0	0	0	0	0	170	52	0	0	0	54	0	0	0	0	0	0	132	0	0	0	0	0	0	0	0	0	0	0	0	0	0	0	65	80	0	0	0	0	544	0	417	0	0	0	0	27	0	0	0	0	0	193	43	43	191	0	0	0	0	0	0	0	0	0	0	0	0	0	0	0	0	0	0	0	0	0	0	0	0	137	0	14	21	0	0	0	0	64	0	0	46	111	24	92	78	0	0	0	0	0	0	0	0	0	0	0	0	0	361	0	0	0	0	0	0	0	86	871	122	0	94	104	85	276	0	72	0	19	0	0	0	47	60	0	37	0	0	0	0	0	0	0	590	13	0	0	0	0	106	0	0	0	0	0	0	0	0	0	0	0	0	0	0	751	62	30	171	0	54	57	62	0	0	0	0	0	10	0	0	0	0	0	0	0	0	0	60	0	71	39	0	0	0	0	0	0	0	0	24	0	41	0	0	0	0	0	0	0	0	0	0	0	0	0	0	0	0	0	0	0	0	0	0	0	0	24	0	0	0	0	0	106	0	0	0	0	0	0	94	0	0	34	0	0	70	47	0	0	0	0	5	80	0	0	0	0	0	0	0	0	0	248	117	51	0	73	942	117	280	75	104	0	0	0	113	0	0	0	0	0	0	0	29	0	0	0	0	0	0	0	0	12	0	15	0	0	0	0	0	379	0	0	171	0	240	170	691	868	489	308	178	291	207	128	0	0	0	0	0	0	0	0	0	0	17	0	0	0	0	0	58	0	0	0	12	0	0	0	0	0	0	0	0	0	0	0	0	0	0	0	0	20	325	0	33	0	0	0	0	0	0	0	0	0	0	0	0	0	0	0	124	0	0	0	57	0	0	0	0	6	12	0	12	0	0	0	0	0	0	0	0	0	0	0	0	0	0	0	0	0	0	0	0	0	0	0	0	0	0	0	0	18	79	0	0	45	0	0	0	281	0	0	0	0	0	0	0	0	57	0	0	0	47	42	0	0	18	0	63	0	0	0	23	229	0	0	54	0	0	0	0	0	0	0	0	0	0	0	118	0	0	0	0	0	0	39	0	0	73	15	0	0	0	427	15	0	82	312	0	0	0	0	0	0	0	0	0	0	0	0	0	0	0	4	0	0	0	0	0	0	0	33	42	0	0	29	0	0	0	0	0	0	0	0	0	0	0	0	0	0	0	0	13	0	15	268	0	0	0	63	21	0	0	0	0	0	0	0	0	0	0	0	0	0	0	0	0	0	0	0	0	0	0	0	0	0	0	0	0	0	0	0	0	0	0	0	0	0	0	0	0	0	0	0	273	0	28	0	0	0	0	17	0	0	92	0	0	0	0	0	0	0	0	0	7	41	0	35	0	79	0	0	0	0	29	0	25	0	0	0	0	0	0	0	0	0	0	0	0	0	0	0	0	25	0	31	25	0	0	0	31	0	0	0	0	0	12	0	0	0	0	0	0	0	0	52	41	6	26	0	24	0	33	0	0	0	0	0	0	0	0	53	20	0	622	194	0	0	0	0	0	0	0	0	0	0	0	0	19	0	0	0	0	0	10	0	0	0	0	0	24	0	0	0	0	0	0	0	0	14	0	0	8	0	239	0	0	0	0	0	0	45	0	0	0	0	0	0	0	0	0	0	0	0	0	0	0	0	0	93	0	57	71	31	45	0	82	0	34	0	68	114	0	0	41	0	42	0	0	0	0	0	0	0	0	8	0	0	0	0	0	0	0	0	0	0	10	0	0	0	83	0	0	29	0	32	0	0	0	0	0	0	0	0	0	0	0	0	23	0	32	0	0	61	0	0	0	0	45	0	0	0	191	0	0	134	0	293	0	0	0	0	80	0	0	0	10	421	39	0	78	0	0	138	0	0	0	0	5	0	0	0	0	0	0	91	15	0	0	43	0	0	0	43	0	0	0	0	0	0	0	0	0	0	0	0	0	0	50	0	0	0	19	0	0	0	0	0	99	884	136	1207	98	130	103	101	0	290	0	0	0	0	0	0	0	0	0	0	0	31	0	0	0	64	126	0	0	0	0	1747	142	0	84	144	0	121	56	0	0	0	97	0	0	0	0	0	106	273	0	118	2123	0	0	0	89	0	0	0	0	0	24	0	0	0	0	0	45	0	0	21	0	0	0	0	0	0	6	0	0	0	0	0	0	0	38	52	0	0	0	0	0	0	0	0	0	0	0	20	0	23	0	0	0	0	0	0	0	0	0	0	0	0	0	0	0	0	0	0	0	0	46	0	0	0	0	38	0	14	0	0	99	0	0	0	10	0	0	0	0	0	0	0	0	0	20	0	0	0	0	0	0	0	0	0	53	0	28	0	0	0	0	0	0	0	0	0	0	14	3	0	0	0	0	0	0	0	13	0	0	0	0	0	0	38	0	0	0	66	0	54	0	0	243	221	0	0	0	0	0	0	0	0	0	0	0	0	0	0	0	0	0	124	0	0	56	0	0	0	0	15	0	0	0	54
W1x2323	0	0	0	0	0	0	0	0	0	0	0	0	0	0	0	0	217	0	0	0	0	0	0	0	0	0	0	0	0	0	0	0	0	0	0	0	0	0	0	0	0	0	0	0	0	0	0	0	0	0	0	0	0	0	0	0	0	0	0	73	13	0	0	0	0	0	0	0	0	0	0	0	0	0	0	0	0	0	0	0	0	0	0	0	0	0	0	0	0	0	0	25	0	0	0	0	0	0	0	0	0	0	0	0	0	0	0	0	0	0	0	0	0	0	0	0	169	0	0	35	0	0	0	0	0	0	0	0	62	42	0	0	0	0	0	0	0	0	0	0	0	0	0	0	0	0	0	0	0	0	0	0	0	0	0	0	0	0	0	0	0	0	0	0	0	10	0	0	0	0	0	0	0	0	0	0	0	51	0	0	0	0	0	0	0	2	0	0	0	0	0	0	0	0	0	0	0	27	21	48	0	0	45	376	0	0	0	0	0	0	0	2	52	0	0	0	0	0	0	0	0	0	0	0	0	0	0	0	0	0	0	0	0	0	0	0	0	0	0	0	0	0	0	0	0	0	0	0	0	0	0	0	0	222	0	15	0	0	0	0	0	0	0	0	0	0	0	0	0	0	0	12	0	0	0	0	0	0	0	0	1308	27	12	0	0	0	0	0	0	0	0	0	0	0	0	0	0	0	0	0	0	0	0	0	0	0	0	24	0	0	0	0	0	0	0	0	0	0	0	0	0	0	48	0	17	28	0	0	0	23	0	0	0	0	0	0	0	0	0	0	0	0	0	0	0	50	0	0	0	0	0	0	0	0	0	0	0	0	10	0	0	0	0	15	0	0	0	0	132	0	0	0	0	65	0	0	0	0	0	0	0	0	0	0	0	0	0	0	0	0	0	0	0	0	0	0	0	13	0	0	0	127	0	303	0	34	0	0	0	0	0	0	144	0	0	0	0	0	0	0	29	55	0	0	27	16	11	0	9	0	0	0	0	0	3	0	0	0	0	4	0	0	0	0	0	0	0	0	0	0	0	0	0	0	0	0	0	0	0	0	0	0	0	107	11	0	15257	0	39	0	0	0	22482	0	0	0	0	0	0	0	0	0	0	0	0	0	0	0	0	0	0	0	0	0	0	0	0	0	0	0	0	0	0	0	0	0	0	0	0	0	0	0	0	0	0	0	0	0	0	0	0	0	0	6	0	0	0	0	0	0	0	0	0	0	0	0	0	0	0	0	0	0	0	0	0	0	0	0	0	0	0	0	0	0	0	0	12	0	0	0	0	0	0	0	0	0	0	0	0	13	0	0	0	0	0	0	0	22	0	0	0	0	0	0	0	0	0	0	0	0	0	0	0	0	0	11	0	0	0	0	0	0	0	0	0	0	0	0	0	0	0	0	0	0	0	6	0	0	0	4	0	0	0	6	0	0	0	0	0	42	0	0	0	0	0	0	0	0	2	0	0	0	0	0	0	0	0	0	0	0	0	0	0	0	8	0	0	0	0	0	0	0	0	0	0	0	0	0	0	0	0	0	0	0	0	0	0	0	0	0	0	96	0	0	0	0	289	29	1013	0	0	0	0	0	0	0	0	0	0	0	0	0	0	0	0	0	0	0	0	0	0	0	0	0	0	24	0	0	0	0	22	0	57	0	56	0	0	0	0	0	0	0	0	0	0	0	0	0	0	0	0	0	0	0	0	0	0	0	0	0	0	0	0	7	0	0	3	0	18	0	0	0	15	0	3	0	0	0	0	0	0	0	5	0	0	0	0	0	0	0	0	73	0	14	0	0	0	0	0	0	0	0	0	0	0	0	0	0	0	0	0	0	0	0	0	0	0	41	0	0	0	0	0	0	0	0	101	0	0	14	0	76	0	28	9	0	0	32	433	67	47	0	0	0	0	0	0	0	0	0	0	0	0	0	0	0	0	0	0	0	0	0	0	0	0	0	0	0	0	0	0	0	37	0	0	8	0	0	0	0	0	0	0	0	0	0	0	0	0	0	0	0	194	0	0	0	0	27	0	0	0	0	0	0	0	34	0	0	7580	0	211	0	0	0	0	0	0	0	0	0	0	0	0	0	0	0	3	0	0	0	0	0	0	0	0	0	0	0	0	0	14	0	0	0	0	0	0	0	0	0	0	0	0	0	0	0	0	0	0	0	33	0	0	0	0	0	0	0	0	0	0	23	30	1816	0	0	0	0	0	0	0	0	0	0	0	0	0	0	0	0	0	0	0	0	6	0	0	0	0	0	0	0	0	0	20	0	153	0	0	0	0	0	0	0	0	0	0	0	0	0	0	0	0	0	0	0	0	0	0	0	0	4	0	7	0	0	0	87	0	0	306	0	21	132	0	44	0	0	0	0	0	0	6	0	0	0	0	0	0	0	0	0	0	13	0	0	0	0	20	11	0	0	0	0	0	14	0	0	0	0	173	0	0	0	18	0	22	26	0	40	0	0	79	37	0	0	0	0	0	0	0	0	0	0	0	0	0	0	0	0	0	0	0	0	0	0	0	0	0	0	0	0	0	0	0	0	0	0	0	0	0	0	0	0	0	0	0	0	0	0	5	0	0	0	0	0	0	0	0	0	0	0	0	0	0	0	0	17	0	0	0	0	0	0	0	0	0	0	0	0	0	0	0	0	0	0	0	0	0	0	0	0	0	0	0	0	0	0	0	0	0	0	0	0	0	0	0	0	0	0	0	0	0	0	0	24	0	0	0	0	0	0	0	0	0	0	0	0	0	0	0	0	0	0	0	0	0	0	231	48	0	0	0	0	0	0	0	0	0	0	0	0	0	0	0	0	0	0	0	0	0	0	12	0	45	0	205	0	0	0	0	0	0
W1x2401	0	0	0	0	0	0	16	0	0	0	0	0	0	0	0	0	0	74	0	0	0	0	0	0	0	0	0	41	10	0	12	0	0	0	0	19	0	0	0	0	70	0	0	0	116	0	29	0	0	0	0	0	0	0	0	0	0	0	29	0	0	0	0	0	0	0	0	0	0	0	0	0	15	0	0	0	0	0	0	0	11	0	0	0	0	0	0	0	0	0	0	0	0	0	0	0	114	6	0	0	26	0	0	0	0	47	0	0	0	0	0	0	20	0	0	0	0	0	0	16	64	24	0	0	0	0	0	252	86	182	0	0	0	0	0	0	60	0	0	0	0	0	0	0	0	0	0	0	0	0	0	0	0	0	0	0	0	21	0	0	0	0	0	987	34	0	0	0	0	0	113	185	0	0	78	38	0	0	0	0	0	0	0	0	0	0	0	0	0	0	0	0	0	0	0	0	0	780	0	617	0	0	0	73	42	0	0	0	0	0	100	67	0	171	0	0	0	0	0	0	0	0	0	0	0	0	0	0	0	0	0	0	0	0	0	0	0	0	145	0	5	155	0	0	0	0	0	0	0	0	0	0	0	0	0	0	0	0	0	0	0	0	0	0	0	0	0	424	0	0	0	0	0	0	0	203	571	94	0	68	122	104	610	224	0	0	0	0	0	125	74	0	0	0	0	0	0	0	0	0	0	344	0	0	0	0	0	194	0	0	0	0	0	0	0	0	0	0	0	0	0	0	1530	53	0	316	0	115	0	0	0	0	0	0	0	0	0	0	0	0	0	0	0	0	0	31	0	83	0	0	10	0	0	0	0	0	0	0	0	170	0	0	0	0	0	0	0	0	0	11	0	0	0	0	12	0	0	0	0	32	0	0	0	0	18	0	0	0	0	0	0	0	0	0	0	0	0	61	0	0	0	69	0	36	18	0	0	0	0	0	82	0	19	0	0	0	0	0	51	0	0	187	198	0	144	623	175	369	67	98	0	0	55	52	0	0	0	30	0	0	0	0	0	0	0	0	0	0	0	0	0	0	0	0	0	0	0	0	178	0	35	261	88	135	130	348	1508	276	474	159	247	208	316	0	0	0	0	0	0	0	0	0	0	0	0	0	0	0	0	0	0	0	0	0	0	0	0	0	0	0	0	93	0	0	0	0	0	0	24	28	44	139	0	58	0	0	0	0	0	0	0	0	0	0	0	0	0	0	0	0	0	32	0	0	0	0	0	0	0	0	0	0	0	0	0	55	0	0	0	0	0	0	0	46	0	0	0	0	0	30	0	0	0	0	0	0	0	0	0	0	0	0	0	0	0	0	0	0	0	90	0	0	0	0	0	0	0	0	0	0	0	56	0	0	0	27	0	0	0	0	0	25	50	0	0	0	0	0	33	0	0	0	0	0	6	34	0	592	17	0	0	0	0	0	87	0	0	286	0	25	0	0	423	0	0	0	0	0	0	0	0	0	0	0	0	0	0	0	0	0	0	0	0	0	45	0	0	0	0	0	35	0	0	0	45	0	0	0	0	0	0	0	0	0	0	0	0	0	0	0	0	0	0	76	0	0	0	0	57	226	0	37	0	0	0	0	0	0	0	0	0	0	0	0	0	0	145	0	12	0	0	0	0	0	0	0	0	0	0	0	0	0	33	0	0	0	0	0	0	0	0	38	0	132	0	0	32	0	0	0	0	0	0	0	0	0	0	0	0	0	0	0	0	35	25	0	37	0	28	16	0	0	0	121	0	0	0	0	0	0	0	0	0	0	0	17	0	0	0	58	0	0	26	0	21	17	0	0	0	0	0	0	0	0	0	0	0	0	0	0	0	0	0	0	0	0	0	61	0	0	0	0	0	0	0	0	0	0	0	0	101	0	0	348	0	0	0	0	0	0	0	0	0	0	0	0	0	0	0	0	0	0	6	0	0	0	0	0	0	0	0	0	0	0	0	0	0	0	0	30	75	0	0	1062	0	0	0	0	0	0	25	0	0	0	0	0	0	0	0	0	0	0	0	0	0	0	0	0	0	0	0	0	28	0	0	84	0	46	22	232	263	0	37	77	0	0	29	0	0	0	0	0	0	25	37	0	0	0	0	0	0	0	0	0	0	0	0	0	0	40	0	52	72	0	31	0	0	0	0	0	0	0	0	0	0	0	0	0	0	61	0	0	181	0	0	0	0	0	0	0	18	264	0	37	0	0	161	0	0	0	64	0	0	0	0	0	333	0	0	0	0	0	37	7	0	0	0	0	0	0	0	0	0	0	122	0	0	0	0	0	0	0	216	0	0	0	0	0	0	0	0	0	0	0	0	0	0	0	0	0	0	36	0	0	0	0	0	76	108	99	7322	168	534	125	86	0	136	0	0	0	0	0	0	0	0	0	0	0	0	0	0	0	0	84	62	0	0	0	399	432	0	0	53	21	0	33	116	0	0	31	0	0	0	0	0	182	157	71	83	950	43	0	300	56	0	0	0	0	0	0	0	0	115	0	47	24	0	0	56	0	0	0	0	0	0	0	0	20	0	0	0	0	0	0	23	0	0	0	0	0	0	0	0	0	0	0	0	0	0	0	0	0	0	0	0	0	0	0	0	0	0	21	0	0	0	0	0	0	0	19	69	27	0	0	0	0	13	0	0	0	0	0	0	0	0	0	0	0	0	0	0	0	0	10	0	0	0	0	0	0	0	60	0	0	0	0	0	0	11	0	0	0	279	0	0	0	0	0	0	0	0	0	0	0	0	0	0	0	0	0	0	0	0	0	571	0	0	0	68	0	0	174	71	0	0	0	0	0	0	0	0	0	0	0	0	0	0	55	0	0	18	0	0	100	0	228	45	0	0	0	0	0	0
W1x2406	0	0	0	0	0	0	0	0	0	0	0	0	74	0	0	0	0	0	0	0	0	0	200	0	0	0	0	0	0	0	0	0	0	0	0	0	44	0	0	0	0	0	0	0	0	0	0	0	0	0	0	0	0	0	77	0	0	0	0	0	0	0	17	0	0	24	0	0	12	0	0	0	0	0	0	28	0	0	0	0	0	0	0	0	0	0	0	0	0	0	0	0	0	20	0	64	28	120	0	0	0	0	0	0	0	0	0	0	0	0	0	0	0	0	0	0	0	0	154	0	0	0	23	0	0	24	7	0	0	0	369	63	0	0	0	0	0	0	0	0	0	0	0	0	0	0	0	0	0	0	0	0	0	0	0	0	0	0	0	0	0	0	0	0	0	0	0	0	0	0	0	0	0	0	0	19	0	0	27	0	0	0	0	0	0	0	0	0	0	0	0	0	0	0	0	23	0	0	159	44	32	461	78	0	51	0	0	0	0	51	35	124	0	0	0	0	0	0	0	0	0	0	0	0	0	0	0	0	0	0	0	0	0	0	0	0	0	0	0	0	0	0	0	0	0	0	0	0	0	0	0	101	42	44	45	260	0	0	0	0	0	0	0	0	0	0	0	0	0	0	0	0	8	31	0	63	1005	291	0	177	63	95	1120	187	307	0	0	0	0	0	0	0	0	0	0	0	0	0	0	0	0	0	0	66	32	0	35	44	93	0	0	0	0	0	0	0	0	0	0	0	928	0	0	275	55	0	0	1619	0	168	0	0	0	0	0	0	0	0	0	0	0	0	0	0	0	83	0	0	0	418	0	189	0	0	0	0	0	52	0	0	0	24	105	0	0	96	0	0	0	0	0	0	0	0	0	0	0	0	0	0	0	0	0	0	0	0	0	0	0	0	0	0	26	0	0	0	19	267	0	453	44	0	0	0	0	50	0	0	0	0	0	0	0	0	0	3	0	0	0	0	304	0	57	543	226	987	159	0	798	648	0	0	0	0	0	0	0	0	0	0	0	0	0	0	0	0	0	0	0	0	0	0	0	6	0	0	0	0	0	0	0	5	57	118	1221	0	2146	814	1976	0	1502	1305	108	0	0	0	0	0	0	0	0	0	0	0	0	0	0	0	10	0	0	0	3	0	0	0	12	0	11	0	0	0	0	0	0	0	0	0	0	0	0	0	0	0	0	0	0	0	0	0	0	0	0	0	0	0	0	0	0	0	0	0	0	0	0	0	0	0	0	0	0	0	0	0	0	0	0	0	0	0	0	0	0	0	0	0	0	0	0	0	62	0	0	108	0	12	0	0	0	0	0	0	0	0	0	0	0	0	0	0	0	0	0	0	0	0	0	0	0	0	49	0	0	0	0	0	0	0	0	0	0	0	0	0	0	0	43	0	0	0	19	8	0	0	10	11	0	10	0	0	0	0	0	0	35	0	0	0	0	0	322	0	0	34	0	0	0	0	0	12	0	0	0	0	0	0	0	0	0	0	0	0	0	0	0	0	0	0	0	0	0	0	0	0	0	0	0	0	0	0	0	0	11	0	0	0	0	0	0	0	0	0	0	65	0	0	0	0	0	0	82	0	0	16	0	25	0	6	0	0	0	0	0	0	0	0	0	0	0	0	0	0	0	0	0	0	0	0	2	0	0	0	39	0	0	0	0	0	0	0	0	0	11	0	0	0	0	0	0	0	0	0	0	0	0	0	0	95	0	0	0	94	0	0	0	0	0	355	0	0	0	0	0	0	0	0	0	0	0	0	0	0	0	0	0	0	0	0	0	0	0	18	0	0	0	0	0	0	0	0	0	0	0	0	0	0	0	0	0	0	0	0	24	0	0	0	18	0	0	0	0	0	10	0	0	0	0	0	0	0	106	10	0	0	769	0	0	135	28	248	89	0	0	0	33	379	118	0	0	0	0	0	0	0	0	0	0	0	0	0	0	0	0	7	0	0	0	0	40	0	8	0	0	24	0	7	0	28	0	0	0	0	0	0	0	0	0	0	0	0	0	0	0	0	0	0	0	4	0	0	54	15	268	581	0	116	114	8	0	0	0	0	0	0	0	0	0	0	141	6	0	0	0	0	0	0	0	0	249	0	97	75	482	113	0	0	0	0	0	0	0	0	0	0	0	0	0	0	0	0	0	0	0	0	0	0	0	0	0	0	0	0	0	0	0	0	0	341	32	0	0	353	586	0	0	0	469	34	0	0	0	0	8	0	0	0	0	0	0	0	0	19	0	0	0	0	0	0	0	0	0	0	0	0	72	0	0	175	9	0	0	0	0	279	43	45	0	0	0	0	0	0	48	0	0	0	72	0	0	125	0	0	0	0	0	0	0	2413	2844	417	118	104	0	361	467	122	0	0	22	0	0	0	0	0	0	0	0	0	0	0	0	0	92	0	12	0	0	0	25	0	0	0	0	315	0	107	0	0	0	10	0	0	0	0	0	326	0	268	72	25	445	1366	895	392	0	0	0	0	0	0	0	0	0	0	0	0	0	0	0	0	0	0	0	0	0	0	0	0	0	0	0	0	0	0	0	0	0	0	0	0	0	0	0	0	0	0	0	0	137	0	0	0	0	0	0	0	0	0	0	0	0	0	0	0	0	0	0	0	0	0	0	0	0	0	0	0	0	0	0	0	0	0	0	0	0	0	0	0	0	0	15	0	0	0	0	0	0	0	0	0	0	0	0	0	48	0	0	0	0	16	0	0	0	0	0	0	0	0	0	0	0	0	0	0	0	0	0	0	0	6	0	0	0	0	0	12	0	0	0	0	0	0	13	0	17	0	0	0	0	0	0	12	0	0	16	0	0	0	0	0	14	14	0	343	0	0	0	560	90	0	0	0	0
W1x2407	0	0	0	0	0	0	0	0	0	0	0	0	0	0	0	0	16	0	0	0	0	0	0	0	0	0	0	3	0	0	0	0	34	0	0	0	0	0	0	0	0	0	0	0	0	0	0	0	0	0	0	0	0	95	0	32	0	0	0	0	0	0	0	0	0	0	0	0	0	0	0	0	0	0	0	0	0	0	0	0	0	9	0	0	0	0	0	0	0	0	0	31	0	15	0	0	0	0	0	0	0	0	0	0	0	0	0	0	0	0	0	0	0	0	0	0	0	0	0	104	0	0	14	0	0	0	0	0	59	0	0	0	0	0	0	0	0	0	0	0	0	0	0	0	0	0	0	0	0	0	0	0	0	0	0	0	0	0	0	0	0	0	0	0	0	0	0	0	0	28	0	0	0	134	0	0	0	0	0	0	0	0	0	0	0	0	0	0	0	0	0	0	0	0	0	0	0	0	0	0	0	0	0	124	0	0	0	0	0	0	18	14	0	0	0	0	0	0	28	0	0	0	0	9	0	0	0	0	0	0	0	0	0	0	0	0	0	0	0	0	0	0	0	202	0	0	0	73	0	0	0	461	72	109	71	176	0	0	0	0	0	0	0	0	0	0	0	0	0	0	0	33	35	0	0	141	0	772	225	0	84	1364	102	263	0	0	0	0	0	0	0	0	0	0	0	0	0	0	0	1109	0	0	0	0	0	242	641	0	0	0	0	0	0	0	0	0	0	0	0	184	0	272	0	0	1020	540	3507	0	0	155	0	0	0	0	0	0	0	0	0	0	0	0	0	0	0	0	0	0	0	217	0	0	0	0	0	0	0	0	0	0	0	0	0	0	0	0	0	0	0	0	0	0	0	0	0	0	0	0	14	0	0	0	0	0	0	0	0	59	0	0	0	0	0	0	0	0	0	10	0	34	256	627	0	0	0	102	0	0	0	0	0	0	61	0	0	0	0	0	62	0	588	0	0	73	0	345	1238	0	232	902	0	0	0	0	0	0	0	0	0	20	0	0	0	0	0	0	0	0	0	0	0	0	0	0	0	0	0	0	0	0	0	0	336	351	842	851	4930	1377	1860	320	0	1190	759	0	0	0	0	0	29	0	0	0	0	0	0	0	0	0	0	0	138	0	0	0	0	0	0	0	47	0	0	0	0	0	0	0	0	29	0	0	0	0	0	0	960	0	0	0	0	0	0	0	0	0	23	0	0	0	0	0	0	0	0	0	0	4	0	0	0	0	0	0	0	0	0	0	0	0	0	0	0	0	0	0	0	0	0	0	0	0	0	0	0	11	0	0	0	0	0	0	0	0	0	0	0	0	0	0	0	0	0	0	0	0	0	0	0	0	0	0	194	0	0	0	0	0	0	0	0	0	31	0	0	0	13	0	0	0	0	0	0	0	0	0	0	0	0	0	0	0	0	0	0	0	0	0	0	0	612	511	0	0	0	20	0	0	0	0	0	0	0	0	0	0	0	0	0	0	0	0	0	0	0	0	0	0	0	0	0	0	0	0	0	0	0	226	0	15	0	0	0	0	0	0	0	0	0	0	0	0	0	0	0	0	0	0	0	0	48	0	74	0	0	0	0	37	0	0	0	0	0	0	0	0	0	0	0	0	0	0	0	31	0	0	0	0	0	0	0	0	219	0	0	0	0	0	0	13	0	0	0	0	0	0	0	0	0	0	0	0	0	0	0	0	0	0	0	0	0	0	0	0	0	0	0	0	0	0	0	0	0	0	0	0	0	0	0	0	0	0	0	0	0	0	0	0	0	0	0	0	0	0	0	0	0	0	0	0	42	0	0	0	0	0	0	0	0	0	0	0	0	0	0	0	0	0	0	0	0	0	0	0	123	0	0	0	0	0	0	52	7	0	0	0	56	0	0	149	0	14	0	0	65	0	0	24	25	0	0	0	0	0	0	0	0	0	0	0	0	0	0	0	0	0	0	0	22	0	0	0	0	0	0	0	0	0	0	239	0	0	0	0	0	0	0	0	0	0	0	0	0	0	0	0	0	0	0	20	0	0	0	0	421	1089	0	0	0	0	0	103	434	0	0	0	0	0	0	0	0	32	0	0	0	0	0	0	0	0	0	0	0	0	0	0	0	0	0	81	0	0	0	0	0	0	0	0	0	0	0	0	0	0	0	0	0	0	0	0	0	0	43	0	61	0	0	0	0	938	13	0	0	139	0	0	0	0	121	109	10	17	0	0	0	0	0	0	0	0	296	0	0	0	0	0	0	0	0	0	0	0	0	0	0	0	172	2552	0	173	0	0	0	0	0	168	0	0	0	0	0	0	0	0	0	0	0	0	0	0	0	0	0	0	0	0	0	0	0	0	64	1015	186	9	1080	618	694	0	0	0	0	0	0	0	0	0	0	0	0	0	0	0	0	0	0	0	33	0	0	0	18	119	0	0	0	39	0	313	0	0	0	0	0	0	0	0	0	58	0	0	304	0	48	0	0	411	0	0	0	0	0	0	0	0	0	0	0	0	0	0	0	0	0	0	0	0	0	0	0	0	0	0	0	0	0	0	0	0	0	0	0	0	0	0	0	0	0	0	0	0	71	0	0	0	0	0	0	0	0	0	0	0	0	0	0	0	0	0	0	28	0	0	0	0	0	0	0	0	0	0	0	0	0	0	0	0	0	0	0	0	0	0	0	0	0	0	0	0	0	0	0	0	0	0	0	0	0	0	0	0	0	0	0	0	0	0	0	0	0	0	0	0	0	0	0	0	0	0	0	0	0	0	0	0	0	0	0	103	0	0	0	0	0	0	0	22	8	0	0	0	0	0	0	0	0	0	0	0	0	0	0	0	0	0	91	0	0	0	129	155	0	0	0	0	0
W1x2408	0	0	0	0	0	0	0	0	0	0	0	0	0	0	0	0	0	0	0	0	0	0	0	0	0	0	0	0	0	0	0	0	0	0	0	0	0	0	0	0	0	0	0	0	0	0	0	0	0	0	0	0	0	0	0	0	0	0	0	0	0	0	0	0	0	0	0	0	0	0	0	0	0	0	0	0	0	0	0	0	0	0	0	0	0	0	0	0	0	0	0	0	0	16	0	0	0	0	382	0	0	0	0	0	0	0	0	0	0	0	0	0	0	0	0	0	0	0	59	77	0	0	0	0	0	0	0	0	0	0	0	0	0	0	0	0	16	0	0	0	0	0	0	0	0	0	0	0	0	0	0	0	0	0	0	0	0	0	0	0	0	0	0	13	0	20	0	0	0	0	0	0	0	0	0	0	0	10	0	0	0	0	0	0	0	0	0	0	0	0	0	0	0	0	0	0	0	0	0	0	0	0	64	0	0	0	0	0	0	0	0	0	0	0	0	0	0	0	0	0	0	0	0	0	0	0	0	0	0	0	0	0	0	0	0	0	0	0	0	0	0	0	0	0	0	0	0	0	0	0	0	0	0	60	65	0	0	0	0	0	0	0	0	0	0	0	0	0	0	0	0	12	0	0	0	28	12	80	0	99	194	51	16	30	0	0	0	0	0	0	0	0	0	0	0	0	0	0	0	0	0	0	0	0	0	0	0	0	0	0	0	0	0	0	0	0	0	0	0	0	0	93	0	23	42	0	0	0	0	58	0	0	0	0	0	0	0	0	0	0	0	0	0	0	0	78	0	0	0	0	26	0	0	0	0	0	0	0	0	0	0	0	0	0	0	0	0	0	0	0	0	0	0	0	0	0	0	0	0	0	0	0	0	0	0	10	0	0	0	0	0	323	0	0	0	0	0	0	11	0	76	22	107	62	0	0	0	0	0	0	0	0	0	0	0	0	0	0	0	0	133	323	1307	0	0	16	0	603	132	52	0	0	0	0	0	0	0	0	0	0	0	0	0	0	0	0	0	0	0	0	0	0	0	0	0	0	0	0	0	0	0	0	20	28225	127	0	690	194	395	0	162	0	1552	0	0	0	0	0	0	0	0	0	0	0	0	0	0	0	0	0	0	0	0	0	0	0	0	0	0	0	0	0	0	0	0	0	0	0	0	0	0	0	0	0	0	0	0	0	0	0	0	0	0	0	0	0	0	0	0	0	0	0	0	0	0	0	0	0	0	0	52	0	0	0	0	0	0	0	0	0	0	0	0	0	0	0	0	0	0	0	0	0	0	0	0	0	0	0	0	38	0	0	0	0	0	0	0	0	0	0	0	0	0	0	0	0	0	0	0	0	0	0	0	0	0	0	0	0	0	0	0	0	0	0	0	0	0	0	0	0	0	0	0	0	0	0	0	0	0	0	0	0	0	0	0	0	0	0	27	17	0	0	0	0	96	0	0	0	0	0	12	0	0	44	0	0	0	0	0	0	0	0	0	0	0	0	0	0	0	0	0	0	0	0	0	0	0	11	0	0	0	0	0	0	0	0	0	0	0	0	0	49	0	0	0	0	0	70	157	0	0	0	0	0	0	0	0	0	0	0	0	0	0	0	0	0	0	0	0	0	0	0	0	0	0	0	0	0	0	0	0	0	73	0	0	0	0	0	0	0	0	0	19	0	0	0	0	0	0	0	0	0	0	0	0	0	0	0	0	0	0	35	0	0	0	0	0	0	0	0	0	0	0	0	0	0	0	0	0	11	0	22	0	0	0	0	0	0	0	0	0	0	0	0	0	0	178	0	0	0	0	0	0	160	0	0	0	0	0	0	0	0	0	0	0	0	0	0	0	0	0	0	17	0	0	9	0	0	0	0	0	27	0	0	0	0	0	5	0	0	111	0	0	0	0	0	0	0	0	0	0	0	0	0	0	0	0	0	0	0	0	0	0	0	0	0	30	0	0	0	0	0	0	0	0	0	0	0	0	0	0	0	0	0	0	0	0	0	0	0	0	0	0	0	0	0	0	0	0	0	0	0	7	0	0	0	0	0	1032	0	331	0	0	0	0	0	0	0	0	0	0	0	0	0	0	0	0	0	39	0	0	0	0	0	0	0	0	0	0	0	0	0	0	0	0	0	0	0	0	0	0	0	0	0	0	0	0	0	0	0	0	0	0	0	0	0	0	47	0	0	0	0	0	0	0	0	0	38	0	0	0	0	0	0	0	0	0	0	0	0	0	0	0	0	17	0	0	0	0	0	0	0	0	0	0	0	0	188	0	0	0	0	0	14	0	0	0	0	0	0	0	0	0	1308	82	0	0	0	0	0	0	0	0	0	0	0	0	246	0	108	34	0	0	195	104	83	0	0	0	0	0	0	0	0	0	0	0	0	0	0	0	0	140	0	85	0	0	0	0	27	0	0	0	0	0	0	0	0	0	0	73	0	5	0	0	0	0	193	158	24	0	199	0	47	0	0	0	0	0	0	0	0	0	0	0	0	0	0	0	0	0	0	0	0	0	0	0	0	0	0	0	0	0	0	0	0	0	0	0	0	0	0	0	0	0	0	0	0	0	0	0	0	0	0	0	0	0	0	0	0	0	0	0	0	0	0	35	28	0	0	0	0	0	0	0	0	0	0	0	0	0	0	0	0	0	0	0	0	0	0	0	0	0	0	0	0	0	0	0	0	0	0	0	0	0	0	0	0	0	0	0	0	0	0	0	0	0	0	0	0	0	0	0	0	13	0	0	0	0	0	0	0	0	0	0	19	0	0	0	0	0	0	0	20	0	0	0	0	0	0	0	0	0	0	0	0	0	0	0	0	0	0	0	0	0	0	31	0	0	0	0	0	0
W1x2410	0	0	0	0	0	0	0	0	0	0	0	0	0	0	184	0	24	29	335	0	0	0	41	0	0	0	0	0	0	0	0	0	0	0	0	0	0	0	0	9	0	0	0	0	0	0	0	103	0	0	0	0	0	0	0	0	0	0	0	0	0	0	0	61	0	0	0	0	0	0	0	0	0	0	0	0	0	105	0	0	0	0	0	0	0	0	0	0	0	185	0	0	0	0	0	0	0	248	0	0	59	0	12	0	0	25	0	0	0	0	0	0	39	0	0	0	0	0	43	0	22	0	0	0	123	0	0	0	0	0	0	0	22	0	0	0	230	0	0	0	0	0	0	0	0	0	0	0	0	0	0	0	0	0	0	0	0	0	0	0	0	0	0	0	0	0	0	0	0	0	0	0	0	31	0	0	0	0	0	0	0	0	0	0	6	0	0	0	0	0	0	0	0	0	0	0	0	854	0	18	177	0	0	114	0	4041	0	0	0	523	0	85	96	0	0	0	0	0	0	0	0	0	0	0	0	0	0	0	0	0	0	0	0	0	0	0	0	0	0	0	7	0	0	0	0	0	0	0	0	0	0	58	20	0	0	0	0	0	0	0	0	0	0	0	0	0	0	0	0	0	0	0	0	0	0	0	1901	0	0	23	0	36	86	993	0	0	0	0	0	0	0	15	0	0	0	0	0	0	0	326	0	0	0	0	0	0	0	142	0	0	0	0	0	0	0	0	0	0	0	0	382	0	573	65	11	200	21	0	0	20	0	0	0	0	0	0	0	0	0	0	0	2	0	0	0	0	0	0	0	0	0	0	0	0	0	16	0	0	0	0	0	0	0	0	0	20	0	41	0	0	0	0	0	0	0	0	0	0	0	0	0	0	0	0	0	0	0	0	0	0	0	0	0	0	0	0	0	579	0	0	0	0	0	0	0	0	0	0	0	0	0	0	21	0	0	0	0	0	0	0	0	6	114	0	0	372	0	82	85	0	0	0	39	0	0	0	0	0	0	0	0	0	0	0	0	0	0	0	0	0	18	0	0	0	0	0	0	0	0	0	0	0	0	220	409	0	4711	516	1060	0	448	1740	398	0	0	0	76	0	0	0	0	0	0	0	0	0	0	0	0	0	49	0	0	16	0	0	0	0	0	0	0	0	0	0	0	0	0	0	0	48	51	0	0	28	0	0	0	0	0	0	0	0	0	0	0	0	0	0	0	0	0	0	0	0	102	0	0	0	0	0	0	0	0	0	0	64	0	11	0	0	0	0	0	0	0	0	0	0	0	0	0	0	0	11	0	0	21	0	0	0	0	0	0	150	0	0	17	0	0	0	0	27	0	0	0	0	0	0	0	0	0	0	0	0	0	0	177	0	0	0	0	0	0	0	0	0	0	0	0	0	0	0	0	0	0	0	0	0	0	0	0	0	0	0	0	0	0	0	0	62	0	0	0	90	0	0	670	0	0	0	0	0	0	0	0	0	0	0	0	0	0	0	0	0	0	40	71	0	0	0	12	0	0	0	0	0	0	0	0	0	0	0	0	0	0	0	0	0	0	0	0	48	0	113	0	0	0	0	0	0	9	0	0	0	91	0	232	13	0	0	0	0	0	0	0	0	0	0	0	0	0	0	0	0	0	0	0	0	0	0	0	0	0	0	0	0	0	0	0	0	15	0	0	0	0	0	0	10	0	35	0	57	0	0	0	0	0	0	0	0	0	0	0	0	0	594	118	0	0	0	0	0	0	0	0	0	0	0	0	0	0	0	0	0	0	0	0	0	0	0	0	0	0	21	0	32	0	0	33	0	0	0	0	0	0	0	0	0	0	0	0	0	0	0	0	0	0	0	0	0	0	0	0	0	0	0	0	0	0	0	0	0	0	97	0	0	0	1573	0	946	0	0	0	0	110	0	0	0	0	0	0	0	0	10	0	0	0	0	0	0	0	0	0	0	108	0	0	0	0	0	0	0	0	0	0	0	0	0	0	0	0	0	0	0	0	0	0	0	0	0	0	0	0	0	0	3	0	0	0	0	0	0	33	55	0	13	0	10	10	7554	0	0	0	0	0	0	0	238	0	0	0	0	0	0	0	0	0	0	0	0	56	0	0	450	0	336	0	0	0	0	0	81	17	0	7	0	0	0	0	0	0	0	0	0	0	0	0	0	0	68	22	0	0	0	0	0	0	38	457	0	0	1625	91	0	0	0	1271	32	0	0	0	0	0	13	0	11	0	0	0	0	0	185	35	0	0	0	0	0	0	0	0	0	0	0	1101	0	0	0	0	4179	0	0	0	24	0	0	0	0	0	0	0	0	0	0	0	0	0	0	0	0	0	0	0	0	0	0	0	0	63	158	86	0	7	742	101	160	0	0	0	0	0	0	0	0	0	0	0	0	0	0	0	0	0	0	0	0	0	0	0	0	0	47	0	150	0	0	0	0	0	0	0	0	0	0	0	7449	9	0	0	126	0	0	0	88	0	0	0	0	0	0	0	0	0	0	20	0	0	0	0	0	0	0	0	0	0	0	0	0	0	0	0	0	0	0	0	0	0	0	0	0	0	0	0	0	750	0	16	0	0	0	0	0	0	0	0	0	0	0	0	0	0	0	0	0	0	0	0	0	0	39	0	0	0	0	0	98	0	0	0	0	0	140	0	0	0	0	0	0	0	0	0	0	0	0	0	0	0	0	0	0	0	0	0	18	0	0	0	0	0	0	0	0	0	0	0	0	0	0	0	0	0	0	0	0	0	6	0	0	0	0	0	0	0	48	0	0	0	61	0	0	0	0	0	0	6	0	0	0	0	0	0	0	0	0	0	0	0	0	0	0	0	64	0	0	0	0	81	0	0	0	0	0	0
W1x2413	0	0	0	0	0	0	0	0	0	0	0	0	0	0	0	0	0	21	0	17	0	0	0	0	0	0	0	0	0	0	0	0	0	0	0	0	0	0	0	0	0	0	0	0	0	0	0	0	0	0	0	0	0	0	0	0	0	0	0	0	0	0	0	0	0	0	0	0	0	0	0	0	0	0	0	0	0	0	0	0	0	0	0	0	0	0	0	0	0	0	0	0	0	21	0	89	0	120	0	0	0	0	0	0	0	0	0	0	0	0	0	0	0	0	0	0	0	121	74	0	0	0	0	0	9	58	0	0	40	0	0	41	0	0	0	0	0	0	0	0	0	0	0	0	0	0	0	0	0	0	0	0	0	0	0	0	0	0	0	0	0	0	0	0	0	0	0	0	0	0	261	0	0	27	0	0	0	0	0	0	0	0	0	0	0	0	0	0	0	264	0	0	81	0	0	0	11	52	137	9	84	0	0	40	32	109	0	0	0	0	94	35	0	0	0	148	0	0	0	0	0	0	0	0	0	0	0	0	0	0	0	0	0	0	0	0	0	0	0	0	0	0	0	0	0	0	0	0	0	16	0	300	653	0	0	0	0	0	0	0	0	0	0	0	0	0	0	0	0	0	0	0	0	10	0	321	920	345	121	118	164	49	333	0	813	0	0	0	0	0	0	0	0	0	0	0	0	0	0	0	0	0	0	610	65	0	0	68	0	0	0	0	0	0	226	0	0	0	178	0	102	188	202	157	0	187	0	245	0	0	0	0	0	0	0	0	0	0	0	0	0	0	0	256	0	37	0	0	0	114	0	123	0	0	0	0	0	0	16	0	0	0	0	0	0	0	0	0	0	0	0	0	0	0	0	0	0	0	0	0	0	0	0	0	0	0	0	0	0	0	0	0	0	0	0	0	0	215	0	630	0	18	0	0	0	13	0	0	0	0	0	0	19	0	118	0	0	0	0	0	103	151	0	1356	0	1665	122	0	523	236	0	0	0	0	0	0	0	0	0	0	0	0	0	0	0	0	0	0	0	0	0	0	0	0	0	0	0	0	0	0	0	0	0	291	547	7	7716	539	881	0	2288	330	0	0	0	0	0	0	0	0	0	0	0	0	0	0	0	0	0	0	0	0	0	6	0	0	0	0	0	0	0	0	0	0	0	0	0	0	0	0	0	0	0	0	0	0	0	0	0	0	0	0	0	0	0	0	0	0	0	0	0	0	0	0	0	0	0	0	0	0	0	149	0	0	0	0	0	0	0	0	0	0	0	0	0	0	0	0	0	0	39	0	0	6	0	0	0	0	0	0	0	0	0	0	0	0	19	0	0	0	0	0	0	0	0	0	0	0	0	0	27	0	0	0	0	0	0	0	0	0	0	0	0	0	0	46	0	0	64	0	0	0	0	0	0	0	0	0	0	0	0	0	0	0	0	0	0	0	0	31	0	0	0	66	0	0	1111	0	0	0	0	0	0	0	0	0	0	0	0	0	0	0	0	0	0	24	0	0	0	0	0	0	0	0	0	0	0	0	0	0	67	0	0	0	0	0	0	0	0	0	0	9	0	28	0	0	0	0	21	0	0	0	0	0	0	0	0	0	0	0	0	0	0	0	0	0	0	0	0	0	0	0	0	0	459	0	0	125	0	0	83	0	0	0	0	0	0	0	0	0	0	0	0	0	0	0	0	0	0	17	0	28	0	0	0	0	0	0	0	0	0	25	0	28	0	0	54	0	0	0	0	0	0	0	0	0	0	0	0	0	0	0	0	0	92	0	0	0	0	0	89	0	0	0	0	0	0	0	0	0	0	0	0	0	0	0	0	0	0	0	0	0	0	0	0	0	0	0	0	0	0	0	0	0	0	0	0	0	0	0	0	0	0	45	0	0	0	225	38	170	0	0	0	0	164	0	0	0	0	0	0	0	0	0	0	6	0	0	0	0	0	0	0	0	0	0	12	0	0	0	43	0	0	0	0	23	0	82	0	30	0	0	0	0	0	0	0	0	0	0	0	0	0	0	0	0	0	24	0	0	0	0	55	0	0	0	0	0	820	423	0	0	0	0	0	0	0	0	0	0	0	0	0	0	0	0	0	0	0	0	0	18	180	156	0	0	0	0	0	0	0	34	0	0	0	0	0	0	0	0	0	0	0	0	6	0	0	0	0	40	7	0	0	0	0	27	0	183	267	0	0	615	202	0	348	0	407	112	0	0	0	0	0	0	0	0	0	0	379	0	81	14	14	0	0	0	0	0	0	0	0	0	0	0	77	0	0	0	0	0	0	0	0	148	0	0	0	0	0	0	0	0	73	0	0	0	20	0	0	0	0	0	0	0	0	0	0	1752	3889	569	30	1359	0	321	123	273	0	0	0	0	0	0	0	0	0	0	0	0	12	0	0	0	6	0	0	0	87	29	7	0	44	0	0	110	0	41	0	0	0	0	2	0	0	0	1087	381	791	246	0	0	220	446	745	150	0	0	0	0	0	0	0	0	0	39	0	0	0	0	0	0	0	0	0	0	0	0	0	0	0	0	0	0	0	0	0	0	0	0	0	0	0	0	0	0	0	0	0	0	0	0	0	0	0	0	0	0	0	0	0	0	0	0	0	0	0	0	0	18	0	17	0	0	0	0	0	0	0	0	0	0	0	0	0	0	0	0	0	0	0	0	0	0	0	0	0	0	0	0	0	0	0	0	0	0	0	0	0	0	0	0	0	0	0	0	0	0	0	0	0	0	0	0	0	0	0	0	0	0	0	0	0	0	0	0	0	0	0	0	0	0	0	0	0	0	176	0	0	0	0	0	0	0	0	0	0	0	0	0	0	0	665	0	0	0	0	0	31	0	0	0	0	0	0
W1x2414	0	0	0	0	0	0	0	0	0	0	0	0	0	0	0	125	0	0	0	0	0	0	0	0	0	0	0	0	0	0	0	0	0	13	0	0	0	0	0	0	0	0	0	0	0	0	0	0	0	0	0	0	0	0	0	0	0	0	0	0	0	0	0	0	0	0	0	0	0	0	8	0	0	0	0	0	0	0	0	0	0	0	0	0	0	0	0	0	3	0	0	1798	0	39	0	100	0	0	0	0	0	0	0	0	0	0	0	0	65	0	0	0	0	0	0	0	0	366	0	81	0	0	47	406	0	27	27	0	0	0	0	211	0	0	0	0	0	0	0	0	0	0	0	0	0	0	0	0	0	0	0	0	0	0	47	0	0	0	0	21	0	0	0	0	0	0	0	0	0	0	14	130	0	0	0	0	0	51	0	13	0	0	0	0	0	0	0	0	0	0	0	0	0	0	0	0	59	0	0	0	0	0	0	259	145	0	0	0	0	0	0	0	166	0	0	0	0	0	20	0	0	0	0	0	0	0	0	0	0	0	0	0	0	0	0	0	0	0	0	0	0	0	0	0	0	0	0	0	0	378	0	72	0	297	0	385	0	0	0	12	0	0	0	0	0	0	0	0	0	39	13	0	0	0	56	0	0	765	123	0	135	459	124	0	0	0	0	0	0	0	0	0	0	0	0	0	0	0	0	0	0	0	0	163	192	0	0	0	0	0	0	0	0	0	0	278	0	0	0	0	0	0	0	265	16	137	0	0	36	0	0	0	0	0	0	18	0	0	0	0	0	0	0	145	0	52	0	0	0	284	0	0	0	0	0	0	0	0	0	129	0	0	0	0	0	0	0	0	0	0	0	0	0	0	0	0	0	0	0	0	0	0	0	0	0	0	0	0	0	0	0	0	0	0	0	0	0	39	0	0	93	22	0	0	0	96	0	0	0	0	0	0	12	0	0	0	0	0	3	0	0	893	372	276	0	330	598	0	187	435	0	0	0	0	0	0	0	0	0	0	0	0	0	78	0	0	0	0	0	0	0	0	0	0	0	0	0	0	0	0	0	0	0	0	732	0	3517	2692	2044	0	2032	922	22	0	0	0	0	0	0	0	0	0	0	0	0	0	0	0	0	0	32	0	0	0	0	0	0	0	0	0	0	14	0	0	0	0	0	0	0	0	0	0	0	0	0	0	0	0	0	0	0	0	0	0	0	0	0	0	0	0	0	0	0	0	42	0	0	0	0	0	0	0	0	0	0	0	0	0	0	0	0	0	0	0	0	0	0	22	0	44	47	0	0	0	0	0	0	0	0	0	0	0	0	0	0	0	0	0	0	0	18	0	13	0	0	0	0	0	0	0	0	0	0	0	0	0	0	0	0	0	0	0	0	0	7	0	0	0	0	0	0	12	0	0	0	0	0	0	0	0	0	0	0	0	0	0	0	0	474	12	173	0	0	16	0	0	55	0	0	0	0	0	0	0	0	0	0	0	0	0	0	0	0	0	0	0	0	0	0	0	0	0	0	0	0	0	0	0	0	0	0	0	0	0	0	0	0	0	0	0	0	0	0	24	0	0	0	0	13	0	0	0	0	0	0	0	0	0	0	0	0	0	0	0	0	0	0	0	0	0	0	0	0	0	0	0	0	0	0	0	0	0	34	0	0	0	0	0	0	0	0	0	0	0	0	0	0	0	0	0	0	0	0	0	0	0	0	0	0	0	825	46	0	0	0	0	0	0	0	0	0	0	0	0	0	7	0	0	0	0	0	0	0	0	0	0	0	0	0	0	0	0	0	0	0	0	0	0	254	0	493	0	0	0	0	0	0	0	0	0	0	0	0	0	0	0	0	72	0	0	0	0	0	99	0	0	65	0	0	0	0	37	0	0	199	0	0	151	29	103	0	0	0	0	0	65	167	0	0	0	0	0	0	0	0	0	0	0	0	0	0	0	0	0	0	0	16	0	0	0	0	0	28	0	0	0	0	0	0	0	0	0	0	0	0	0	0	0	0	0	0	0	0	0	0	0	0	0	0	0	0	0	0	21	0	205	0	0	0	0	144	0	0	0	0	0	0	0	0	23	0	12	0	0	0	0	0	0	0	0	0	0	20	0	0	0	0	0	0	0	0	0	0	0	0	0	0	0	0	0	0	0	0	0	0	0	0	0	0	0	6	0	0	0	0	0	0	377	0	0	0	171	0	0	0	0	81	0	0	15	0	0	0	0	0	0	0	0	130	0	0	0	0	0	0	0	0	0	0	0	0	0	0	0	47	62	0	1021	0	0	0	231	0	0	0	0	0	0	0	0	0	0	0	0	0	0	61	0	0	0	0	0	0	0	0	0	0	479	0	62	0	0	0	810	858	0	0	0	0	0	0	0	0	0	0	0	0	0	0	0	0	0	33	0	331	0	0	0	0	0	0	0	0	38	0	129	0	38	0	0	0	0	0	0	0	9	0	67	273	0	0	0	125	590	0	0	0	0	0	0	0	0	0	0	0	15	0	0	0	0	0	0	0	0	0	0	0	0	0	0	0	0	0	0	0	0	0	0	0	0	0	0	0	0	0	253	0	0	0	0	0	0	0	0	0	0	0	0	0	0	9	0	0	0	0	0	0	25	0	0	0	0	0	0	0	0	0	0	0	0	0	0	0	0	0	0	0	0	0	0	38	0	0	0	0	0	0	0	0	0	0	0	0	0	0	0	0	0	0	0	0	0	0	0	0	0	0	0	0	0	0	0	0	0	0	0	0	0	0	0	0	0	0	0	0	0	0	0	0	75	0	0	0	0	0	0	0	0	0	0	0	0	0	0	18	0	0	0	0	0	0	0	57	0	0	0	19	0	0	0	0	0	0
W1x2417	0	0	0	0	0	0	0	0	0	0	0	0	61	0	0	10	0	0	0	0	0	0	0	0	0	0	0	36	0	0	0	0	0	0	0	0	0	0	0	12	0	0	0	0	68	0	0	0	0	0	0	0	0	0	0	25	0	0	0	0	0	0	0	0	0	0	0	0	0	0	0	0	0	0	21	0	0	0	0	0	0	0	0	0	0	0	0	0	0	0	0	0	0	27	0	0	0	146	0	0	0	0	0	0	0	0	0	0	0	0	0	0	0	0	0	0	0	0	0	0	0	42	0	0	101	0	0	0	95	140	0	28	0	0	0	0	0	0	0	0	0	0	0	0	0	0	0	3	0	0	0	0	0	0	0	0	0	0	0	0	0	0	0	439	0	0	0	0	0	0	115	412	0	24	0	31	0	0	0	0	0	0	0	0	0	0	0	0	0	0	0	0	0	0	0	0	0	462	0	308	0	0	34	52	0	0	0	0	0	0	52	109	0	69	0	0	0	0	0	0	0	0	0	0	0	0	0	0	0	0	0	0	0	0	0	0	0	0	63	0	13	88	0	0	0	0	0	0	0	0	0	0	782	0	0	0	7	0	0	0	0	0	0	0	0	0	0	304	0	0	26	0	0	27	0	114	378	0	45	67	117	0	911	151	297	0	47	0	0	55	0	0	0	0	0	0	0	0	0	0	0	196	0	0	0	0	0	70	0	0	0	0	0	0	769	0	0	0	0	0	0	0	519	30	0	188	0	0	0	0	0	0	0	0	0	17	0	0	0	0	0	0	0	0	0	35	0	26	0	0	0	0	0	0	0	0	0	0	0	104	0	15	0	0	0	0	0	0	0	0	0	81	0	0	16	0	0	0	0	31	0	0	0	0	0	0	0	0	0	0	0	0	0	0	0	0	0	271	0	95	0	0	0	0	0	0	0	0	0	0	0	0	0	0	0	0	0	0	0	0	0	99	120	0	40	656	83	265	0	58	0	0	0	32	0	0	0	0	0	0	0	0	32	0	0	0	0	0	0	0	0	0	0	0	20	0	0	0	60	0	0	1037	55	134	81	312	738	239	254	139	193	146	5354	0	0	0	0	0	0	0	0	0	0	0	0	0	0	0	0	0	0	0	0	0	0	0	0	0	0	0	0	62	0	0	0	0	0	0	0	0	32	193	0	52	0	0	0	0	0	0	0	0	6	0	31	0	0	0	0	0	0	0	0	20	0	0	0	0	0	0	0	0	0	0	0	0	0	0	11	0	0	0	0	0	0	0	0	0	8	0	0	0	0	0	0	0	0	0	0	0	0	0	0	0	0	0	0	0	0	45	0	0	0	0	41	0	0	0	0	0	0	0	0	0	0	60	0	0	0	0	0	0	18	0	0	0	0	0	0	0	15	0	0	0	0	0	0	419	0	0	0	0	0	0	0	0	0	51	0	63	0	0	0	133	0	0	0	0	0	0	0	0	0	0	0	0	0	0	0	0	0	0	0	0	0	17	0	0	0	0	0	0	0	0	22	0	0	0	0	0	0	0	0	0	0	0	0	0	0	0	0	0	12	119	0	0	0	0	112	111	0	32	0	0	0	0	0	0	27	0	0	0	0	0	0	0	0	0	0	0	0	0	0	0	0	0	0	0	4	0	0	0	0	0	0	0	0	0	0	0	0	0	0	0	0	0	0	0	0	0	0	0	0	13	0	0	0	0	0	0	0	0	0	0	0	0	44	0	0	0	0	0	0	46	0	0	0	0	0	0	0	0	0	0	0	0	0	0	0	0	0	0	0	44	15	0	0	0	0	34	0	0	0	48	0	0	0	0	0	0	0	0	0	0	49	0	0	54	0	0	0	0	0	0	0	0	0	0	0	0	60	0	0	0	523	0	0	235	0	262	0	0	0	0	0	462	0	0	0	0	0	0	0	9	0	0	0	0	0	0	0	0	0	0	0	0	0	0	0	0	31	0	0	285	0	0	0	0	0	12	0	0	0	0	0	0	0	0	0	0	10	0	297	0	0	0	0	0	0	0	0	0	0	27	0	48	53	0	0	400	174	0	0	37	0	0	0	0	0	0	0	0	0	0	0	0	0	0	0	0	0	0	16	0	0	31	0	0	0	48	0	0	28	0	0	0	0	0	0	0	0	0	0	0	0	0	0	0	17	52	15	0	49	0	0	0	0	38	467	0	116	0	0	23	0	0	189	0	0	0	0	0	0	0	0	19	149	0	0	0	0	0	21	0	0	0	0	0	0	0	0	0	0	0	160	0	0	0	0	0	0	0	111	0	0	0	0	0	0	0	0	112	30	0	0	0	0	0	0	0	19	13	0	0	0	0	0	52	1396	93	6486	122	346	191	0	0	0	0	0	0	0	0	0	0	0	0	0	0	0	0	27	0	0	90	22	0	0	27	162	105	0	0	0	211	0	0	121	0	0	0	0	0	0	0	0	161	272	0	83	345	94	0	170	0	0	0	0	0	0	0	0	0	0	0	0	0	0	0	0	0	0	0	0	0	0	0	0	0	0	0	0	0	0	0	0	0	0	0	0	0	0	0	0	0	0	0	0	0	0	0	0	0	0	0	0	0	0	0	0	0	0	9	0	0	0	0	0	12	0	32	31	0	0	11	0	0	0	0	0	0	0	0	0	0	0	0	0	0	0	0	0	0	0	0	0	0	0	0	0	0	0	0	0	0	0	0	0	0	0	0	0	0	129	0	0	0	0	0	0	0	0	0	0	0	0	0	0	0	0	0	0	0	0	0	395	0	0	0	0	338	0	112	0	0	0	0	0	0	0	0	0	0	0	0	0	0	8	0	0	0	10	48	0	56	0	0	79	0	0	0	0	0	0
W1x2420	0	0	0	0	0	0	0	0	0	0	0	0	0	0	0	0	0	0	0	0	0	0	0	0	0	0	0	0	0	0	0	0	0	0	0	0	0	0	0	0	0	0	0	0	0	0	0	0	0	0	0	0	0	0	0	0	0	0	0	0	23	0	0	0	0	5	0	0	0	0	0	0	0	0	8	0	0	0	0	0	0	0	0	0	0	0	0	0	0	0	0	0	176	52	298	0	450	0	0	0	0	0	0	0	0	0	26	0	0	0	0	0	0	0	0	0	0	0	149	0	0	0	9	0	0	79	0	15	0	0	0	0	0	0	0	0	86	0	0	0	0	0	0	0	0	0	0	0	0	0	0	0	0	0	0	0	0	0	0	0	0	0	0	0	0	0	0	0	0	0	0	0	0	0	0	0	0	0	0	0	0	0	0	0	0	0	0	0	0	0	0	0	0	0	0	12	0	0	591	0	0	354	95	0	0	0	0	0	0	0	0	0	0	0	0	0	0	0	0	0	0	0	0	0	0	0	0	0	0	0	0	0	0	0	0	0	0	0	0	104	0	0	0	0	0	0	0	0	0	0	0	38	0	0	36	132	0	0	0	0	0	0	0	0	0	0	0	0	0	0	0	56	0	0	34	337	0	154	0	776	46	396	0	0	0	0	0	0	0	0	0	13	2	0	0	0	0	0	0	0	0	4	169	0	0	0	36	0	0	0	0	0	0	0	0	0	0	0	0	0	1160	34	0	219	34	0	0	0	0	0	0	0	0	0	0	0	0	0	0	0	0	0	0	22	0	66	0	144	0	385	0	0	0	0	0	0	0	0	0	0	0	33	0	0	0	0	0	0	0	0	0	0	0	0	0	0	0	0	0	0	0	0	0	0	0	0	0	0	0	0	0	0	0	0	0	0	32	0	0	0	42	0	0	0	0	60	25	0	0	0	0	0	0	46	0	27	171	0	0	0	164	643	3421	259	871	17	1577	0	691	727	0	0	0	0	0	0	0	0	0	0	0	0	0	0	0	0	0	0	0	0	0	0	0	0	0	0	0	0	0	0	0	0	381	2848	418	3108	1081	2563	6554	0	506	2481	298	0	0	0	0	0	0	0	0	4	23	0	0	0	0	0	0	0	0	0	0	0	0	0	0	0	32	0	0	0	0	0	0	0	0	0	0	0	0	0	0	0	0	0	0	0	0	0	0	0	0	0	0	0	0	0	40	0	0	0	0	0	0	0	0	0	0	0	0	0	0	0	0	0	0	0	0	0	0	0	0	0	0	0	0	0	0	0	14	0	0	0	0	0	0	0	0	0	0	0	0	0	0	13	0	0	0	0	0	0	0	0	0	0	0	0	0	0	0	0	0	0	0	17	0	0	0	0	0	0	0	0	0	0	0	0	0	51	3	6	0	0	0	0	0	0	0	0	0	0	0	0	0	0	0	12	0	41	0	0	0	3	0	0	0	0	0	136	0	0	0	0	0	0	0	0	0	0	0	0	0	0	0	0	0	0	0	0	0	0	0	0	0	0	0	0	0	0	0	0	0	0	0	0	0	0	0	0	0	7	0	0	0	0	42	0	26	0	150	0	0	17	0	0	0	0	0	0	0	0	0	0	0	0	0	0	0	0	0	0	0	0	0	0	0	0	0	0	0	0	47	0	0	0	0	0	7	0	0	0	0	0	0	0	0	0	0	0	0	0	0	0	0	0	0	0	0	0	0	0	0	0	0	0	0	0	0	0	0	0	13	0	0	0	0	0	0	0	0	0	0	0	0	0	0	0	0	0	0	0	0	0	8	0	0	0	160	0	0	0	0	0	0	0	8	0	0	0	0	0	0	0	0	0	0	0	0	0	0	0	0	0	0	0	0	0	0	0	28	0	0	22	0	0	0	0	0	0	0	0	0	0	122	0	0	0	0	0	0	0	0	0	0	0	0	0	0	0	0	0	41	0	0	0	0	10	0	0	26	0	0	0	0	0	0	0	0	0	0	0	0	0	0	0	0	0	0	0	0	0	0	0	0	0	0	8	0	0	0	289	40	0	0	79	254	0	744	0	146	0	0	0	0	0	0	0	0	0	0	0	0	0	0	0	0	16	20	136	0	0	16	0	0	0	0	0	0	0	0	0	0	0	0	0	0	0	0	0	0	0	0	0	0	0	0	0	0	0	43	0	0	0	0	0	0	140	4	0	449	0	48	0	0	0	0	326	0	0	0	0	0	0	0	0	0	0	0	0	0	0	0	0	0	0	0	0	0	0	0	0	0	0	0	0	0	0	0	0	264	0	0	138	0	0	66	0	0	0	0	0	0	133	530	0	0	0	0	0	0	0	0	0	0	0	0	547	15	1363	4882	4717	563	767	1760	629	0	7	0	0	0	0	0	0	0	0	0	0	0	0	0	0	193	0	0	0	0	0	41	10	0	0	0	0	0	136	0	0	0	0	22	0	0	256	133	12	1266	1489	451	47	622	433	126	332	0	0	0	0	0	0	0	0	0	0	0	0	0	0	0	0	0	0	0	0	0	0	0	9	0	0	0	0	0	0	0	0	25	0	0	0	0	0	0	0	0	0	0	0	0	0	0	0	0	0	0	0	0	0	0	0	0	0	0	0	0	0	0	0	0	0	0	0	0	0	0	0	0	0	64	0	0	0	0	0	0	0	0	0	0	0	23	0	0	0	0	0	0	0	0	0	0	0	0	0	0	0	0	0	0	0	0	0	0	0	0	0	0	0	0	0	0	0	0	0	0	0	0	0	0	0	0	0	0	0	267	30	0	0	0	0	0	0	0	0	0	0	0	0	0	17	0	0	0	0	0	0	0	0	0	0	0	0	11	89	0	7	70	0	0	0	0	0	0
W1x2423	0	0	0	0	0	0	0	0	0	0	0	0	0	0	0	0	0	0	0	0	0	0	0	0	0	0	0	0	0	0	0	0	0	0	0	0	0	0	0	0	0	0	0	0	0	0	0	0	0	0	0	0	0	0	0	0	0	135	0	0	0	0	0	0	0	0	0	0	0	0	0	0	0	0	0	0	0	0	0	0	0	0	0	0	0	0	0	0	0	456	0	0	0	0	0	19	0	0	0	0	0	0	0	0	0	0	0	0	0	0	0	0	0	19	0	0	0	0	72	0	0	0	0	0	0	10	0	0	12	0	30	0	0	0	0	0	0	0	0	0	0	0	0	0	0	0	0	0	0	0	0	0	0	0	0	0	0	0	0	0	0	0	0	0	0	0	0	0	0	0	0	0	1037	0	0	0	0	0	0	0	0	0	0	0	0	0	0	0	0	0	11	0	0	0	0	0	0	0	0	0	0	0	115	0	0	0	0	129	102	0	0	0	0	0	0	0	0	0	0	0	0	0	0	0	0	0	0	0	0	0	0	0	0	0	0	0	0	0	0	0	0	0	0	0	0	0	0	0	0	93	0	0	0	0	130	83	0	0	0	0	0	0	0	0	0	0	0	0	0	0	0	0	0	0	0	422	0	598	0	712	1454	209	0	1257	4	0	0	0	55	0	0	0	0	0	0	0	0	0	0	0	0	0	0	0	26	333	0	19	0	0	0	0	0	0	0	0	0	0	0	0	264	157	0	234	0	31	0	25	0	284	0	0	0	0	0	0	0	0	0	0	0	0	0	0	0	67	0	0	0	105	0	0	0	0	0	0	0	0	0	0	0	0	0	0	7	0	0	75	0	0	0	0	0	0	0	0	0	0	0	0	0	0	0	0	0	0	0	0	0	0	0	0	0	0	0	0	6	0	0	0	0	0	0	26	0	16	0	0	0	0	0	0	10	0	0	0	0	0	2	0	1030	2634	26	1747	166	0	640	3239	494	25	0	0	0	0	0	0	0	0	0	0	0	0	0	0	14	0	0	0	0	0	0	0	0	0	0	0	0	0	0	0	0	0	0	0	2128	127	2115	4232	2624	291	1673	635	0	0	0	0	0	0	0	0	0	0	0	0	0	0	0	0	0	0	0	0	0	0	0	0	0	0	0	0	0	0	0	0	0	0	0	0	0	0	0	0	0	0	0	0	0	0	0	0	0	0	0	0	0	0	0	0	0	0	0	0	0	0	0	0	0	0	0	0	0	0	0	0	0	0	24	0	0	0	0	0	0	0	0	0	0	0	0	0	0	0	0	16	0	0	0	0	0	0	0	0	0	0	0	0	6	0	0	0	0	0	0	0	0	0	0	0	0	0	0	0	0	0	0	0	0	0	0	0	0	0	0	0	5	0	0	0	0	0	0	0	169	0	0	0	0	0	0	0	0	0	0	0	0	0	0	0	419	81	0	0	0	0	0	0	0	0	0	0	0	0	0	0	0	0	0	0	0	0	0	0	0	0	0	0	0	0	0	0	0	0	0	0	0	0	0	0	0	0	0	0	0	0	0	0	0	0	0	0	0	0	0	0	0	0	0	0	0	0	15	8	91	0	0	0	0	0	0	0	0	0	0	0	0	0	0	0	0	0	0	0	0	0	0	0	0	0	0	0	0	0	38	0	55	0	0	0	4	0	0	0	0	0	0	0	0	0	0	0	0	0	0	0	0	0	0	0	0	0	0	0	0	0	0	0	0	0	0	0	0	0	0	0	0	0	0	0	0	0	0	0	0	0	0	0	0	0	0	0	0	0	0	0	0	0	0	0	0	0	0	0	0	0	0	0	0	0	0	0	0	0	0	0	0	0	0	0	0	18	0	0	11	0	0	0	0	0	0	0	48	0	0	0	0	0	0	0	0	0	0	0	0	0	291	0	11	0	0	0	0	0	0	0	149	0	0	0	0	0	0	0	0	0	0	0	0	0	0	0	4	0	0	0	0	0	0	64	0	0	0	0	0	0	0	0	0	0	0	0	0	0	0	0	0	20	0	0	0	0	0	0	81	0	0	17	0	34	0	0	0	0	0	0	0	0	0	0	0	0	0	0	0	0	0	0	0	0	151	0	0	0	0	0	0	0	0	0	0	0	0	0	0	0	0	0	0	0	0	0	0	0	0	0	0	0	0	0	0	0	14	0	0	0	0	0	0	498	0	0	0	0	50	0	0	0	0	242	0	0	0	0	0	0	0	0	0	0	0	0	0	0	0	0	14	0	0	0	0	0	0	0	0	0	0	0	0	79	0	0	0	0	0	123	0	0	0	0	0	0	6	0	0	0	0	0	0	0	0	0	0	0	448	0	0	0	0	1597	0	923	69	0	111	1423	3052	353	0	0	0	0	0	0	0	14	0	0	0	0	0	0	0	0	0	0	16	0	0	0	0	0	0	0	0	2	0	50	0	0	0	0	0	0	0	0	4001	0	0	505	385	8	1021	0	1476	67	0	0	0	0	0	0	0	0	0	0	0	0	0	0	0	0	0	0	0	0	0	0	0	7	0	0	0	0	0	0	0	0	0	0	0	0	0	0	0	0	0	302	0	0	0	0	0	0	0	0	0	0	0	0	0	0	0	0	0	0	0	0	0	0	0	0	0	0	0	0	0	0	0	0	0	0	0	0	0	0	0	0	0	0	0	0	0	0	0	0	0	0	0	0	0	0	0	0	0	0	0	0	0	0	0	0	0	0	0	0	0	0	0	0	0	0	0	0	0	0	0	0	0	0	0	0	0	0	0	0	0	0	0	0	0	0	75	0	0	0	0	0	0	0	0	0	0	0	0	0	0	0	0	0	0	0	0	0	20	26	0	0	33	0	0	0	0	0	0
W1x2505	0	0	21	0	0	0	0	0	0	0	0	0	0	0	0	0	0	0	0	0	0	0	0	0	0	0	0	0	0	27	0	0	37	0	0	0	0	0	0	0	0	0	0	0	0	0	0	0	0	0	0	0	0	0	0	81	0	0	0	0	0	0	0	0	0	22	0	0	0	0	0	0	0	0	0	0	0	0	0	0	0	6	0	0	0	0	0	28	0	144	0	176	0	72	0	64	0	0	0	0	0	0	14	0	0	0	0	0	0	0	0	0	0	49	0	0	0	23	0	482	0	0	0	0	0	36	0	0	0	0	133	242	0	0	0	0	0	0	0	0	0	0	0	0	0	0	0	0	0	0	0	0	0	0	0	0	0	0	0	0	0	0	0	0	0	0	0	0	0	0	0	0	0	0	0	0	0	89	0	0	0	0	0	0	0	0	0	0	0	0	0	0	0	0	0	78	0	0	42	0	0	0	470	36	214	0	2169	0	0	0	0	0	0	0	0	0	0	0	0	0	0	0	0	0	0	0	0	0	0	0	28	0	5	0	0	0	0	0	0	0	0	0	0	0	0	0	0	0	0	440	0	138	23	0	0	599	0	0	0	0	0	0	0	0	0	0	0	0	0	77	0	34	0	0	0	1324	0	538	123	596	603	426	0	853	12	0	0	0	0	0	0	0	0	0	0	0	0	0	0	0	0	0	0	0	0	0	548	0	193	0	0	0	0	0	0	0	0	0	0	0	1093	1764	0	0	497	393	4609	948	0	153	0	0	0	0	0	0	0	0	0	0	0	0	0	0	0	316	7933	0	0	0	0	474	0	0	0	0	0	0	0	0	0	0	0	0	0	0	0	0	0	0	0	0	0	0	0	0	0	0	0	0	0	0	80	0	0	0	0	0	0	0	0	0	0	0	0	0	318	0	0	0	0	436	0	174	0	741	0	0	0	0	0	0	0	38	0	0	0	0	0	0	257	0	60	0	700	26	499	0	1010	638	0	0	0	0	6	0	0	0	0	38	0	0	0	0	0	0	0	0	0	0	0	0	0	0	0	0	0	0	0	0	0	0	84	0	2998	47	8559	1387	3740	0	3876	1405	997	0	0	0	0	0	0	0	0	6	0	0	0	0	0	0	0	0	0	0	0	0	0	0	10	0	70	0	0	0	0	0	0	0	0	9	0	0	0	0	0	0	0	0	0	130	0	0	0	0	0	69	0	0	0	0	0	0	0	0	0	0	0	0	0	0	0	0	0	0	0	0	0	0	0	0	0	0	0	0	0	0	0	0	0	0	0	0	0	0	0	98	0	0	0	0	0	0	0	0	0	0	0	16	0	0	0	0	0	0	0	0	0	0	0	0	0	0	0	0	0	0	0	0	0	0	0	0	0	0	0	0	0	0	0	0	0	0	0	0	0	0	11	0	0	0	0	0	0	0	0	18	0	0	0	0	0	88	88	0	0	0	0	0	0	0	0	0	0	70	0	0	0	0	0	0	0	0	0	0	0	0	0	0	0	28	0	0	0	0	0	0	0	0	0	0	0	0	0	0	0	0	0	0	0	0	0	0	0	21	0	0	0	0	0	0	0	0	0	0	0	20	0	57	0	0	0	0	0	0	0	0	0	0	0	0	0	0	0	40	0	0	0	0	0	0	0	0	0	0	71	0	0	0	0	0	23	33	0	0	0	0	0	0	0	0	0	64	0	0	0	0	26	0	0	0	0	0	0	27	0	0	0	0	0	0	0	8	0	0	0	0	0	0	0	0	0	0	0	0	0	0	0	0	0	0	0	0	0	0	0	0	0	0	0	0	0	0	2589	0	0	0	199	0	0	0	0	0	0	0	74	0	0	0	0	18	0	0	0	0	9	0	0	0	0	0	0	0	287	115	0	13	0	0	0	0	61	0	1142	0	0	0	0	0	840	0	0	0	0	0	0	0	0	0	0	0	0	0	0	0	0	0	0	0	24	0	0	0	0	0	0	0	0	0	0	0	0	0	0	0	0	0	0	0	0	0	0	0	0	0	0	0	0	0	0	0	0	0	0	0	674	2402	0	851	0	0	27	0	3330	0	0	0	0	0	0	0	0	0	0	233	0	0	0	0	0	0	532	0	0	578	65	0	0	0	0	0	0	0	0	0	0	0	0	0	0	0	0	0	0	0	0	0	0	0	0	0	0	0	24	0	0	0	0	0	0	570	0	0	4	0	508	0	0	0	0	184	0	7	0	0	0	0	0	0	0	0	256	0	0	0	0	0	0	0	0	0	0	0	0	0	0	0	0	0	0	516	0	0	415	0	0	123	0	0	0	0	0	0	0	0	0	0	0	0	89	0	0	0	0	0	0	0	0	0	0	0	38	2259	262	3308	0	729	2629	749	0	0	20	0	0	0	0	0	0	0	0	18	0	0	0	0	0	0	19	0	0	0	18	0	0	0	0	6	0	122	0	0	0	0	0	0	0	0	1234	4	0	0	1827	28	510	0	0	677	32	0	0	0	0	0	0	0	0	0	0	0	33	0	0	0	0	0	0	0	0	0	0	0	0	0	0	0	0	0	0	0	0	0	0	0	0	0	0	0	0	0	0	0	0	0	0	0	0	0	0	0	0	0	0	0	0	0	0	0	0	0	0	0	0	0	0	0	0	0	0	0	0	0	0	0	0	0	0	0	0	0	0	0	0	0	4	0	0	0	0	0	0	0	0	0	0	0	0	0	0	0	0	0	0	0	0	0	0	0	0	0	0	0	0	0	0	0	0	0	0	0	0	0	0	0	0	9	0	0	0	65	0	0	0	0	0	0	0	0	0	0	0	0	15	0	0	0	0	0	0	0	0	0	0	0	0	0	420	0	548	0	21	0	0	0	0	0	0
W1x2506	0	0	0	0	0	31	0	26	0	0	0	0	0	0	108	0	0	48	11	0	0	0	0	0	0	0	0	48	28	0	16	0	0	0	0	0	0	0	0	19	76	109	0	0	150	0	0	0	0	0	0	0	0	0	0	0	0	0	0	31	50	0	8	44	0	0	0	0	0	0	38	0	38	0	0	0	0	0	0	0	16	0	0	0	0	0	0	0	0	0	0	0	0	0	0	0	116	0	0	0	32	0	0	0	0	93	0	0	0	0	0	0	0	0	0	0	0	49	0	0	118	98	48	0	113	40	0	241	93	327	0	51	0	0	0	0	209	0	0	20	0	0	0	0	0	0	0	0	0	29	0	0	0	0	0	0	0	0	0	0	0	0	0	732	154	0	0	0	190	0	118	111	0	0	0	69	0	0	0	0	0	6	0	8	6	0	0	0	0	0	0	0	0	0	0	0	8	644	0	843	40	0	58	68	0	0	0	0	0	0	87	83	0	489	0	0	0	0	0	0	0	0	0	0	0	0	0	0	0	0	0	0	0	0	0	0	0	0	260	0	25	134	0	0	0	15	0	0	0	66	0	38	0	0	0	0	43	11	0	0	0	0	0	0	0	0	0	555	0	0	0	0	0	0	28	195	345	94	61	145	138	158	626	0	0	0	76	0	0	0	158	0	0	0	0	0	0	0	0	25	52	285	0	20	0	0	0	245	0	0	9	0	0	0	0	0	0	0	0	0	0	0	988	59	0	393	38	152	44	0	0	0	28	0	0	0	0	0	0	0	0	0	0	0	286	52	0	0	46	0	13	0	0	0	0	0	0	0	0	123	0	7	0	0	0	0	0	0	0	0	0	0	0	0	14	0	0	0	20	80	0	0	0	0	56	0	0	0	27	0	145	0	0	0	0	0	20	88	17	0	0	0	0	87	85	34	0	0	0	6	91	0	53	22	0	10	0	31	56	0	193	222	78	0	159	514	244	556	158	143	0	0	0	34	18	0	0	22	0	0	0	44	0	83	0	0	0	0	0	0	19	0	0	0	0	0	0	0	196	0	0	126	91	240	348	946	1363	655	526	443	336	453	204	0	0	0	0	14	0	0	0	0	0	0	0	0	0	0	0	0	0	0	31	10	0	0	0	97	0	0	0	99	0	0	0	0	0	0	0	77	0	117	0	120	0	0	0	0	0	0	18	0	5	0	0	0	0	0	0	0	0	41	0	0	0	0	0	0	0	0	0	0	0	0	0	0	0	0	0	0	0	0	19	60	0	0	0	0	0	27	36	0	0	0	0	0	0	0	0	10	24	0	0	0	46	0	0	0	0	82	0	0	0	0	0	0	0	21	0	0	0	0	0	0	0	146	0	0	0	0	5	22	44	0	0	0	0	0	0	0	0	0	0	0	0	0	0	429	50	0	0	0	22	0	0	0	0	218	37	30	0	0	357	36	0	0	0	0	0	0	0	0	0	0	0	0	0	0	15	0	0	0	11	28	0	28	0	0	0	0	72	16	0	82	65	0	16	0	0	0	0	0	0	45	0	49	23	0	0	0	0	40	8	88	107	0	0	0	98	80	0	0	0	0	118	0	0	0	175	0	0	0	0	0	0	0	151	0	10	0	0	0	0	0	0	0	0	0	0	0	0	0	31	0	0	0	0	0	0	0	0	0	0	164	0	0	0	0	0	23	18	0	0	50	0	0	0	0	0	0	0	0	0	0	191	0	133	0	190	22	0	0	0	110	0	0	0	0	0	0	0	0	0	0	0	0	21	0	0	0	0	0	27	0	35	44	0	0	0	104	0	0	0	33	31	0	0	0	0	0	0	0	0	0	0	47	0	68	51	0	0	189	0	0	0	0	0	0	0	0	141	27	0	377	0	0	0	0	0	46	0	0	0	0	0	0	0	0	0	19	0	40	0	0	0	0	0	0	0	0	51	0	0	0	0	0	13	0	67	0	6	0	0	349	0	0	229	0	0	32	0	38	30	0	0	0	0	0	0	0	0	0	0	0	0	0	0	5	99	0	0	0	47	0	98	101	118	46	0	121	326	0	14	92	0	67	0	0	0	0	0	0	0	0	0	38	0	0	0	0	0	76	28	0	0	0	0	0	10	82	0	63	120	0	62	0	8	0	0	0	0	0	0	0	0	0	0	0	0	89	0	0	84	0	0	0	0	62	0	0	50	301	35	43	0	0	159	60	0	0	63	0	0	0	0	30	461	119	0	14	0	0	59	0	0	0	0	0	13	0	0	0	0	0	64	23	17	0	0	0	87	0	103	0	0	0	0	0	0	0	0	0	0	0	0	0	0	0	0	0	0	36	0	0	0	0	0	165	162	213	2907	170	196	227	158	98	296	0	0	0	0	0	0	0	0	0	0	0	0	0	40	0	0	637	43	0	0	0	673	301	0	43	50	0	305	51	0	0	0	71	0	0	0	0	0	207	72	111	78	1131	103	0	210	107	0	0	0	0	0	0	113	0	118	15	76	11	0	0	97	0	0	0	0	0	0	0	0	0	0	0	0	0	0	0	0	0	0	31	0	0	0	0	0	19	0	0	0	0	0	0	0	0	0	35	0	0	0	0	0	0	0	0	0	0	0	0	0	23	0	63	0	0	0	0	0	0	51	0	0	67	0	0	0	12	0	0	58	0	0	0	91	0	0	0	0	0	30	0	0	0	78	0	0	26	0	0	0	0	0	0	0	0	0	82	0	0	16	0	0	0	0	9	0	0	0	16	0	0	0	0	0	0	11	60	0	0	0	0	168	0	6	446	105	0	0	26	0	0	0	0	0	0	0	0	0	0	0	0	0	0	0	9	31	88	34	161	0	34	24	0	0	0	17
W1x2508	0	0	0	0	0	0	0	0	0	0	0	0	0	0	0	22	0	0	0	0	0	0	28	0	0	0	0	0	0	0	0	0	0	0	0	0	0	0	0	0	0	0	0	0	0	0	0	0	0	0	0	0	0	0	0	0	0	0	0	22	10	0	0	0	0	0	0	0	0	0	0	0	0	0	0	0	0	0	0	0	0	9	0	0	0	0	0	0	0	0	0	0	0	12	0	44	0	0	0	0	0	0	10	0	0	0	0	0	0	174	0	0	0	21	0	0	0	0	31	0	0	0	42	0	0	18	15	92	424	0	0	171	0	0	0	0	0	0	0	0	0	0	0	0	0	0	0	0	0	0	0	0	0	0	0	0	0	0	0	0	0	0	6	0	0	0	0	0	0	0	0	0	0	20	110	0	0	0	0	0	0	0	0	0	0	0	0	0	0	0	0	0	0	0	0	0	0	0	0	342	0	0	274	517	8	958	0	0	0	0	0	53	0	159	0	145	0	0	0	0	0	0	0	0	0	0	0	0	0	0	0	3	0	0	0	0	0	0	0	0	0	0	0	0	0	0	0	18	0	74	0	54	285	0	123	0	0	0	0	0	0	0	0	0	0	128	0	0	0	0	0	27	0	0	0	94	507	104	0	122	1606	109	985	164	257	0	0	0	0	0	0	0	0	0	0	0	0	0	0	0	0	5	6	15	41	0	0	0	0	0	0	0	0	0	0	0	0	0	383	0	0	0	69	162	0	0	91	0	0	152	0	0	0	0	0	0	0	0	0	0	0	0	0	2380	0	106	0	0	0	0	255	0	0	0	0	0	0	0	0	0	0	20	0	0	0	0	0	27	0	0	0	0	0	0	0	0	0	0	0	0	0	0	0	0	0	0	0	9	0	0	0	118	0	14	0	0	8	275	0	0	0	81	0	123	0	26	13	0	0	0	0	0	9	24	0	0	0	0	26	0	54	1409	0	308	707	4232	1001	0	525	178	0	0	0	0	0	0	0	0	0	0	0	0	0	0	0	0	0	0	0	0	0	0	0	0	0	0	0	0	0	0	0	0	13	0	605	65	7633	912	1740	0	114	86	31	0	0	0	0	0	0	0	0	0	0	0	0	0	0	0	0	0	38	0	0	103	0	0	0	0	30	0	0	3	0	0	0	0	0	0	0	0	0	0	0	0	0	0	0	0	0	0	0	0	0	0	0	200	0	0	9	0	0	0	0	0	0	0	0	0	0	0	0	0	0	0	0	0	9	0	0	0	0	0	0	0	0	0	0	0	0	0	31	0	0	18	0	0	0	0	0	0	0	0	0	0	0	0	0	0	0	0	0	0	0	0	0	0	0	0	0	0	117	0	0	0	0	0	39	0	0	0	0	0	0	78	0	0	0	0	0	0	0	0	0	0	0	0	0	0	0	0	0	0	0	0	0	0	0	9	0	62	0	0	291	354	0	0	534	0	0	0	0	0	0	0	0	0	0	0	0	0	0	0	0	0	0	0	0	0	30	0	0	0	0	0	0	0	0	0	0	0	0	0	0	0	0	0	0	0	0	0	0	0	0	32	11	0	0	102	0	0	18	0	0	0	0	0	0	0	0	0	0	0	0	0	0	0	0	0	0	0	0	0	0	0	0	0	0	830	0	0	143	0	0	0	42	0	0	0	0	0	0	0	0	0	0	0	0	0	0	0	0	0	0	0	0	0	0	0	0	0	0	0	0	0	0	0	0	630	0	0	0	0	0	0	0	0	0	0	0	0	0	0	0	0	0	0	0	0	0	184	0	0	0	0	0	0	0	0	0	21	414	0	0	29	0	0	0	0	0	0	0	0	0	0	0	0	0	0	0	0	0	0	0	0	201	0	0	0	0	0	45	0	0	75	347	0	0	422	42	229	6	0	0	0	0	1047	37	0	0	0	0	0	0	0	0	66	0	0	0	5	0	0	0	0	0	0	0	0	0	0	123	0	0	0	0	0	0	45	0	0	0	0	0	0	0	0	0	0	0	0	0	0	0	0	0	0	0	0	0	61	0	50	145	0	0	103	0	14	28	2015	0	0	0	0	0	0	0	0	0	8	0	0	0	0	0	0	6	0	15	0	0	0	79	0	0	0	0	0	0	0	1362	0	0	0	0	0	0	0	0	0	0	0	0	4	0	0	0	0	0	0	21	0	0	0	0	0	0	129	1108	0	0	1865	79	28	0	0	136	65	0	0	0	0	0	0	0	0	0	0	584	0	0	199	0	0	0	0	0	0	0	0	0	0	0	0	93	0	0	125	0	1106	0	0	143	159	0	0	0	0	0	0	0	42	0	0	0	0	0	0	0	0	0	0	0	0	0	0	0	276	5374	698	37	0	0	766	114	156	0	0	0	0	0	0	0	0	0	0	0	0	0	0	0	0	31	0	51	0	0	0	436	235	213	0	0	341	0	122	0	0	0	0	36	0	0	124	175	508	0	77	473	154	140	0	592	136	0	0	0	0	0	0	0	0	0	0	0	0	0	0	4	0	0	0	0	0	0	0	0	0	0	0	0	0	0	0	7	0	0	0	0	0	0	0	0	0	0	0	0	0	0	0	0	0	0	0	0	0	0	0	0	0	0	0	0	0	0	0	0	0	0	18	34	0	0	0	0	0	0	0	0	0	0	0	0	0	0	0	0	0	0	0	0	0	0	0	0	0	0	0	0	0	0	0	0	0	0	0	0	0	0	0	0	0	0	0	15	0	0	0	0	0	0	0	0	0	0	0	0	0	0	0	0	0	0	0	0	0	0	0	0	784	0	0	0	0	40	0	0	0	0	0	0	0	0	0	0	0	0	10	0	0	158	0	0	0	0	0	92	0	23	0	0	0	0
W1x2513	0	0	0	0	0	0	0	0	0	0	0	12	0	0	0	0	0	0	0	30	0	0	0	16	0	0	36	0	0	0	0	0	0	0	0	0	0	0	54	0	0	0	0	0	0	0	0	0	0	0	0	0	0	0	53	0	0	0	0	20	0	0	49	0	0	0	0	0	4	0	0	0	0	65	0	0	0	0	0	0	0	0	0	0	0	0	0	0	0	0	0	0	0	0	0	26	0	0	0	0	0	0	0	0	0	0	0	0	0	125	0	0	0	0	0	0	25	0	116	0	0	0	0	0	127	0	32	0	0	0	0	0	0	0	0	0	0	0	0	0	0	0	0	0	0	0	0	0	0	0	0	0	94	14	0	0	0	0	0	0	0	0	0	0	0	25	0	0	0	50	0	104	0	0	0	0	0	0	0	33	0	0	0	0	0	0	0	0	0	0	0	89	14	0	0	0	0	1486	79	0	0	278	52	0	65	0	0	0	96	0	0	22	129	0	0	0	0	0	0	0	0	0	0	0	0	0	0	0	0	0	0	0	0	0	0	0	0	0	0	0	0	22	0	0	0	0	0	0	0	52	0	57	82	91	242	0	0	0	0	0	0	0	0	0	0	0	440	0	0	0	0	9	22	0	20	0	492	111	0	50	511	198	298	0	104	0	0	0	0	0	0	0	0	0	0	0	0	0	0	0	0	436	0	27	39	0	0	42	0	0	0	0	0	581	0	0	0	0	0	0	0	0	205	39	92	65	347	0	115	0	0	0	0	0	0	0	0	0	0	0	0	0	0	2940	0	111	0	0	0	0	0	45	0	0	0	55	0	0	2195	365	0	0	0	8	0	0	0	0	0	0	0	0	12	0	0	69	10	0	0	0	3	0	0	0	0	0	0	0	0	0	0	0	21	24	0	0	68	59	11	0	0	44	293	333	0	0	0	0	0	235	0	78	0	0	0	0	0	0	0	0	56	402	0	233	72	681	422	0	175	87	0	0	0	0	0	0	103	0	0	0	0	0	0	0	0	0	0	0	0	0	0	0	0	0	0	0	0	0	0	0	0	447	0	529	421	82	1751	513	1279	43	404	1492	3343	194	0	0	0	0	0	0	0	0	0	0	0	0	0	0	0	0	0	0	0	0	0	0	0	0	0	0	0	86	0	0	0	0	0	0	0	0	0	0	0	0	0	0	0	0	0	0	0	0	0	0	0	0	0	0	0	0	141	0	0	0	0	0	0	0	0	0	0	0	0	0	0	0	0	0	0	0	0	0	0	0	0	0	0	0	0	0	0	24	0	0	0	0	0	0	0	0	0	0	0	0	0	0	0	0	0	0	0	0	0	0	0	0	0	0	0	0	0	0	0	0	27	30	0	754	0	0	0	0	0	0	0	0	0	0	0	0	13	0	0	0	0	0	56	0	0	0	0	0	0	0	0	4	0	0	0	0	334	0	0	0	103	1394	0	0	0	0	0	0	187	0	0	0	0	0	0	0	0	14	0	0	0	0	0	0	0	22	0	0	0	0	0	0	0	0	0	0	0	0	0	0	0	0	0	0	0	0	0	51	0	35	0	0	76	0	38	0	0	0	0	20	0	39	0	0	0	0	0	0	0	0	0	0	0	0	67	0	0	0	0	0	0	53	0	0	32	0	0	0	0	0	0	0	0	0	0	0	0	0	0	0	0	0	0	0	0	0	0	0	0	0	0	0	0	0	0	0	0	48	64	93	0	0	0	0	0	0	0	87	40	80	0	381	0	0	0	9	0	0	0	0	0	0	0	0	0	0	0	0	0	31	0	0	33	0	63	0	0	32	0	0	0	0	0	0	0	0	0	0	0	0	0	0	0	0	0	47	0	0	0	0	0	41	0	0	0	0	0	130	0	128	521	0	0	0	1935	28	63	0	0	0	33	0	30	0	0	0	0	0	0	0	0	0	0	0	0	0	0	0	0	0	0	0	0	0	237	0	0	70	361	0	0	48	0	17	0	11	0	9	0	0	0	0	0	0	0	0	0	0	122	0	0	0	21	0	6	0	0	326	111	49	0	0	0	0	17	0	0	0	0	0	0	0	0	19	0	0	0	0	0	0	0	0	0	0	0	0	0	0	0	0	0	0	0	0	0	0	0	0	0	0	0	0	0	0	0	0	0	0	0	0	0	0	0	0	0	21	0	0	0	0	0	0	44	41	0	0	0	402	0	201	0	0	121	0	0	0	0	0	0	0	0	0	0	0	0	0	0	0	5	0	0	0	0	0	0	0	0	0	0	0	228	0	0	99	40	0	70	0	0	21	0	0	0	0	0	0	28	0	0	0	0	0	0	0	0	0	0	0	0	0	0	0	0	340	1268	116	438	363	219	723	572	299	78	0	14	0	0	0	0	0	0	0	0	0	0	0	0	0	43	0	0	0	0	0	53	56	0	0	0	28	0	32	0	0	0	0	0	0	35	0	109	157	1009	398	127	276	127	0	1216	73	13	0	58	0	0	0	0	0	0	18	0	90	0	0	0	0	0	0	0	0	0	0	0	4	0	0	4	0	0	0	0	0	0	0	0	0	0	0	0	0	0	0	0	0	0	116	36	0	0	0	0	0	0	0	0	0	0	0	0	0	0	0	0	0	0	0	66	0	0	0	0	0	0	0	0	0	0	0	0	0	0	0	0	0	0	0	0	0	0	0	0	0	0	0	0	0	286	0	0	0	0	17	0	0	0	0	63	0	0	0	0	0	0	0	0	0	0	0	0	0	0	0	0	0	0	0	0	0	0	0	0	14	0	0	0	0	0	0	0	0	0	0	0	0	17	0	0	0	0	0	24	0	0	0	0	0	0	0	34	0	34	0	27	0	0	0	0	0	0
W1x2514	0	0	0	0	0	0	0	0	0	0	0	0	0	0	0	0	0	0	0	0	0	0	0	0	0	0	0	0	0	0	0	0	54	0	0	0	0	0	0	0	0	0	0	0	0	0	0	0	0	0	0	0	0	0	0	60	0	0	0	0	0	0	0	0	0	0	0	0	0	0	0	0	0	0	0	0	0	0	0	0	0	0	0	0	0	0	0	0	0	0	0	0	0	0	0	254	0	0	0	0	0	0	17	0	0	0	0	0	0	0	0	399	0	0	0	0	301	0	0	0	0	0	85	0	0	123	436	0	82	0	0	0	0	0	0	0	0	0	0	0	0	0	0	0	0	0	0	0	0	0	0	0	0	0	0	0	0	0	0	0	0	0	0	0	0	17	0	0	0	0	0	0	0	139	0	0	0	65	0	22	0	0	0	0	0	0	0	0	0	19	0	15	0	0	0	96	56	0	0	18	0	0	0	323	0	0	0	645	0	0	15	0	4	0	0	0	0	0	0	0	0	0	0	0	0	0	0	0	0	0	0	0	0	0	0	0	0	0	0	0	0	0	0	0	0	0	0	0	0	0	88	507	0	0	100	0	0	0	0	0	0	0	0	0	0	0	0	0	0	500	0	12	0	0	0	1085	0	156	0	0	730	561	21	0	0	0	0	0	0	0	0	0	0	0	0	0	0	0	0	0	0	0	0	391	449	0	0	0	0	87	0	0	0	0	0	0	0	0	0	0	298	0	0	397	0	1300	0	135	0	79	0	0	0	0	0	0	0	0	0	0	0	0	0	62	0	0	0	0	0	0	0	0	0	88	0	0	0	0	0	0	0	273	0	0	554	0	0	0	0	0	0	0	0	0	0	0	0	0	0	0	0	0	0	0	0	0	0	0	29	0	0	0	0	0	0	0	0	0	0	0	0	289	0	391	0	134	0	0	0	0	0	0	0	0	0	0	0	0	0	0	72	691	569	2472	0	107	440	2256	577	232	0	0	0	0	27	0	0	0	0	0	0	0	0	0	0	0	0	0	0	0	0	0	0	0	0	0	0	0	0	0	0	0	0	51	1720	0	8190	5052	6276	0	812	1042	1941	0	0	0	0	0	15	228	0	0	0	0	0	0	0	0	0	0	0	0	0	0	0	0	0	0	0	0	0	0	0	0	0	0	0	0	0	0	0	0	0	0	0	0	0	0	0	0	0	0	0	0	25	0	0	0	0	0	0	0	0	0	98	0	0	0	0	0	0	0	0	0	0	0	0	0	0	0	0	0	0	0	0	0	0	0	0	0	155	0	0	37	0	0	0	0	0	0	0	0	0	0	0	0	0	0	0	0	0	0	70	0	0	0	0	0	0	0	0	0	0	0	0	0	0	0	0	0	0	0	0	0	37	0	0	0	0	0	0	0	0	0	0	0	0	0	0	0	0	0	0	0	0	0	492	0	0	234	0	0	0	0	0	0	0	0	0	0	0	0	0	0	0	0	0	0	0	0	0	0	0	0	0	0	0	0	0	0	0	0	0	0	0	0	0	0	0	0	0	0	0	0	0	0	0	0	0	0	0	18	0	0	0	0	0	0	0	0	0	0	0	0	0	185	0	0	0	0	0	0	0	0	30	0	0	0	0	0	0	0	0	0	0	25	0	46	0	0	0	0	68	0	26	0	0	0	0	0	0	0	0	0	0	0	0	0	0	0	0	0	0	0	0	0	0	0	0	0	0	28	0	0	0	0	0	0	0	0	0	0	0	0	0	0	0	0	0	0	0	0	0	0	0	0	0	0	0	0	0	0	0	0	0	0	0	0	0	0	0	0	0	0	45	0	0	0	0	0	0	0	0	0	0	0	0	0	0	26	0	0	0	0	0	0	0	0	0	0	39	0	0	0	0	0	0	0	30	0	0	0	0	0	216	0	534	0	0	0	0	0	0	0	0	0	0	0	0	0	0	0	0	0	0	0	35	0	0	0	0	0	0	0	0	0	0	91	0	7	0	0	0	0	0	0	0	0	0	0	0	0	0	0	0	0	0	0	0	0	0	0	946	149	0	0	0	0	0	46	193	0	0	0	0	0	0	0	0	0	0	0	0	0	0	0	0	0	0	0	233	0	104	0	0	0	0	0	0	0	0	0	0	28	0	0	0	0	0	0	0	0	0	0	0	0	0	0	0	0	0	0	0	0	0	0	0	0	0	0	0	0	432	0	0	0	0	0	0	19	0	0	0	0	0	0	0	0	325	0	0	0	0	0	17	0	0	0	0	0	0	0	0	0	0	0	0	51	0	0	0	0	0	0	0	0	0	0	0	0	0	0	0	0	0	0	65	0	0	0	0	0	0	0	0	0	0	9	135	283	0	0	0	578	0	562	0	0	0	0	0	0	0	0	0	0	0	0	0	0	0	0	0	0	0	0	0	0	0	0	0	0	0	11	0	0	0	0	0	0	0	0	0	167	215	15	0	1247	419	0	0	0	187	511	0	0	0	0	0	0	0	0	0	0	0	0	0	0	0	0	0	0	0	0	0	0	0	0	0	0	0	0	0	0	0	0	0	0	0	0	0	0	0	0	0	0	0	0	0	0	0	0	0	0	0	0	0	0	0	0	0	0	0	0	0	0	0	100	0	0	0	0	0	0	0	0	0	0	0	0	0	0	0	0	0	0	0	0	0	0	0	0	0	0	0	0	0	0	0	0	0	0	0	0	0	0	0	0	0	0	0	0	0	0	0	0	0	0	0	0	0	0	0	0	0	0	0	0	5	0	0	0	0	0	0	23	0	0	0	0	0	0	0	0	0	0	0	20	0	0	100	0	0	0	0	0	0	0	0	0	0	0	0	32	0	0	78	0	173	0	0	0	0
W1x2515	0	0	0	0	0	0	0	0	0	0	0	0	0	0	0	0	33	0	0	0	0	0	0	0	0	0	0	0	0	0	0	0	0	0	0	0	0	0	0	0	0	0	0	0	0	0	0	0	0	0	0	0	0	0	0	98	0	0	0	0	0	0	0	0	0	0	0	0	0	0	0	0	0	0	0	0	0	0	0	0	0	0	0	0	0	0	0	0	0	0	0	0	0	29	0	0	0	2	0	0	0	0	0	0	0	0	0	0	0	0	0	0	0	0	0	0	0	66	0	0	0	0	46	0	0	131	0	0	211	0	0	199	0	0	0	0	0	0	0	0	0	0	0	0	0	0	0	0	0	0	0	0	0	0	0	0	0	0	0	0	0	0	0	0	0	0	0	0	0	0	3	0	869	97	0	0	0	76	0	51	0	0	0	0	0	0	0	0	0	0	0	0	0	0	0	0	0	0	0	0	0	0	0	216	34	0	0	0	0	0	0	0	0	0	0	0	0	0	0	0	0	0	0	0	0	0	0	8	0	0	0	0	0	0	103	0	0	0	0	0	0	0	0	0	0	0	0	0	0	0	0	224	0	0	102	0	0	0	0	0	0	0	0	0	0	0	0	0	0	229	0	0	0	0	119	158	0	902	355	1428	34	670	10	584	0	0	0	0	0	0	0	0	0	0	0	0	0	0	0	0	0	0	0	0	111	0	781	0	0	0	0	0	0	0	0	0	0	694	0	0	0	126	38	479	149	490	0	80	0	451	0	0	0	0	0	0	0	0	0	0	0	0	0	0	0	247	0	0	0	0	0	0	0	0	0	0	0	0	10	0	0	0	0	0	0	0	0	0	0	0	0	0	0	0	0	0	0	0	0	0	0	0	0	0	0	0	0	0	0	0	0	0	0	0	0	0	0	0	0	0	186	0	0	234	0	294	47	0	0	0	0	0	70	0	0	0	0	0	16	0	1052	602	1685	2805	596	113	31	710	0	1440	0	0	0	0	21	0	0	0	12	11	0	0	0	0	13	0	0	0	0	0	0	0	0	0	0	519	0	0	0	0	0	0	142	436	4462	43	819	2353	0	0	1805	1486	847	0	0	0	0	0	15	0	0	0	0	0	0	0	0	0	15	0	63	0	0	0	0	0	0	0	19	0	0	0	0	0	0	0	0	0	0	0	0	0	0	0	0	0	0	54	0	0	0	0	0	0	16	0	0	0	0	0	0	0	0	0	138	0	0	0	0	0	0	0	0	0	0	0	26	0	0	0	0	0	0	0	0	0	0	0	0	0	0	0	0	20	0	0	0	0	0	0	0	0	0	0	0	0	0	0	0	0	0	119	0	0	0	0	0	0	0	0	0	0	0	0	0	0	0	0	0	0	0	0	0	0	7	0	0	0	0	0	0	0	0	0	0	0	0	0	0	0	0	0	0	0	0	0	0	0	436	226	0	0	0	0	0	0	0	0	0	0	0	0	0	0	0	0	0	0	0	0	0	0	0	0	0	0	0	0	86	0	0	0	0	0	0	0	0	41	0	0	0	0	0	0	0	0	0	0	0	0	0	106	0	0	0	0	157	0	48	342	0	21	0	0	0	0	0	0	0	0	0	0	0	0	54	0	0	0	0	0	0	0	0	0	0	0	0	57	0	0	333	0	61	0	35	8	0	0	0	0	0	15	0	0	0	0	0	0	0	0	0	0	0	0	0	0	0	0	0	0	0	33	135	0	0	0	0	0	0	25	0	192	0	0	0	0	0	0	0	0	0	0	0	0	0	0	0	0	0	0	0	0	0	0	0	0	0	0	0	0	0	0	0	0	291	0	0	0	0	0	0	0	0	0	0	0	0	178	0	0	0	0	0	6	0	0	76	0	0	0	38	287	0	0	11	0	0	0	263	0	0	0	0	0	0	0	162	0	0	0	0	0	0	0	0	0	0	0	0	0	0	0	0	0	0	0	20	0	0	0	0	0	0	0	0	0	0	163	0	0	0	0	0	0	0	0	0	0	0	0	0	0	0	0	666	0	0	42	0	0	0	0	0	1001	0	0	674	0	343	0	116	0	0	0	0	0	0	0	0	0	0	0	0	0	0	0	0	0	0	0	0	205	783	0	0	0	0	0	0	0	11	0	0	29	0	0	0	0	0	0	0	0	0	3	0	0	0	0	0	0	21	0	0	0	0	0	0	0	0	0	0	127	406	0	0	0	0	312	7	0	0	0	0	0	0	0	0	0	0	0	0	8	0	0	0	0	0	0	0	0	0	0	0	0	0	0	0	405	841	0	0	0	0	184	0	0	0	0	0	0	0	0	0	0	0	0	0	0	0	0	0	0	0	0	0	0	0	1401	76	2080	534	489	0	2718	2447	751	0	0	0	0	0	0	0	0	0	0	0	0	0	0	0	0	87	0	0	0	0	0	10	9	0	0	0	0	0	0	0	0	0	0	33	0	0	0	0	0	0	587	411	0	0	2940	811	823	60	0	0	0	0	0	0	0	0	0	0	0	0	0	0	0	0	32	0	0	0	0	0	0	0	0	0	0	0	0	0	0	0	0	0	0	0	0	0	0	0	0	0	0	0	0	0	0	0	0	0	0	0	0	0	12	0	0	0	0	0	0	0	37	0	0	0	0	0	0	0	0	0	0	0	0	0	0	0	0	0	0	0	0	0	0	0	0	0	0	0	0	0	0	0	0	0	0	0	0	0	0	0	0	0	0	0	0	0	0	0	0	0	0	0	0	0	0	0	0	0	0	0	0	0	0	0	48	0	0	0	0	0	0	0	207	0	0	0	0	0	0	0	36	8	0	0	0	0	0	0	0	0	0	0	0	0	0	35	0	0	0	40	85	0	0	0	0	0
W1x2516	0	0	0	0	0	0	0	0	0	0	0	0	0	0	0	0	0	0	0	0	0	0	14	0	0	0	0	0	0	0	0	0	6	0	0	0	0	0	0	0	0	0	0	0	0	0	0	0	0	0	0	0	0	0	0	19	0	0	0	0	9	0	0	0	0	0	113	0	0	0	0	0	0	0	0	0	0	0	0	0	0	0	0	0	0	0	0	0	0	0	0	20	0	12	0	40	36	22	0	0	0	0	0	0	0	0	0	0	0	0	0	0	0	0	0	0	0	192	202	35	12	0	82	0	12	14	230	140	0	0	0	0	0	0	0	0	0	0	0	0	0	0	0	0	0	0	0	0	0	0	0	0	0	0	0	0	0	0	0	0	0	0	0	0	0	0	0	0	0	0	0	0	0	0	0	0	0	0	0	0	0	0	0	0	0	0	0	0	0	0	0	45	12	0	0	0	0	0	391	0	147	0	0	37	196	0	0	0	0	53	0	38	0	0	0	113	0	0	0	0	0	0	0	0	0	0	0	3	0	0	0	0	0	0	0	0	0	0	0	0	0	0	0	0	0	0	0	25	0	95	169	126	57	83	108	88	0	0	0	0	0	0	0	0	0	0	282	0	0	0	0	38	0	41	36	0	464	380	150	436	0	609	424	515	182	0	0	0	0	0	0	0	0	0	0	0	0	0	0	0	0	0	0	72	90	0	54	0	0	0	0	0	0	0	0	0	0	45	0	333	0	33	0	453	458	336	0	506	0	134	0	5	0	0	0	0	0	0	0	0	0	2	0	0	0	193	0	0	0	0	0	0	0	0	0	0	0	77	0	0	0	0	0	0	24	27	0	0	0	0	0	0	0	0	0	0	0	0	0	0	15	0	0	0	0	0	0	0	17	0	0	0	53	0	0	0	29	0	0	440	125	101	47	0	0	48	0	0	0	0	0	0	0	25	0	0	0	0	98	0	115	0	301	0	369	872	1067	1747	1359	400	0	83	0	0	62	0	0	0	0	0	0	0	0	0	22	0	0	0	0	0	0	0	0	0	0	0	18	0	0	0	0	30	0	31	1820	21	2064	1592	4313	0	6243	2458	1483	0	0	0	0	0	0	0	0	0	0	0	0	0	0	0	0	0	0	0	0	0	0	0	0	0	37	0	0	0	0	0	0	0	0	36	0	0	0	0	0	0	0	0	0	0	0	0	0	0	2	0	0	0	0	0	0	0	0	0	0	0	0	0	39	0	0	0	0	0	0	0	0	0	0	0	0	0	0	0	0	0	0	0	16	0	0	0	68	60	844	20	0	0	0	0	0	0	0	19	0	4	0	17	0	0	0	0	0	0	0	0	0	0	0	0	0	0	0	0	0	0	41	0	0	0	0	0	0	0	0	0	0	0	0	0	0	0	27	0	0	0	0	12	0	0	0	0	0	0	0	0	0	0	0	0	0	34	68	0	0	92	7	0	0	0	0	0	0	46	0	0	0	0	0	0	0	0	0	0	0	0	0	0	0	0	0	0	0	0	0	0	0	0	0	25	0	0	0	0	0	0	0	0	0	0	0	0	0	0	0	9	0	0	0	0	0	0	90	0	0	25	0	31	0	0	0	0	0	0	0	0	0	0	0	0	0	0	0	0	0	0	0	0	0	0	0	0	0	0	0	0	0	0	0	0	0	0	0	0	0	0	0	0	0	0	0	0	0	0	0	0	0	0	0	8	0	0	0	17	0	0	0	0	0	0	0	10	0	0	17	0	0	0	0	0	0	0	0	0	0	0	0	0	0	0	0	0	0	0	0	0	0	0	70	55	0	0	0	0	0	0	0	0	0	0	0	0	0	0	0	0	0	0	12	0	0	0	0	0	0	0	15	0	0	0	0	0	24	13	0	0	0	0	0	383	0	0	0	0	0	0	0	0	321	0	0	0	0	0	0	0	0	0	0	0	0	0	0	0	0	0	0	0	0	5	0	0	0	0	0	0	0	54	0	130	6	0	0	0	0	0	0	0	0	0	0	0	0	0	0	0	0	0	66	0	0	0	0	124	576	944	0	590	0	490	664	90	214	0	0	0	0	0	0	0	0	0	0	0	0	0	0	0	0	27	0	0	209	55	0	52	0	0	0	0	0	0	0	0	0	0	0	0	0	0	0	0	0	0	0	0	0	0	0	0	0	0	0	0	0	0	23	0	0	257	253	0	0	87	47	0	0	0	139	303	0	0	0	0	0	0	0	0	0	0	0	0	0	19	0	0	0	0	0	0	0	0	0	0	0	0	33	0	0	0	201	0	0	335	0	184	0	0	0	0	0	0	171	0	0	0	0	0	0	0	0	0	0	0	0	0	0	0	0	1253	2391	2469	394	730	0	228	2206	795	0	0	33	0	0	0	0	0	0	6	0	0	0	0	0	0	170	0	0	0	0	13	17	30	25	0	0	215	0	110	0	0	0	0	3	0	0	0	735	138	0	108	605	32	274	0	0	517	0	0	0	0	0	0	0	0	0	0	0	0	105	0	0	0	0	0	0	0	0	0	0	4	0	0	0	9	0	0	0	0	0	0	0	0	0	36	0	0	0	0	0	0	0	0	0	0	0	0	0	0	0	0	0	0	0	0	0	0	0	0	0	0	0	0	0	0	0	0	0	0	0	0	0	0	0	0	0	0	0	0	0	0	0	0	0	0	0	0	0	0	0	0	0	0	0	0	0	0	0	0	0	0	0	76	0	0	0	0	0	0	0	0	0	0	0	0	0	0	0	0	124	0	0	0	0	0	0	0	0	36	0	0	0	0	0	0	0	0	0	0	0	12	17	26	0	0	0	0	0	0	0	0	0	0	119	26	82	292	0	0	0	101	312	0	0	0	0